Barcode/UPC,Album Title,Artist,Year,Genre,Style,Channels,RPM,Disc Size,# of Tracks,# of Discs,CAT#,Runout#,Loc,Cntry,Vinyl Condition,Jacket Condition,Low Value,Estimated Value,High Value,Record Label,Notes,Added or Updated on,Updated By,Image Path,Back Image Path
LP7410001,ABBA,ABBA,1975,Rock,Pop,Stereo,33.33333333,"12""",11,1,SD 1846,,Top Shelf,USA,Good Plus (G+),Good Plus (G+),1.94,8.52,109.9,Atlantic Recording Corporation,,"Monday, 02/05/2024 @ 04:55:59 PM",C Jeremy Kucera,K:\Album Art\ABBA\ABBA.jpg,
LP7410020,The Album,ABBA,1978,Rock,Pop,Stereo,33.33333333,"12""",9,1,SD 19164,,Top Shelf,USA,Very Good Plus (VG+),Very Good (VG),2.02,7.74,20,Atlantic,,"Monday, 02/05/2024 @ 03:23:58 PM",C Jeremy Kucera,K:\Album Art\ABBA\The Album.jpg,
888751006416,The Sign,Ace Of Base,1993 / 2015,Rock,Pop,Stereo,33.33333333,"12""",12,1, 88875-100641-3,,Top Shelf,USA,Good Plus (G+),Good Plus (G+),20,41,81.25,Mega Records / Sony Music Entertainment,,"Monday, 02/05/2024 @ 03:38:48 PM",C Jeremy Kucera,K:\Album Art\Ace of Base\The Sign.jpg,
886974469919,21,Adele,2011,Rock,Pop,Stereo,33.33333333,"12""",11,1,,,Top Shelf,USA,Near Mint (NM/M-),Near Mint (NM/M-),10,27.98,44.99,XL Recordings / Columbia Records,,"Saturday, 06/22/2024 @ 04:52:10 PM",C Jeremy Kucera,K:\Album Art\Adele\21.jpg,
888751767713,25,Adele,2015,Rock,Pop,Stereo,33.33333333,"12""",11,1,,,Top Shelf,USA,Near Mint (NM/M-),Near Mint (NM/M-),7.99,20.5,43.96,XL Recordings / Columbia Records,,"Saturday, 06/22/2024 @ 04:52:23 PM",C Jeremy Kucera,K:\Album Art\Adele\25.jpg,
077771211010,Anne Murray's Greatest,Anne Murray,1980,Country,,Stereo,33.33333333,"12""",10,1,SOO-12110,,Top Shelf,USA,Very Good (VG),Very Good (VG),0.99,3.96,10,Capitol,,"Monday, 02/05/2024 @ 04:56:15 PM",C Jeremy Kucera,K:\Album Art\Anne Murray\Greatest Hits.jpg,
LP7410005,New Kind Of Feeling,Anne Murray,1979,Country,,Stereo,33.33333333,"12""",10,1,,,Top Shelf,USA,Very Good (VG),Good (G),0.37,2,32,Capitol Records,,"Monday, 02/05/2024 @ 04:56:23 PM",C Jeremy Kucera,K:\Album Art\Anne Murray\A New Kind of Feeling.jpg,
078635558012,"The Complete Artie Shaw, Volume VII / 1939-1945 Retrospective",Artie Shaw,1981,Jazz,,Stereo,33.33333333,"12""",36,2,AXM2-5580,,Top Shelf,USA,Very Good (VG),Very Good Plus (VG+),1.12,3.92,14.98,RCA,,"Monday, 02/05/2024 @ 04:56:31 PM",C Jeremy Kucera,K:\Album Art\Artie Shaw\The Comlete Artie Shaw.jpg,
602537478545,Bad Blood,Bastille,2013,Alternative,,Stereo,33.33333333,"12""",12,1,,,Top Shelf,USA,Near Mint (NM/M-),Very Good Plus (VG+),7,15.02,69,Virgin Records,,"Monday, 02/05/2024 @ 04:56:37 PM",C Jeremy Kucera,K:\Album Art\Bastille\Bad Blood.jpg,
LP7410021,The Divine Miss M,Bette Midler,1972,Pop,,Stereo,33.33333333,"12""",10,1,SD 7238A,,Top Shelf,USA,Very Good (VG),Very Good (VG),0.01,2.36,6.16,Atlantic,,"Monday, 02/05/2024 @ 04:56:42 PM",C Jeremy Kucera,K:\Album Art\Bette Midler\The Divine Miss M.jpg,
075992416412,Cher,Cher,1987,Pop,,Stereo,33.33333333,"12""",10,1,,,Top Shelf,USA,Very Good (VG),Very Good (VG),4.35,9.54,30,Geffen Records,,"Monday, 02/05/2024 @ 04:56:47 PM",C Jeremy Kucera,K:\Album Art\Cher\Cher.jpg,
724354050411,A Rush Of Blood To The Head,Coldplay,2002,Pop,,Stereo,33.33333333,"12""",11,1,,,Top Shelf,USA,Near Mint (NM/M-),Near Mint (NM/M-),17,26.89,33.64,Atlantic / Parlophone,,"Monday, 02/05/2024 @ 04:56:51 PM",C Jeremy Kucera,K:\Album Art\Coldplay\A Rush Of Blood To The Head.jpg,
724384960612,Discovery,Daft Punk,2001,EDM,,Stereo,33.33333333,"12""",14,2,,,Top Shelf,USA,Near Mint (NM/M-),Near Mint (NM/M-),17.99,34.82,54.24,Parolophone / Warner Music,,"Monday, 02/05/2024 @ 04:56:56 PM",C Jeremy Kucera,K:\Album Art\Daft Punk\Discovery.jpg,
602537534951,Goodbye Yellow Brick Road,Elton John,2014,Pop,,Stereo,33.33333333,"12""",18,2,,,Top Shelf,USA,Near Mint (NM/M-),Near Mint (NM/M-),25,35.25,43.03,Mercury Records,,"Monday, 02/05/2024 @ 04:57:01 PM",C Jeremy Kucera,K:\Album Art\Elton John\Goodby Yellow Brick Road.jpg,
LP7410016,Capitan Fantastic and The Brown Dirt Cowboy,Elton John,1975,Pop,,Stereo,33.33333333,"12""",10,1,MCA-2142,,Top Shelf,USA,Very Good (VG),Very Good (VG),0.99,7.86,26.4,MCA Records,,"Monday, 02/05/2024 @ 04:57:06 PM",C Jeremy Kucera,K:\Album Art\Elton John\Capitan Fantastic and The Brown Dirt Cowboy.jpg,
LP7410010,Greatest Hits Volume II,Elton John,1976,Pop,,Stereo,33.33333333,"12""",10,1,MCA-5225,,Top Shelf,USA,Very Good Plus (VG+),Very Good (VG),1.27,5.43,31.58,MCA Records,,"Saturday, 01/27/2024 @ 12:08:26 PM",C Jeremy Kucera,K:\Album Art\Elton John\Elton John Greatest Hits Vol II.jpg,
LP7410017,Rock Of The Westies,Elton John,1975,Pop,,Stereo,33.33333333,"12""",9,1,MCA-2163,,Top Shelf,USA,Very Good (VG),Very Good (VG),1.18,4.53,31.52,MCA Records,,"Saturday, 01/27/2024 @ 12:08:53 PM",C Jeremy Kucera,K:\Album Art\Elton John\Rock of the Westies.jpg,
LP7410018,Blue Moves,Elton John,1975,Pop,,Stereo,33.33333333,"12""",18,2,MCA2-11004,,Top Shelf,USA,Very Good Plus (VG+),Very Good Plus (VG+),2,5.72,31.52,MCA Records,Has clear protective jacket sleeve.,"Saturday, 01/27/2024 @ 12:09:12 PM",C Jeremy Kucera,K:\Album Art\Elton John\Blue Moves.jpg,
LP7410002,Caribou,Elton John,1974,Pop,,Stereo,33.33333333,"12""",10,1,,,Top Shelf,USA,Very Good Plus (VG+),Fair (F),1.37,4.22,17.99,MCA Records,,"Saturday, 01/27/2024 @ 12:09:31 PM",C Jeremy Kucera,K:\Album Art\Elton John\Caribou.jpg,
LP7410015,Here And There,Elton John,1976,Rock,,Stereo,33.33333333,"12""",9,1,MCA-2197,,Top Shelf,USA,Very Good (VG),Very Good (VG),0.72,0.72,0.72,MCA Records,,"Saturday, 01/27/2024 @ 12:10:28 PM",C Jeremy Kucera,K:\Album Art\Elton John\Here and There.jpg,
LP7410013,Escape (Remixes),Enrique Iglesias,2002,General Electronic,,Stereo,33.33333333,"12""",,2,,,Top Shelf,USA,Fair (F),No Jacket,1.5,3,6.04,Interscope Records,,"Saturday, 01/27/2024 @ 12:10:50 PM",C Jeremy Kucera,,
022924600616,Watermark,Enya,1988,New Age,,Stereo,33.33333333,"12""",12,1,,,Top Shelf,USA,Very Good Plus (VG+),Very Good Plus (VG+),2.52,7.49,29.99,WEA Records Ltd.,,"Saturday, 01/27/2024 @ 12:11:13 PM",C Jeremy Kucera,K:\Album Art\Enya\Watermark.jpg,
090204987481,Sleep Walkers Dream,Erazor,2002,Euro House,,Stereo,33.33333333,"12""",2,1,LC 06437,SFT 0199-12,Top Shelf,Germany,Good Plus (G+),Good Plus (G+),12,12,12,Shift Music,"12"", Maxi, S/Edition

Italio Dance Import
Powered by Club Inferno
Whitelabel, for DJ's Only!","Sunday, 01/21/2024 @ 05:35:54 PM",C Jeremy Kucera,K:\Album Art\Erazor\Sleepwalkers_Dream.jpg,
617465124563,Call On Me,Eric Prydz,2004,House,,Stereo,33.33333333,"12""",4,1,UL 1245-6,,Top Shelf,USA,Very Good Plus (VG+),Very Good Plus (VG+),5,28.44,79.99,Ultra Records,,"Saturday, 01/27/2024 @ 11:56:46 AM",C Jeremy Kucera,K:\Album Art\Eric Pryds\Call On Me.jpg,
LP7410027,I Wish I Was Eighteen Again,George Burns,1980,Folk,,Stereo,33.33333333,"12""",10,1,SRM-1-5025,,Top Shelf,USA,Very Good Plus (VG+),Good (G),0.5,1.5,12,Mercury Records,,"Saturday, 01/27/2024 @ 10:18:59 AM",C Jeremy Kucera,K:\Album Art\George Burns\I Wish I Was Eighteen Again.jpg,
LP7410003,Winter Into Spring (Solo Piano),George Winston,1982,Other,,Stereo,33.33333333,"12""",9,1,,,Top Shelf,USA,Very Good (VG),Fair (F),0.99,3.3,21.99,Windham Hill Records,,"Saturday, 01/27/2024 @ 12:11:42 PM",C Jeremy Kucera,K:\Album Art\George Winston\Winter Into Spring.jpg,
098707763113,Turn The Beat Around (Mixes),Gloria Estefan,1994,Dance,,Stereo,33.33333333,"12""",4,1,,,Top Shelf,USA,Very Good Plus (VG+),Very Good Plus (VG+),1,3.99,16.46,Warner Bros.,,"Saturday, 01/27/2024 @ 12:12:01 PM",C Jeremy Kucera,K:\Album Art\Gloria Estefan\Turn the Beat Around.jpg,
888430999619,Hozier,Hozier,2014,Alternative,,Stereo,33.33333333,"12""",13,2,,,Top Shelf,USA,Near Mint (NM/M-),Near Mint (NM/M-),20,29.38,35.09,Columbia,,"Saturday, 01/27/2024 @ 11:54:30 AM",C Jeremy Kucera,K:\Album Art\Hozier\Hozier.jpg,
044001567216,Rapture (Tastes So Sweet) Remixes,IIO,2002,Dance,,Stereo,33.33333333,"12""",4,1,,,Top Shelf,USA,Very Good Plus (VG+),Good Plus (G+),5,19.08,30,Universal Records,,"Saturday, 01/27/2024 @ 12:03:08 PM",C Jeremy Kucera,K:\Album Art\IIO\Rapture.jpg,
602537158904,Night Visions,Imagine Dragons,2012,Pop,,Stereo,33.33333333,"12""",11,1,,,Top Shelf,USA,Near Mint (NM/M-),Near Mint (NM/M-),4.99,14.94,25,Columbia Records,,"Saturday, 01/27/2024 @ 12:12:25 PM",C Jeremy Kucera,K:\Album Art\Imagine Dragons\Night Visions.jpg,
711574820610,Blue Wicked,Jeremy Heiden,2017,Multi-Genre,,Stereo,33.33333333,"12""",15,2,20V77CCM,,Top Shelf,USA,Near Mint (NM/M-),Near Mint (NM/M-),25,35,45,Jeremy Heiden Music Publishing,No. 000047,"Sunday, 01/21/2024 @ 05:36:23 PM",C Jeremy Kucera,K:\Album Art\Jeremy Heiden\BlueWicked.jpg,
5099968460112,Teenage Dream,Katie Perry,2010,Pop,,Stereo,33.33333333,"12""",12,2,,,Top Shelf,USA,Mint (M),Mint (M),25,37.25,56.36,Columbia Records,,"Sunday, 01/21/2024 @ 05:58:15 PM",C Jeremy Kucera,K:\Album Art\Katie Perry\Teenage Dream.jpg,
768697208214,Burn For You 12-Inch Single,Kreo,2003,Dance,,Stereo,33.33333333,"12""",4,1,76869-72082-1A,,Top Shelf,USA,Near Mint (NM/M-),Near Mint (NM/M-),1.13,5,6,Robbins Entertainment / BMG,,"Saturday, 01/27/2024 @ 12:12:49 PM",C Jeremy Kucera,K:\Album Art\Kreo\Burn For You 12inch Single.jpg,
LP7410028,This Is A Recording,Lily Tomlin,1971,Comedy,,Stereo,33.33333333,"12""",17,1,24-4055,,Top Shelf,USA,Very Good Plus (VG+),Very Good Plus (VG+),0.76,2.5,12.94,Polydor,,"Saturday, 01/27/2024 @ 12:13:13 PM",C Jeremy Kucera,K:\Album Art\Lily Tomlin\This Is A Recording.jpg,
093624963189,A Thousand Suns,Linkin Park,2010,Alternative,,Stereo,33.33333333,"12""",15,2,,,Top Shelf,USA,Near Mint (NM/M-),Near Mint (NM/M-),19.99,34.74,97.83,Warner Bros. Records,,"Saturday, 01/27/2024 @ 11:53:58 AM",C Jeremy Kucera,K:\Album Art\Linkin Park\AThousandSuns.jpg,
050109615810,Dancing On The Ceiling,Lionel Richie,1986,Pop,,Stereo,33.33333333,"12""",8,1,,,Top Shelf,USA,Good (G),Good (G),1.09,6,24.5,Motown Records Corporation,,"Saturday, 01/27/2024 @ 12:13:36 PM",C Jeremy Kucera,K:\Album Art\Lionel Richie\Dancing On The Ceiling.jpg,
888430813519,Don't Kill The Magic,Magic!,2014,Other,,Stereo,33.33333333,"12""",11,1,,,Top Shelf,Canada,Near Mint (NM/M-),Near Mint (NM/M-),8,39.99,59.99,Sony Music Entertainment Itnl.,,"Sunday, 01/21/2024 @ 05:42:11 PM",C Jeremy Kucera,K:\Album Art\Magic\Don't Kill The Magic.jpg,
LP7410006,Dream A Little Dream,Mama Cass,1971,Pop,,Stereo,33.33333333,"12""",12,1,DS-50040,,Top Shelf,USA,Very Good (VG),Good (G),1.5,4,29.41,Dunhill Records,,"Saturday, 01/27/2024 @ 12:13:59 PM",C Jeremy Kucera,K:\Album Art\Mama Cass\Dream A Little Dream.jpg,
LP7410024,Latin Rendezvous,Mantovani And His Orchestra,1963,Jazz,,Mono,33.33333333,"12""",12,1,PS 295,,Top Shelf,USA,Very Good Plus (VG+),Good (G),1.12,2,5.59,London Records,,"Saturday, 01/27/2024 @ 12:14:19 PM",C Jeremy Kucera,K:\Album Art\Mantovani and His Orchestra\Latin Rendezvous.jpg,
825646865475,Resistance,Muse,2009,Alternative,,Stereo,33.33333333,"12""",11,2,,,Top Shelf,USA,Near Mint (NM/M-),Near Mint (NM/M-),18,27.33,39.95,Warner Brothers Entertainment,,"Saturday, 01/27/2024 @ 11:54:46 AM",C Jeremy Kucera,K:\Album Art\Muse\The Resistance.jpg,
LP7410023,"Music For The Royal Fireworks / Concerto Grosso ""Alexander's Feast"" / Ouverture In D",Neville Marriner - Academy Of St. Martin-in-the-Fields,1980,Classical,,Mono,33.33333333,"12""",9,1,9500 768,,Top Shelf,Europe,Very Good (VG),Very Good (VG),1.12,5.14,10,Philips,,"Saturday, 01/27/2024 @ 12:16:02 PM",C Jeremy Kucera,K:\Album Art\Neville Marriner\Music for the Royal Fireworks.jpg,
077771116315,Darkside of the Moon,Pink Floyd,1973,Pop,,Stereo,33.33333333,"12""",10,1,,,Top Shelf,USA,Very Good Plus (VG+),Very Good Plus (VG+),15,30,101.28,Sony Music,,"Saturday, 01/27/2024 @ 11:53:26 AM",C Jeremy Kucera,K:\Album Art\Pink Floyd\Darkside Of The Moon.jpg,
050087470647,Greatest Hits,Queen,2011/2016,Rock,,Stereo,33.33333333,"12""",17,2,,,Top Shelf,USA,Mint (M),Mint (M),11,20.48,40.49,Holywood Records,,"Saturday, 01/27/2024 @ 12:00:20 PM",C Jeremy Kucera,K:\Album Art\Queen\Greatest Hits.jpg,
DP741-01,Dance Party,Readers Digest,1976,Multi-Genre,,Stereo,33.33333333,"12""",98,8,,,Bin A,USA,Good (G),Good (G),5,10,15,RCA Custom/Readers Digest,,"Sunday, 01/21/2024 @ 05:38:43 PM",C Jeremy Kucera,K:\Album Art\Various\Readers Digest Dance Party.jpg,
LP7410022,Sooner Or Later,Rex Smith,1979,Pop,,Stereo,33.33333333,"12""",10,1,JC 35813,,Top Shelf,USA,Very Good Plus (VG+),Very Good Plus (VG+),0.99,2.6,8.5,Columbia,,"Saturday, 01/27/2024 @ 12:17:07 PM",C Jeremy Kucera,K:\Album Art\Rex Smith\Sooner Or Later.jpg,
602537691708,In The Lonely Hour,Sam Smith,2014,Pop,,Stereo,33.33333333,"12""",14,1,,,Top Shelf,USA,Near Mint (NM/M-),Near Mint (NM/M-),10,25.91,41.67,Capitol Records,,"Saturday, 01/27/2024 @ 11:58:56 AM",C Jeremy Kucera,K:\Album Art\Sam Smith\In The Lonely Hour.jpg,
8718469539406,Surfacing,Sarah McLachlan,1997,Pop,,Stereo,33.33333333,"12""",10,1,,,Top Shelf,USA,Near Mint (NM/M-),Near Mint (NM/M-),22,29.35,41.79,Sony Music,,"Saturday, 01/27/2024 @ 11:55:55 AM",C Jeremy Kucera,K:\Album Art\Sarah McLaghlan\Surfacing.jpg,
LP7410014,Cry For You,September,2008,Trance,,Stereo,33.33333333,"12""",4,1,H2B03P1,,Top Shelf,USA,Very Good (VG),Very Good (VG),18.51,32.71,60.49,Hard2Beat Records,Promo,"Saturday, 01/27/2024 @ 11:57:31 AM",C Jeremy Kucera,K:\Album Art\September\Cry For You.jpg,
LP7410004,The Two Of Us,Sonny & Cher,1972,Pop,,Stereo,33.33333333,"12""",24,2,,,Top Shelf,USA,Very Good (VG),Very Good (VG),0.99,3.5,19.99,Atco Records,,"Saturday, 01/27/2024 @ 12:17:38 PM",C Jeremy Kucera,K:\Album Art\Sonny & Cher\The Two Of Us.jpg,
075021670211,Paris,Supertramp,1980,Rock,,Stereo,33.33333333,"12""",16,3,SP-6702,,Top Shelf,USA,Very Good Plus (VG+),Very Good Plus (VG+),1.5,7.99,32.97,A&M Records,,"Saturday, 01/27/2024 @ 12:18:01 PM",C Jeremy Kucera,K:\Album Art\Supertramp\Paris.jpg,
LP7410012,Bavarian Yodeling Songs and Polkas,The Bavarian Yodeling Club,1975,Polka,,Mono,33.33333333,"12""",12,1,OL-6115,,Top Shelf,USA,Near Mint (NM/M-),Poor (P),1.5,2.25,7.3, Olympic Records,,"Saturday, 01/27/2024 @ 12:18:36 PM",C Jeremy Kucera,K:\Album Art\The Bavarian Yodeling Club\BavarianYodelingSongsandPolkas.jpg,
LP7410029,Happy Feet,The Chicago Cellar Boys,2019,Jazz,,Stereo,33.33333333,"12""",4,1,596,,Top Shelf,USA,Near Mint (NM/M-),Near Mint (NM/M-),16,49.85,83.7,Rivermont Records,"10"" Limited Edition Stereo 78 RPM
Microgroove - Do not use a 78 RPM record needle","Saturday, 01/27/2024 @ 11:41:54 AM",C Jeremy Kucera,K:\Album Art\Rivermont Records\Happy Feet.jpg,
LP7410025,A Bouquet of Czech Songs,The Czech Heritage Singers,1977,Polka,,Stereo,33.33333333,"12""",12,1,Guide 1048,,Top Shelf,USA,Near Mint (NM/M-),Near Mint (NM/M-),5,5,5,Guide Records,,"Saturday, 01/27/2024 @ 09:58:39 AM",C Jeremy Kucera,K:\Album Art\The Czech Heritage Singers\A Bouquet of Czech Songs.jpg,
LP7410026,Plugged In Joplin,The Eden Electronic Ensemble,1974,Jazz,,Stereo,33.33333333,"12""",8,1,PYE 12101,,Top Shelf,USA,Very Good Plus (VG+),Poor (P),1,3,7,PYE Records,"Embossed Sleeve
Bottom-Right corner of sleeve missing. ","Saturday, 01/27/2024 @ 10:13:09 AM",C Jeremy Kucera,K:\Album Art\The Eden Electronic Ensemble\Plugged In Joplin.jpg,
093624905691,Dizzy Up the Girl,The Goo Goo Dolls,1998,Pop,,Stereo,33.33333333,"12""",13,1,571763-1,,Top Shelf,USA,Near Mint (NM/M-),Near Mint (NM/M-),20.99,86.01,199.98,Warner Bros. Records,,"Sunday, 01/21/2024 @ 05:52:19 PM",C Jeremy Kucera,K:\Album Art\The Goo Goo Dolls\Dizzy Up The Girl.jpg,
LP7410009,Music At Tea Time,The Greenbrier Trio,1974,Other,,Mono,33.33333333,"12""",8,1,,,Top Shelf,USA,Very Good Plus (VG+),Very Good Plus (VG+),5,10,15,M.K.H Records,Need to add to Discogs,"Sunday, 01/21/2024 @ 05:41:44 PM",C Jeremy Kucera,K:\Album Art\The Greenbrier Trio\Music At Tea Time.jpg,
LP7410008,Farewell To The First Golden Era,The Mamas & The Papas,1967,Pop,,Stereo,33.33333333,"12""",12,1,,,Top Shelf,USA,Very Good (VG),Fair (F),1.5,4,29.41,Dunhill Records,,"Saturday, 01/27/2024 @ 12:20:58 PM",C Jeremy Kucera,K:\Album Art\The Mamas & The Papas\Farewell To The First Golden Era.jpg,
LP7410011,Love Is A Beautiful Song,The Moms and Dads,1974,Other,,Mono,33.33333333,"12""",12,1,GNPS 2084,,Top Shelf,USA,Near Mint (NM/M-),Near Mint (NM/M-),5,10,15,GNP Crescendo Records,,"Sunday, 01/21/2024 @ 05:40:29 PM",C Jeremy Kucera,K:\Album Art\The Moms and Dads\Love Is A Beautiful Song.jpg,
190758431918,No Sound Without Silence,The Script,2018,Pop,,Stereo,33.33333333,"12""",11,1,,,Top Shelf,USA,Near Mint (NM/M-),Near Mint (NM/M-),10.53,19.05,26.41,Sony Music,,"Saturday, 01/27/2024 @ 12:04:12 PM",C Jeremy Kucera,K:\Album Art\The Script\No Sound Without Silence.jpg,
081227938338,20th Anniverssary Debut Album,Third Eye Blind,1997/2015,Pop,,Stereo,33.33333333,"12""",15,2,,,Top Shelf,USA,Near Mint (NM/M-),Near Mint (NM/M-),30.49,60.65,175,Rhino Entertainment Company / Warner Music,,"Sunday, 01/21/2024 @ 05:46:10 PM",C Jeremy Kucera,K:\Album Art\Third Eye Blind\20th Anniverssary Debut Album.jpg,
601215812411,Pray,Tina Cousins,2000,Dance,,Stereo,33.33333333,"12""",4,1,012158124-1,,Top Shelf,USA,Very Good Plus (VG+),Very Good (VG),1.12,3.99,32.15,Republic,,"Saturday, 01/27/2024 @ 12:21:37 PM",C Jeremy Kucera,K:\Album Art\Tina Cousins\PRAY.JPG,
074644536812,Past To Present,Toto,1990,Pop,,Stereo,33.33333333,"12""",13,1,,,Top Shelf,USA,Very Good Plus (VG+),Very Good Plus (VG+),9.78,21.19,68.03,CBS Records,,"Saturday, 01/27/2024 @ 11:59:42 AM",C Jeremy Kucera,K:\Album Art\Toto\Past To Present.jpg,
075596077415,Tracy Chapman,Tracy Chapman,1988,Pop,,Stereo,33.33333333,"12""",11,1,,,Top Shelf,USA,Very Good (VG),Very Good (VG),12.91,35.66,97.72,Elektra Asylum Records,,"Saturday, 01/27/2024 @ 11:52:54 AM",C Jeremy Kucera,K:\Album Art\Tracy Chapman\Tracy Chapman.jpg,
731457060216,Lost In Love (Mixes),Trance All Stars,2002,Dance,,Stereo,33.33333333,"12""",3,1,,,Top Shelf,USA,Very Good Plus (VG+),Very Good Plus (VG+),1.09,4.34,15.78,Polydoor,,"Saturday, 01/27/2024 @ 12:23:12 PM",C Jeremy Kucera,K:\Album Art\Trance All Stars\Lost In love.jpg,
LP7410007,KILT Double Gold,Various,1968,Pop,,Stereo,33.33333333,"12""",30,2,,,Top Shelf,USA,Good (G),Fair (F),3.67,5.54,13.35,Post Records,,"Saturday, 01/27/2024 @ 12:24:03 PM",C Jeremy Kucera,K:\Album Art\Various\KILT Double Gold.jpg,
LP7410019,German Beer-Drinking Music,Various,1957,Folk,,Mono,33.33333333,"12""",12,1,T10008,,Top Shelf,USA,Good Plus (G+),Good Plus (G+),0.89,3.99,9,Capitol Records,,"Saturday, 01/27/2024 @ 12:24:31 PM",C Jeremy Kucera,K:\Album Art\Various\German Beer-Drinking Music.jpg,
078221840514,Whitney,Whitney Houston,1987,Pop,,Stereo,33.33333333,"12""",11,1,,,Top Shelf,USA,Good (G),Very Good (VG),6.99,13.6,50,Arista,,"Saturday, 01/27/2024 @ 12:24:52 PM",C Jeremy Kucera,K:\Album Art\Whitney Houston\Whtiney.jpg,
LP7410030,An Evening With Wally Londo Featuring Bill Slaszo,George Carlin,1975,Comedy,,Stereo,33.33333333,"12""",14,1,LD 1008,,Top Shelf,USA,Very Good (VG),Very Good (VG),0.9,2.92,6.52,Little David Records,,"Friday, 02/02/2024 @ 06:37:18 PM",C Jeremy Kucera,K:\Album Art\George Carlin\An Evening with Wally Londo.jpg,
LP7410031,And That's The Truth,Lily Tomlin,1972,Comedy,,Stereo,33.33333333,"12""",19,1,PD 5023,,Top Shelf,USA,Very Good (VG),Very Good (VG),0.25,3,19.99,Polydor,,"Friday, 02/02/2024 @ 06:49:42 PM",C Jeremy Kucera,K:\Album Art\Lily Tomlin\And Thats The Truth.jpg,
LP7410032,On Stage,Lily Tomlin,1977,Comedy,,Stereo,33.33333333,"12""",8,1,AB 4142,,Top Shelf,USA,Very Good (VG),Fair (F),0.5,1.98,11.97,Arista,Bottom right corner of jacket and sleeve clipped,"Friday, 02/02/2024 @ 07:26:09 PM",C Jeremy Kucera,K:\Album Art\Lily Tomlin\On Stage.jpg,
LP7410033,Big Band Bossa Nova,Quincy Jones & His Orchestra,1962,Jazz,,Stereo,33.33333333,"12""",10,1,SR-60751,,Top Shelf,USA,Very Good Plus (VG+),Very Good Plus (VG+),4,29.98,50,Mercury,,"Friday, 02/02/2024 @ 07:31:44 PM",C Jeremy Kucera,K:\Album Art\Quincy Jones\Big Band Bossa Nova.jpg,
LP7410034,The Baroque Era,Various,1966,Classical,,Stereo,33.33333333,"12""",62,4,STL 144,,Top Shelf,USA,Very Good Plus (VG+),Very Good Plus (VG+),0.5,5.62,20,Time Life Records,,"Friday, 02/02/2024 @ 08:14:58 PM",C Jeremy Kucera,K:\Album Art\Various\The Baroque Era.jpg,
LP7410035,Movie Stars On Radio,Various,1983,Radioplay,,Stereo,33.33333333,"12""",8,4,4MCR-1,,Top Shelf,USA,Very Good Plus (VG+),Very Good Plus (VG+),9.99,11,12,Radiola,,"Friday, 02/02/2024 @ 08:11:42 PM",C Jeremy Kucera,K:\Album Art\Various\Movie Stars On Radio.jpg,
LP7410036,6 Brandenburgische Konzerte,"Johann Sebastian Bach, Rudolf Baumgartner, Festival Strings Lucerne",1960,Classical,,Stereo,33.33333333,"12""",20,2,14142 / 14143,,Top Shelf,Germany,Very Good Plus (VG+),Fair (F),3.26,18.97,32.61,Archiv Produktion,,"Friday, 02/02/2024 @ 08:48:36 PM",C Jeremy Kucera,K:\Album Art\Various\Brandenburgische Konzert.jpg,
LP7410037,The Original Big Band Hits Vol. 2,Various,1972,Jazz,,Mono,33.33333333,"12""",45,4,R214113,,Top Shelf,USA,Very Good (VG),Poor (P),0.047916667,0.306944444,0.679166667,RCA Victor,,"Friday, 02/02/2024 @ 09:00:46 PM",C Jeremy Kucera,K:\Album Art\Various\Original Big Band Hits.jpg,
LP7410038,Puttin' On The Ritz,Taco,1982,General Electronic,,Stereo,33.33333333,"7""",2,1,GB-13791,,Top Shelf,USA,Very Good (VG),Very Good (VG),0.79,2,6,RCA,,"Friday, 02/02/2024 @ 09:14:41 PM",C Jeremy Kucera,K:\Album Art\Taco\Puttin On The Ritz.jpg,
074640411373,Break My Stride,Matthew Wilder,1983,General Electronic,,Stereo,33.33333333,"7""",2,1,ZS4 04113,,Top Shelf,USA,Very Good (VG),Very Good (VG),0.99,2,6,Private | Records,,"Friday, 02/02/2024 @ 09:18:12 PM",C Jeremy Kucera,K:\Album Art\Matthew Wilder\Break My Stride.jpg,
LP7410039,And His Girl Friends,Frankie Carle,1944,Jazz,,Mono,33.33333333,"10""",8,4,C-97,,Bottom Shelf,USA,Good (G),Good (G),1.08,7,14.75,Columbia,One of two copies - This one is missing 2 records from the set. ,"Friday, 02/02/2024 @ 09:25:23 PM",C Jeremy Kucera,K:\Album Art\Frankie Carle\And his Girl Friends.jpg,
602527947655,Shake It Out,Florence + The Machine,2012,Pop,,Stereo,33.33333333,"12""",2,1,B0016547-21,,Top Shelf,USA,Near Mint (NM/M-),Near Mint (NM/M-),13,25,54.35,Fairfax Recordings,,"Friday, 02/02/2024 @ 09:31:06 PM",C Jeremy Kucera,K:\Album Art\Forence + The Machine\Shake It Out.jpg,
LP7410040,Glenn Miller Concert,Glenn Miller,1951,Jazz,,Mono,33.33333333,"12""",,,LPT 16,,Bottom Shelf,USA,Very Good (VG),Fair (F),0.37,3,9.99,RCA Victor,"10"" LP
A Treasury Of Immortal Performances, Popular Collector's Issue Series","Friday, 02/02/2024 @ 09:36:14 PM",C Jeremy Kucera,K:\Album Art\Glenn Miller\Glenn Miller Concert.jpg,
5037703314719,Angel,Sarah McLachlan,2002,Trance,,Stereo,33.33333333,"12""",3,1,5 037703 314719,,Bottom Shelf,UK,Very Good (VG),Very Good (VG),2.53,5.06,16.29,Nettwerk,,"Friday, 02/02/2024 @ 09:39:49 PM",C Jeremy Kucera,K:\Album Art\Sarah McLaghlan\Angel.jpg,
088561173319,ABBA A Tribute - The 25th Anniversary Celebration,Various,1999,Pop,,Stereo,33.33333333,"12""",18,2,1733-1,,Bottom Shelf,USA,Good Plus (G+),Good Plus (G+),7.95,15,23.32,Relativity,Missing one inner sleeve,"Friday, 02/02/2024 @ 09:44:11 PM",C Jeremy Kucera,K:\Album Art\Various\ABBA A Tribute.jpg,
724596912904,feat. saint etienne Tell Me Why (The Riddle),Paul Van Dyk,2000,Trance,,Stereo,33.33333333,"12""",6,1,9129-0,,Bottom Shelf,USA,Very Good Plus (VG+),Near Mint (NM/M-),1.89,6.52,27.12,Vandit Recordes,,"Friday, 02/02/2024 @ 09:52:09 PM",C Jeremy Kucera,K:\Album Art\Paul Van Dyk\Tell Me Why.jpg,
044116111717,I Learned From The Best (Junior Vasquez Club Mix),Whitney Houston,1999,Euro House,,Stereo,33.33333333,"12""",2,1,BEST 1,,Bottom Shelf,UK,Very Good Plus (VG+),Very Good Plus (VG+),0.5,1.82,7.91,Arista,White Lable UK Promo,"Friday, 02/02/2024 @ 09:57:46 PM",C Jeremy Kucera,K:\Album Art\Whitney Houston\I Learned From The Best Club Mix.jpg,
090204995257,Italiodancer/The Hypno!,Floorfilla,2001,Trance,,Stereo,33.33333333,"12""",2,1,BIG 5149-12,,Bottom Shelf,Germany,Very Good Plus (VG+),Very Good (VG),1.25,6.52,21.3,B.I.G.,,"Friday, 02/02/2024 @ 10:01:36 PM",C Jeremy Kucera,K:\Album Art\floorfilla\Italiodancer.jpg,
794043193569,Game Of Thrones (Music From the HBO Series) Season 7,Ramin Djawadi,2017,Soundtrack,,Stereo,33.33333333,"12""",24,2,WTM39944,,Bottom Shelf,USA,Near Mint (NM/M-),Near Mint (NM/M-),18,22,53.26,WaterTower Music,,"Friday, 02/02/2024 @ 10:12:29 PM",C Jeremy Kucera,K:\Album Art\Game Of Thrones\Game Of Thrones Season 7.jpg,
LP7410041,Evita,Andrew Lloyd Webber & Tim Rice,1976,Soundtrack,,Stereo,33.33333333,"12""",23,2,MCA2-11003,,Bottom Shelf,USA,Very Good (VG),Very Good (VG),1.69,4.83,7.62,MCA,"Phonographic Copyright ℗ – MCA Records, Inc.
Copyright © – MCA Records, Inc.
Pressed By – MCA Pressing Plant, Gloversville
Published By – Leeds Music Corp.
Recorded At – Olympic Studios
Artwork – Eric Monson, George Osaki, John Cabalka
Bass – Brian Odgers, Mo Foster, Tony Stevens
Conductor – Anthony Bowles
Coordinator [Musical Co-ordinator] – Alan Doggett
Drums, Percussion – Barry Morgan, Peter Van Hooke, Simon Phillips
Engineer – David Hamilton Smith*
Engineer [Assistant] – Anton Matthews, Jeremy Gee
Executive-Producer – David Land
Guitar – Hank B. Marvin*, Henry McCulloch*, Joe Moretti, Neil Hubbard, Ray Russell
Harp – David Snell (2)
Keyboards – Andrew Lloyd Webber, Ann Odell, Mike Moran
Lacquer Cut By – DB*
Lyrics By – Tim Rice
Music By – Andrew Lloyd Webber
Orchestra – The London Philharmonic Orchestra
Orchestrated By – Andrew Lloyd Webber
Photography By – Snowdon*
Producer [Recording] – Andrew Lloyd Webber & Tim Rice*
Tenor Saxophone, Soloist – Chris Mercer (tracks: B3)
Front sleeve:
An opera based on the life story Eva Peron 1919-1952
Embossed heart

Back sleeve:
All Compositions Published By Leeds Music Corp.-ASCAP
Export Only. For Sale Outside Continental United States Only. (sticker on right bottom)
Printed in U.S.A.

Spine: Printed in U.S.A.

Labels:
no tittle on the i in Evita
All Selections Published By Leeds Music Corporation-ASCAP
Recorded in England

Includes a 16 page 12"" booklet with lyrics, credits and synopsis. Printed in U.S.A. Copyright 1976 by EVITA MUSIC LIMITED. Sole Selling Agent LEEDS MUSIC CORPORATION for the entire Western Hemisphere.

Photographs of Miss Covington, Messrs. Jones, Wilkinson, Lloyd Webber, Rice & Hamilton Smith/Snowdon
Other Photographs / Wardourland Ltd.

Release is Auto-Coupled
Record 1: Sides A and D
Record 2: Sides B and C
Matrix / Runout (Record One Side One, DB etched): MCA 1102 L4 ⧈-G-⧈ x DB
Matrix / Runout (Record One Side Four, DB etched): MCA 1103 L-3 ⧈-G-⧈ DB
Matrix / Runout (Record Two Side Two, DB etched): MCA 1104 L-3 DB ⧈-G-⧈
Matrix / Runout (Record Two Side Three, DB etched): MCA 1105 L-5 ⧈-G-⧈ x DB
Rights Society: ASCAP
","Saturday, 02/03/2024 @ 07:39:43 AM",C Jeremy Kucera,K:\Album Art\Andrew Lloyd Webber\Evita.jpg,
LP7410042,The Wurst of P.D.Q. Bach,Professor Peter Schickele,1979,Classical,,Stereo,33.33333333,"12""",23,2,VSD 719/20,,Bottom Shelf,USA,Very Good (VG),Very Good (VG),1.52,2,6.11,Vanguard,,"Saturday, 02/03/2024 @ 07:56:25 AM",C Jeremy Kucera,K:\Album Art\Professor Peter Schickele\The Wurst of P.D.Q. Bach.jpg,
LP7410043,Accordion De Paris,"Jo Basile, His Accordion And Orchestra",1957,Jazz,,Mono,33.33333333,"12""",12,1,AFLP 1815,,Bottom Shelf,USA,Very Good (VG),Fair (F),1.5,3.76,10.74,Audio Fidelity,"Copyright © – Audio Fidelity, Inc.
Accordion – Jo Basile
Photography By – Bob Witt
Producer, A&R – Sidney Frey
Track A3a was written by Vernon Duke. He is credited as ""Vernon"" on the label and ""Duke"" on the back cover.
Matrix / Runout (Label Side A): OP-4876
Matrix / Runout (Label Side B): OP-4877","Saturday, 02/03/2024 @ 08:14:06 AM",C Jeremy Kucera,"K:\Album Art\Jo Basile, His Accordion and Orchestra\Accorion de Paris.jpg",
LP7410044,1812 Overture & William Tell Overture,Arthur Fiedler & The Boston Pops Orchestra,1954,Classical,,Mono,33.33333333,"12""",2,1,CAL-116,,Bottom Shelf,USA,Very Good (VG),Fair (F),3.5,3.5,3.5,RCA Camden,"Conductor – Arthur Fiedler
Design – beck/*
Matrix / Runout (Label, Side A): E3RP-6032
Matrix / Runout (Label, Side B): E3RP-6033
Matrix / Runout (Runout, Stamped, Side A): E3 RP6032-8S
Matrix / Runout (Runout, Stamped, Side B): E3 RP6033-5S","Saturday, 02/03/2024 @ 08:20:01 AM",C Jeremy Kucera,K:\Album Art\Arthur Fiedler & The Boston Pops\1812 and William Tell Overtures.jpg,
LP7410045,The Early Years,Al Jolson,1973,Pop,,Stereo,33.33333333,"12""",12,1,7114,,Bottom Shelf,USA,Very Good (VG),Fair (F),1,4.99,16.1,Olympic Records,"Al Jolson who performed most often in blackface, was born in Srednick, Russia on May 26, 1886. Brought to the United States when he was seven years old, Jolson was reared in Washington, D.C. and made his first stage appearance there. In 1909 he joined Lew Dockstader's minstrel troupe. He soon became a leading musical comedy entertainer and singer.","Saturday, 02/03/2024 @ 10:21:11 AM",C Jeremy Kucera,K:\Album Art\Al Jolson\The Early years front.jpg,K:\Album Art\Al Jolson\The Early years back.jpg
LP7410046,Dave & Sugar,Dave & Sugar,1976,Country,,Stereo,33.33333333,"12""",10,1,AHL1-1818,,Bottom Shelf,USA,Very Good (VG),Good (G),1.88,1.94,2,RCA,,"Saturday, 02/03/2024 @ 10:27:56 AM",C Jeremy Kucera,K:\Album Art\Dave & Sugar\Dave & Sugar Front.jpg,K:\Album Art\Dave & Sugar\Dave & Sugar Back.jpg
077773821811,Requiem,Andrew Lloyd Webber,1985,Classical,,Stereo,33.33333333,"12""",6,1,DFO-38218,,Bottom Shelf,USA,Very Good Plus (VG+),Very Good Plus (VG+),15,15,15,EMI Angel Records Digital,"Top Right Corner: Property of Capitol Records, Inc. This album is on loan for PROMOTIONAL USE ONLY. Holder agrees to return it on demand. Attempted sales are voice and in violation of law.","Saturday, 02/03/2024 @ 10:43:30 AM",C Jeremy Kucera,K:\Album Art\Andrew Lloyd Webber\Requiem Front.jpg,K:\Album Art\Andrew Lloyd Webber\Requiem Back.jpg
LP7410047,Love Scenes: Orchestral Suites Of La Boheme And Madame Butterfly,"Alfred Newman, The Hollywood Bowl Symphony Orchestra",1960,Soundtrack,,Stereo,33.33333333,"12""",17,2,SP 8516,,Bottom Shelf,USA,Very Good Plus (VG+),Very Good (VG),3,3,3,Capitol Records,"Pressed By – Capitol Records Pressing Plant, Scranton
Cello – Kurt Reher (tracks: A1 to B4)
Composed By – Giacomo Puccini (tracks: A1 to B4)
Conductor – Alfred Newman (tracks: A1 to B4)
Orchestra – The Hollywood Bowl Symphony Orchestra
Producer – Ralph O'Connor
Violin – David Frisina (tracks: A1 to B4)
(Stkr Ofc) ""Hollywood Bowl Bonus. Free! with purchase of ""Love Scenes"";A 12"" LP of colorful Hollywood Bowl Highlights""
(Label) ""Excerpts from Capitol mono albums by the Hollywood Bowl Sym. Orchestra""
Matrix / Runout (Side A runout stamped): P1-8516-D4 (Scranton symbol)
Matrix / Runout (Side B runout stamped): P2-8516-D2 (Scranton symbol)
Matrix / Runout (Side C runout stamped): PRO-1494-D1 (Scranton symbol)
Matrix / Runout (Side D runout stamped): PRO-1495-D1 (Scranton symbol)","Saturday, 02/03/2024 @ 10:49:57 AM",C Jeremy Kucera,"K:\Album Art\Alfred Newman, The Hollywood Bowl Symphony Orchestra\Love Scenes Front.jpg","K:\Album Art\Alfred Newman, The Hollywood Bowl Symphony Orchestra\Love Scenes Back.jpg"
078635534016,Chess,"Benny Andersson, Tim Rice, Björn Ulvaeus",1984,Soundtrack,,Stereo,33.33333333,"12""",18,2,CPL-5340,,Bottom Shelf,USA,Very Good Plus (VG+),Very Good (VG),3.75,7,40,RCA,"Arranged By – Anders Eljas, Benny Andersson
Orchestra – London Symphony Orchestra*
Orchestrated By, Conductor – Anders Eljas
Performer – Barbara Dickson, Björn Skifs, Denis Quilley, Elaine Paige, Murray Head, Tommy Körberg
Producer – Benny Andersson, Björn Ulvaeus, Tim Rice
Vocals – The Ambrosian Singers
Gatefold sleeve. Includes a booklet about Chess.

℗&© 1984 Three Knights Ltd
MCA Music: A Division of MCA:ASCAP
Rights Society: ASCAP
Barcode (Text): 0 7863-55340-1
Barcode (String): 07863553401
Matrix / Runout (Label side A): CPL2-5340-A
Matrix / Runout (Label side B): CPL2-5340-B
Matrix / Runout (Label side C): CPL2-5340-C
Matrix / Runout (Label side D): CPL2-5340-D
Matrix / Runout (Runout side A, etched): CPL2-5340A-1 Ja /\ 1TT
Matrix / Runout (Runout side B, etched): CPL2-5340B-1 Ja /\ 2O
Matrix / Runout (Runout side C, etched): CPL2-5340C-1 Ja /\ 1TT
Matrix / Runout (Runout side D, etched): CPL2-5340D-1 Ja /\ 1TT","Saturday, 02/03/2024 @ 10:57:59 AM",C Jeremy Kucera,"K:\Album Art\Benny Andersson, Tim Rice, Björn Ulvaeus\Chess Front.jpg","K:\Album Art\Benny Andersson, Tim Rice, Björn Ulvaeus\Chess Back.jpg"
LP7410048,The Hits Of Woody Herman,Woody Herman,1975,Jazz,,Mono,33.33333333,"12""",10,1,SM-1554,,Bottom Shelf,USA,Very Good Plus (VG+),Good Plus (G+),0.5,2,10.74,Capitol Records / EMI,"Reissue Compilation
Manufactured By – Capitol Records, Inc.
Record Company – Capitol Industries-EMI, Inc.
Pressed By – Capitol Records Pressing Plant, Jacksonville
Matrix / Runout (Runout 1 etched): Sm - 1 - 1554 J3 #2 0
Matrix / Runout (Runout 2 etched / stamped): Sm - 2 - 1554 J3 #2 Mastered By Capitol
Matrix / Runout ((Variant) Runout 1 etched): SM - 1 - 1554 - H4
Matrix / Runout ((Variant) Runout 2 etched / stamped): SM - 2 - 1554 - H4 Mastered By Capitol
Other (Dead Wax Side A: Pressing Plant Jacksonville logo): 0","Saturday, 02/03/2024 @ 11:19:14 AM",C Jeremy Kucera,K:\Album Art\Woody Herman\The Hits of Woody Herman Front.jpg,K:\Album Art\Woody Herman\The Hits of Woody Herman Back.jpg
LP7410049,Chariots Of Fire,Vangelis,1981,Soundtrack,,Stereo,33.33333333,"12""",7,1,PD-1-6335,,Bottom Shelf,USA,Very Good Plus (VG+),Good (G),0.45,3.89,19.99,Polydor,"Manufactured By – Polydor Incorporated
Manufactured By – PolyGram Records, Inc.
Marketed By – PolyGram Records, Inc.
Pressed By – PRC Recording Company, Compton, CA
Phonographic Copyright ℗ – Polydor Ltd. (UK)
Copyright © – Polydor Ltd. (UK)
Recorded At – Nemo Studios
Lacquer Cut At – Sterling Sound
Artwork – Main Titles Ltd.
Composed By, Arranged By, Producer, Performer – Vangelis (tracks: A1 to A5.1, B)
Engineer – John Walker (2), Raine Shine, Raphael Preston
Sleeve, Art Direction, Design – Alwyn Clayden
Recorded at Nemo Studios, London

© ℗ 1981 Polydor Ltd. (UK)
Manufactured and marketed by Polyram Records, Inc. appears on sleeve.
Manufactured by Polydor Incorporated appears on label.

A Warner Bros. and The Ladd Company release.
Allied Stars presents an Enigma Production.

""26"" on labels denotes a PRC Recording Company, Compton, CA pressing.

I dedicate this work to my father Ulysses.

Also available on Cassette (CT-1-6335)

Barcode: none
Rights Society: ASCAP
Matrix / Runout (Side A label inside parenthesis): PD-1-6335-AS
Matrix / Runout (Side B label inside parenthesis): PD-1-6335-BS
Pressing Plant ID (On labels): 26
Matrix / Runout (Runout Side A, etched, exc. sᴛᴇʀʟɪɴɢ, stamped [Variant 1]): PD1 6335 AS PRC-C-3-1 STERLING
Matrix / Runout (Runout Side B, etched, exc. sᴛᴇʀʟɪɴɢ [Variant 1]): PD1 6335 BS PRC-C-3-1 STERLING
Matrix / Runout (Runout Side A, etched, exc. sᴛᴇʀʟɪɴɢ, stamped [Variant 2]): PD1 6335 AS PRC-C-2-1 STERLING
Matrix / Runout (Runout Side B, etched, exc. sᴛᴇʀʟɪɴɢ, stamped [Variant 2]): PD1 6335 BS PRC-C-2-1 STERLING
Matrix / Runout (Runout Side A, etched, exc. sᴛᴇʀʟɪɴɢ, stamped [Variant 3] (the three apostrophes are hash marks)): PE- PD1 6335 AS PRC-C-3-1 ''' STERLING
Matrix / Runout (Runout Side B, etched, exc. sᴛᴇʀʟɪɴɢ, stamped [Variant 3]): OI- PD1 6335 BS PRC-C-3-1 STERLING
Matrix / Runout (Runout Side A, etched, exc. sᴛᴇʀʟɪɴɢ, stamped [Variant 4]): PD1 6335 AS PRC C5-1.1 -1h- STERLING
Matrix / Runout (Runout Side B, etched, exc. sᴛᴇʀʟɪɴɢ, stamped [Variant 4]): PD1 6335 BS PRC C5-1.1 STERLING
Matrix / Runout (Runout Side A, etched, exc. sᴛᴇʀʟɪɴɢ, stamped [Variant 5]): PD 1 6335 AS PRC C5-1 - 1 -26- STERLING
Matrix / Runout (Runout Side B, etched, exc. sᴛᴇʀʟɪɴɢ, stamped [Variant 5]): PD 1 6335 BS PRC C 6-1 -. II \ \ Ɛ STERLING
Matrix / Runout (Runout Side A, etched, exc. sᴛᴇʀʟɪɴɢ, stamped [Variant 6]): PD 1 6335 AS PRC C6-1-11 -\\ STERLING
Matrix / Runout (Runout Side B, etched, exc. sᴛᴇʀʟɪɴɢ, stamped [Variant 6]): PD 1 6335 BS PRC C5-1-11 8 STERLING","Saturday, 02/03/2024 @ 11:26:53 AM",C Jeremy Kucera,K:\Album Art\Vangelis\Chariots of Fire Front.jpg,K:\Album Art\Vangelis\Chariots of Fire Back.jpg
LP7410050,The Seraphim Guide To Renaissance Music,Syntagma Musicum Of Amsterdam,1970,Classical,,Stereo,33.33333333,"12""",71,3,SIC-6052,,Bottom Shelf,USA,Very Good Plus (VG+),Good Plus (G+),1.12,3.05,10.75,Seraphim,"Manufactured By – Capitol Records, Inc.
Clavichord, Spinet, Organ [Portative], Recorder, Crumhorn – Barbara Miedema
Conductor, Recorder, Gemshorn, Shawm, Crumhorn, Cornett, Other [Racket] – Kees Otten
Contralto Vocals – Will Kippersluys
Fiddle – Joannes Collette, Mary Macrow
Fiddle, Viol – Anneke Pols
Flute [One Handed], Fife, Cornett, Other [Kortholt + Cow's Horn] – Sven Berger
Lute – Gusta Goldschmidt
Recorder, Shawm, Crumhorn – Leo Meilink
Tenor Vocals, Crumhorn – Marius Van Altena
Viol – Ben De Ligt
72 vocals and instrumental works from the 13th to 17th centuries.","Saturday, 02/03/2024 @ 11:42:30 AM",C Jeremy Kucera,K:\Album Art\Syntagma Musicum Of Amsterdam\The Seraphim Guide to Renaissance Music Front.jpg,K:\Album Art\Syntagma Musicum Of Amsterdam\The Seraphim Guide to Renaissance Music Back.jpg
LP7410051,Walt Disney's Fantasia,Leopold Stokowski With The Philadelphia Orchestra,1961,Soundtrack,,Stereo,33.33333333,"12""",13,3,STER 101,,Bottom Shelf,USA,Very Good Plus (VG+),Good (G),5.05,26.06,65,Buena Vista Records,"Reissue, Autocoupled
Printed By – Western Printing & Lithographing Company
Copyright © – Walt Disney Productions
Artwork – Albert Dempster, Arthur Riley, Richard Kelsey
Conductor – Leopold Stokowski
Liner Notes [Text Adapted From The Book] – Deems Taylor
Orchestra – The Philadelphia Orchestra
Recorded By [Re-recording Supervised By] – Robert O. Cook
© Copyright, 1957, Walt Disney Productions

Gatefold - extra wide with 3 separate disc compartments, and 24 page program booklet containing artwork and credits.

This was the first stereo pressing

1st cat#: sleeve; 2nd: labels

Discs are designed for continual play on auto-changer phonographs:
Disc 1: A/F sides; Disc 2: B/E sides; Disc 3: C/D sides
Matrix / Runout (A Side Etch): STER 101·A·1 22
Matrix / Runout (B Side Etch): STER-101-B1 22
Matrix / Runout (C Side Etch): Ster-101-C-1 22
Matrix / Runout (D Side Etch): STER-101-C-2 22
Matrix / Runout (E Side Etch): STER -101-B-2 22
Matrix / Runout (F Side Etch): STeR · 101·A·2 22","Saturday, 02/03/2024 @ 12:02:07 PM",C Jeremy Kucera,K:\Album Art\Leopold Stokowski With The Philadelphia Orchestra\Fantasia Front.jpg,K:\Album Art\Leopold Stokowski With The Philadelphia Orchestra\Fantasia Back.jpg
LP7410052,The Little Drummer Boy,The Abbey Choir,1966,Classical,,Stereo,33.33333333,"12""",13,1,X-1709,,Bottom Shelf,USA,Poor (P),No Jacket,0.5,1,1.5,Diplomat Records,"Poor condition
No outter jacket
In a plain white inner sleeve
","Saturday, 02/03/2024 @ 12:18:17 PM",C Jeremy Kucera,K:\Album Art\The Abbey Choir\The Little Drummer Boy Front.jpg,K:\Album Art\The Abbey Choir\The Little Drummer Boy Back.jpg
028941736215,Anniversary,Pavarotti,1986,Classical,,Stereo,33.33333333,"12""",16,1,417 362-1 LH,,Bottom Shelf,USA,Mint (M),Mint (M),2,5.25,15,London Records,"Brand New, Un-played and still sealed in original wrapping.

Album images used are from the European release under DECCA Records. Will need to photograph new images for this listing.

Liner Notes – Frank Granville Barker
Orchestra – National Philharmonic Orchestra (tracks: A2 to B7)
Photography By – Fayer*, Studio Fotografico Amistà
Tenor Vocals – Luciano Pavarotti
Cover: P 1973, 1978, 1979, 1980-1985 The Decca Record Company Limited, London.
C 1986 The Decca Record Company Limited, London.
Made in Holland
Label:
London FFrr, DIGITAL
(ADZAL 18968), (ADZAL 18969)
Made in USA Mastered by Decca Recordiang Studios UK
Barcode: 0 28941 73621 5","Saturday, 02/03/2024 @ 12:26:30 PM",C Jeremy Kucera,K:\Album Art\Pavarotti\Anniversary Front.jpg,K:\Album Art\Pavarotti\Anniversary Back.jpg
LP7410053,The King And I (Original Cast Album),"Rodgers And Hammerstein*, Yul Brynner, Gertrude Lawrence ",1951,Soundtrack,,Mono,33.33333333,"12""",12,1,DL-9008,,Bottom Shelf,USA,Very Good Plus (VG+),Good (G),0.5,2,9,Decca,"Reissue, Mono, Gloversville Pressing
Manufactured By – Decca Records, Inc.
Pressed By – Decca Records Pressing Plant, Gloversville
Conductor – Frederick Dvonch (tracks: A1, A5)
Directed By – John Van Druten
Directed By [Musical Director] – Frederick Dvonch
Lyrics By – Oscar Hammerstein II
Music By – Richard Rodgers
Orchestrated By – Robert Russell Bennett
Although this reissue version is on labels that ran 1954-60, the new cover would date this reissue closer to when the re-channeled version (The King And I (The Original Cast Album)) was released ca. 1958-59. The insert that was inside this version has releases from 1958.
Pressing Plant ID (Side B label matrix suffix): ⦿
Pressing Plant ID (Stamped in run-outs): 1
Matrix / Runout (Side A label matrix): MG 2210
Matrix / Runout (Side B label matrix): MG 2211⦿
Matrix / Runout (Side A stamped): MG2210T48 1 P
Matrix / Runout (Side B stamped): MG2211T46 1 P","Saturday, 02/03/2024 @ 12:41:11 PM",C Jeremy Kucera,K:\Album Art\Rogers And Hammerstien\The King And I Front.jpg,K:\Album Art\Rogers And Hammerstien\The King And I Back.jpg
LP7410054,Frohe Weihnacht,Kinderchor Angelika Geiseler,1969,Other,,Stereo,33.33333333,"12""",12,1,FLPS 1562,,Bottom Shelf,USA,Mint (M),Mint (M),6,12.5,15,Fiesta,"Unopened Original Packaging - Brand New
Never Played

Choir – Kinderchor Angelika Geiseler
International Series/German
Matrix / Runout (Runout side A Etched): ST-33-0218A-1SS
Matrix / Runout (Runout side B Etched): 33-0218B-1SS
Matrix / Runout (Label side A): 33-0218-A-ST
Matrix / Runout (Label side B): 33-0218-B-STFLPS 1562","Saturday, 02/03/2024 @ 01:04:04 PM",C Jeremy Kucera,K:\Album Art\Kinderchor Angelika Geiseler\Frohe Weihnacht Front.jpg,K:\Album Art\Kinderchor Angelika Geiseler\Frohe Weihnacht Back.jpg
LP7410055,Édesanyám lelkem...,Szeleczky Zita,1971,Spoken Word,,Mono,33.33333333,"12""",22,1,L.P. 1234,,Bottom Shelf,USA,Very Good (VG),Very Good (VG),20,50,70,Zita Lemezek,"Open, but still with original packaging.","Saturday, 02/03/2024 @ 01:15:13 PM",C Jeremy Kucera,K:\Album Art\Szeleczky Zita\Édesanyám lelkem...Front.jpg,K:\Album Art\Szeleczky Zita\Édesanyám lelkem...Back.jpg
LP7410056,Bolero / Tombeau / Alborada,"Ormandy Conducts Ravel, The Philadelphia Orchestra",1976,Classical,,Stereo,33.33333333,"12""",3,1,Y 33926,,Bottom Shelf,USA,Very Good Plus (VG+),Good Plus (G+),1.12,2.5,7,Columbia / Odyssey,,"Saturday, 02/03/2024 @ 01:21:20 PM",C Jeremy Kucera,K:\Album Art\The Philiadelphia Orchestra\Bolero Front.jpg,K:\Album Art\The Philiadelphia Orchestra\Bolero Back.jpg
078635419412,Hooked On Classics,Louis Clark Conducting The Royal Philharmonic Orchestra,1981,Classical,,Stereo,33.33333333,"12""",9,1,AFL1-4194,,Bottom Shelf,USA,Very Good (VG),Good Plus (G+),0.29,2,10,RCA,"Manufactured By – RCA Records
Distributed By – RCA Records
Phonographic Copyright ℗ – K-Tel International
Copyright © – K-Tel International
Designed At – Acrobat Design Ltd.
Pressed By – RCA Records Pressing Plant, Indianapolis
Composed By – Mendelssohn* (tracks: B4), Bach* (tracks: A4), Tchaikovsky* (tracks: B1), Mozart* (tracks: B3)
Conductor, Arranged By – Louis Clark
Engineer – John Kurlander
Orchestra – The Royal Philharmonic Orchestra
Producer – Don Reedman, Jeff Jarratt
Violin [Solo] – Barry Griffiths (tracks: B4)
℗ 1981 K-tel Intl. © 1981 K-tel Intl.
Printed in U.S.A.
Barcode (Text): 0 7863-54194-1
Barcode (Scanned, UPC): 078635419412
Matrix / Runout (Label side A): AFL1-4194-A
Matrix / Runout (Label side A): AFL1-4194-B
Matrix / Runout (Runout side A): AFL1-4194A 1 I A2 T
Matrix / Runout (Runout side B): AFL1-4194B 2 I A3 B
Matrix / Runout ((var. 1) side A runout etched [except Ⅰ Λ2]): AFL1-4194A-3 Ⅰ Λ266
Matrix / Runout ((var. 1) side B runout stamped [exceptⅠ] ): AFL1-4194B 2 ⅠB3
Matrix / Runout ((var. 2) side A runout etched [except I A4)): AFL1-4194 A-5 I JA A4Q
Matrix / Runout ((var. 2) side B runout stamped [except P)): AFL1-4194 B 2 I A8P
Matrix / Runout ((var. 3) side A runout etched [except I ˄2 ])): AFL1-4194 A-5 Ｉ JA ˄2DD
Matrix / Runout ((var. 3) side A runout etched [except I ˄I ])): AFL1-4194 B-3Ｉ ˄IR
Matrix / Runout ((var. 4) side A runout etched [except I JA A3]): AFL1-4194A-5 I JA A30
Matrix / Runout ((var. 4) side B runout stamped [except Q]): AFL1-4194B 2 I A0Q","Saturday, 02/03/2024 @ 01:26:22 PM",C Jeremy Kucera,K:\Album Art\Louis Clark Conducting The Royal Philharmonic Orchestra\Hooked On Classics Front.jpg,K:\Album Art\Louis Clark Conducting The Royal Philharmonic Orchestra\Hooked On Classics Back.jpg
LP7410057,The New German Beer Drinking Songs,Various,1966,Folk,,Stereo,33.33333333,"12""",12,1,ST-10451,,Bottom Shelf,USA,Very Good (VG),Good (G),3,3,3,Capitol Records,"Manufactured By – Capitol Records, Inc.
Featuring – Das Rheinische Stimmungsorchester, Der Rheinland-Chor, Das Eileman-Trio*, Horst Mand, Horst Muys, Kurt-Adolf Thelen, Mathias Baer, Paul Kuhn
Leader – Ferdy Klein, Georg Rüssmann*, Rolf Granderath
Recorded in Germany.
Matrix / Runout (Side A label): STX-1-10451
Matrix / Runout (Side B label): STX-2-10451
Matrix / Runout (Side A runout): ST-1-10451-B2 △ [Scranton stamp]
Matrix / Runout (Side B runout): ST-2-10451-A1 △ [Scranton stamp]
Rights Society (All selections): ASCAP","Saturday, 02/03/2024 @ 01:48:20 PM",C Jeremy Kucera,K:\Album Art\Various\The New German Beer Drinking Songs Front.jpg,K:\Album Art\Various\The New German Beer Drinking Songs Back.jpg
LP7410058,Bizet Carmen - Highlights,Orchestre National de la Radiodiffusion Française,1973,Classical,,Stereo,33.33333333,"12""",6,3,RL-32071,,Bottom Shelf,USA,Very Good Plus (VG+),Poor (P),5,8,15,Angel Records,Includes original multi-page booklet. Booklet is in VG+ condition.,"Saturday, 02/03/2024 @ 02:05:24 PM",C Jeremy Kucera,K:\Album Art\Various\Bizet Carmen Front.jpg,
23684,Paranoia,Rennie Pilgrem Presents,1999,General Electronic,,Stereo,33.33333333,"12""",3,1,RENN 3036,,Bin A,UK,Very Good (VG),Good (G),0.95,6.28,13.98,Thursday Club Recordings,"Clear plastic sleeve with  price sticker with barcode

Published By – Bisbal Music
Published By – Westbury Music
Mastered At – Porky's Mastering
Written-By, Producer – Rennie Pilgrem","Sunday, 02/04/2024 @ 09:24:33 AM",C Jeremy Kucera,K:\Album Art\Rennie Pilgrem Presents Thursday Club\Paranoia Front.jpg,K:\Album Art\Rennie Pilgrem Presents Thursday Club\Paranoia Back.jpg
792826901301,NY Jungle EP,Various,1995,General Electronic,,Stereo,,"12""",,,SM-9013-0,,Bin A,USA,Very Good (VG),Very Good (VG),2,6.16,13.5,Sm:)e Communications,"10"" Green EP Clear plastic sleeve with label

Manufactured By – Sm:)e Communications, Inc.
Distributed By – Sm:)e Communications, Inc.
Copyright © – Sm:)e Communications, Inc.
Phonographic Copyright ℗ – Sm:)e Communications, Inc.
Published By – Protoons, Inc.
Published By – Liquid Sky Music
Published By – Mute Song
Mastered At – Trutone Mastering Labs
Pressed By – Rainbo Records – S-31014
Pressed By – Rainbo Records – S-31015
Barcode: 7 92826 90130 1
Rights Society (A1, A2, B2): ascap
Rights Society (B1): prs
Matrix / Runout (A-Side Runout Etching): MASTERED BY TRUTONE P 3-95 SM-9013-0-1 S-31014
Matrix / Runout (B-Side Runout Etching): MASTERED BY TRUTONE P 3-95 SM-9013-0-2 S-31015","Sunday, 02/04/2024 @ 09:29:09 AM",C Jeremy Kucera,K:\Album Art\Various\NY Jungle EP front.jpg,K:\Album Art\Various\NY Jungle EP Back.jpg
792826904906,The Beat Is Over (Everything's Gone To The Beat),Basco vs. The Electroliners,1996,General Electronic,,Stereo,33.33333333,"12""",2,1,SM-9049-0,,Bin A,USA,Very Good Plus (VG+),Very Good Plus (VG+),4.99,9.25,20,Sm:)e Communications,"Clear sleeve with label

Mastered By – PA*
Written-By, Producer – Dobre, Jark
Somefour/Buma
B: Remix for Twich Recordings.

Under license from Foursome Music B.V.
(P)(C) 1996 Sm:)e Communications Inc.
Manufactured and distributed by Sm:)e Communications Inc.
Barcode: 7 92826 90490 6
Matrix / Runout (Side A): SM-9049-0-A MASTERED BY TRUTONE PA-8-96 S-34/06
Matrix / Runout (Side B): SM-9049-0-B S-34/07 MASTERED BY TRUTONE PA-8-96","Sunday, 02/04/2024 @ 09:40:16 AM",C Jeremy Kucera,K:\Album Art\Basco Vs. The Electroliners\The Beat Is Over (Everything's Gone To The Beat) label.jpg,K:\Album Art\Basco Vs. The Electroliners\The Beat Is Over (Everything's Gone To The Beat) front.jpg
15719,Ride The Pony,Peplab,1998,House,,Stereo,33.33333333,"12""",3,1,DP 48/2,,Bin A,UK,Very Good Plus (VG+),Good (G),0.25,1.24,7.53,Distinct'ive Records,"PROMO

Side A is 33 1/3 rpm
Side B is 45 rpm

Comes in a generic Distinct'ive Records promo sleeve.","Sunday, 02/04/2024 @ 09:53:29 AM",C Jeremy Kucera,K:\Album Art\Peplab\Ride The Pony front.jpg,K:\Album Art\Peplab\Ride The Pony back.jpg
075992132800,Personal Jesus,Depech Mode,1989,Electronic,,Stereo,33.33333333,"12""",5,1,0-21328,,Bin A,USA,Very Good (VG),Good (G),5,21.75,64.52,Sire,"Phonographic Copyright ℗ – Sire Records Company
Copyright © – Sire Records Company
Marketed By – Reprise Records
Recorded At – Logic Studios
Mixed At – Logic Studios
Mixed At – Worldwide International
Published By – Emile Music
Pressed By – Specialty Records Corporation
Record Company – Sire Records Company
Record Company – Warner Communications
Cover [Front And Back] – Anton Corbijn
Design [Designed By] – Anton Corbijn, Area (10)
Engineer [Engineered By] – Pino Pischetola
Producer – Depeche Mode, Flood
Written-By – M.L. Gore*
All songs recorded and mixed at Logic Studios, Milan. Except B2 mixed at Worldwide International.

Promotional copies issued with ""For Promotion Only"" gold stamped on sleeve.

Some copies have a sticker on front cover.

Matte cover.
Generic inner sleeve with rounded corners.
Barcode (Text): 0 7599-21328-0 0
Barcode (Scanned): 075992132800
Matrix / Runout (Runout, Etched, Side 1): SRC 0-21328-A SR1 1-1
Matrix / Runout (Runout, Etched, Side 2): SRC 0-21328-B SR2 1-1
Rights Society: ASCAP","Sunday, 02/04/2024 @ 09:58:29 AM",C Jeremy Kucera,K:\Album Art\Depeche Mode\Personal Jesus Front.jpg,K:\Album Art\Depeche Mode\Personal Jesus Back.jpg
075679653703,Back To Life (Club Mix),Soul II Soul,189,Other,,Stereo,33.33333333,"12""",5,1,0-96537,,Bin A,USA,Very Good Plus (VG+),Good Plus (G+),2,8,20.53,Virgin,"Slight damage to jacket on right edge at top and bottom.
Manufactured By – WEA
Distributed By – WEA
Phonographic Copyright ℗ – 10 Records Ltd.
Copyright © – Virgin Records America, Inc.
Published By – Virgin Music, Inc.
Produced For – Silent Productions Ltd.
Pressed By – Specialty Records Corporation
Design – Ranch Associates Limited
Photography By [Dancer] – Jamie Morgan*
Photography By [Jazzie B And Caron Wheeler] – Enrique Badulescu
Producer, Mixed By – Jazzie B, Nellee Hooper
Vocals – Caron Wheeler
Written-By – Romeo*
From the album 'Keep On Movin'' available on Virgin Records, Cassettes, and CD's

℗ 1989 10 Records Ltd
© 1989 Virgin Records America, Inc.
Barcode: 0 7567-96537-0 3
Pressing Plant ID (B Side Embossed near spindle ring.): E A S T
Matrix / Runout (Side A): ST DM 57331 57332-57331-1 SRC
Matrix / Runout (Side B): ST DM 57334 57335 SRC
Rights Society: ASCAP","Sunday, 02/04/2024 @ 10:04:06 AM",C Jeremy Kucera,K:\Album Art\Soul II Soul\Back to life (club mix) front.jpg,K:\Album Art\Soul II Soul\Back to life (club mix) back.jpg
LP7410059,Paranoid,Black Sabbath,1983,Rock,,Stereo,33.33333333,"12""",8,1,BSK 3104,,Bin A,USA,Very Good Plus (VG+),Good (G),11,25,40,Warner Bros. Records,"Damage to jacket along top edge.

Reissue, Winchester Pressing
Copyright © – Warner Bros. Records Inc.
Pressed By – Capitol Records Pressing Plant, Winchester
Published By – TRO-Andover Music, Inc.
Published By – Essex Music International Ltd.
Produced For – Tony Hall Enterprises
Recorded At – Regent Sound Studios
Recorded At – Island Studios
Bass Guitar – Terry ""Geezer"" Butler*
Composed By – Ward*, Butler*, Osbourne*, Iommi*
Design [Album Design], Photography By – Keef (4)
Drums – Bill Ward
Engineer – Brian Humphries, Tony Allom*
Lead Guitar – Tony Iommi
Producer – Rodger Bain
Vocals – Ozzy Osbourne
1983-1986 pressing with ghost labels. Gatefold sleeve.

© 1970 Warner Bros. Records
Pressing Plant ID (Runout): --◁
Matrix / Runout (Side A runout (etched)): BSK-1-3104 WW8 --◁
Matrix / Runout (Side B runout (etched)): BSK-1-3104 WW3 #2 --◁","Sunday, 02/04/2024 @ 10:13:37 AM",C Jeremy Kucera,K:\Album Art\Black Sabbath\Paranoid Front.jpg,K:\Album Art\Black Sabbath\Paranoid Back.jpg
042288393719,Boys Don't Cry (New Voice - Club Mix),The Cure,1986,Rock,,Stereo,45,"12""",3,1,883 937-1,,Bin A,Germany,Very Good Plus (VG+),Good (G),3.23,15.07,37.63,Fiction Records,"45 RPM, Maxi-Single
160 BPM
Distributed By – Polygram Musik Vertrieb
Phonographic Copyright ℗ – Fiction Records
Copyright © – Fiction Records
Made By – Metronome Musik GmbH
Published By – APB Music Co. Ltd.
Lacquer Cut At – PDO, Germany
Pressed By – PDO, Germany
Printed By – PRS Hannover
Producer – Parry* (tracks: A), Allen*, Smith*
Written-By – Tolhurst*, Dempsey*, Smith*
On label:
Made in Germany by Metronome Musik GmbH

On cover:
Auch als Single erhältlich

[Track A] Resung & club mixed February 86 originally released June 79
[Tracks B1 & B2] Previously unreleased original recording February 79 remixed February 86
BPM 160

℗ Fiction Records 1986
© Fiction Records 1986
Ein Produkt der Metronome Musik GmbH im Vertrieb von PMV (PolyGram Musik Vertrieb) Glockengießerwall 3, 2000 Hamburg 1

Another version pressed by Sonopress shows a lightly different label layout and an additional bass clef on matrix.
Barcode (Text): 0 42288 39371 9
Barcode (Scanned): 042288393719
Rights Society: GEMA
Label Code: LC 6444
Other (Embossed non ink stamp on back cover): PRS Hannover
Matrix / Runout (Label side A): 883 937-1 S 1
Matrix / Runout (Label side B): 883 937-1 S 2
Matrix / Runout (Runout side A, variant 1): 883 937-1 S 1 320 1 F
Matrix / Runout (Runout side B, variant 1): 883 937-1 S 2 320 1 G
Matrix / Runout (Runout side A, variant 2): 883 937-1 S 1 320 1 N
Matrix / Runout (Runout side B, variant 2): 883 937-1 S 2 320 1 N
Matrix / Runout (Runout side A, variant 3): 883 937-1 S 1 320 1 NA
Matrix / Runout (Runout side B, variant 3): 883 937-1 S 2 320 1 NA","Sunday, 02/04/2024 @ 10:21:59 AM",C Jeremy Kucera,K:\Album Art\The Cure\Boys Don't Cry (New Voice - Club Mix) front.jpg,K:\Album Art\The Cure\Boys Don't Cry (New Voice - Club Mix) Back.jpg
075596670401,Fascination Street,The Cure,1989,Rock,,Stereo,33.33333333,"12""",3,1,0-66704,,Bin A,USA,Very Good Plus (VG+),Very Good (VG),11.68,23.7,53.76,Electra,"Record Company – Warner Communications Inc.
Record Company – Fiction Records Ltd.
Phonographic Copyright ℗ – Elektra/Asylum Records
Copyright © – Elektra/Asylum Records
Published By – Fiction Songs Ltd.
Manufactured By – Elektra/Asylum/Nonesuch Records
Lacquer Cut At – Atlantic Studios
Pressed By – Specialty Records Corporation
Lacquer Cut By – DK*
Producer – David M. Allen, Robert Smith
Written-By – Williams*, Tolhurst*, Thompson*, Smith*, O'Donnell*, Gallup*
[sleeve]
The Elektra album ""Disintegration"" 60855
[B1, B2] Unavailable on LP
Elektra/Asylum Records. A Division of Warner Communications, Inc.
℗ © 1989 Elektra/Asylum Records
All rights reserved. Printed in U.S.A.

[labels]
Pub., Fiction Songs Ltd.
Original Sound Recording made by Fiction Records Ltd.
The Elektra LP 60855 - ""Disintegration""
℗ 1989 Elektra/Asylum Records.
Mfg by Elektra/Asylum/Nonesuch Records, a division of Warner Communications, Inc.

Released in a side opening hard cardboard sleeve with a gloss finish. Spine with text.
Plain white paper inner with deeply curved corners.

On the sleeve, tracks are numbered sequentially across the release, 1 to 3.
Barcode (Scanned): 075596670401
Barcode (Printed): 0 7559-66704-0 1
Matrix / Runout (Side A runout, variant 1): ST-ED-77704A-3
Matrix / Runout (Side B runout, variant 1): ST-ED-77704B-3
Matrix / Runout (Side A, etched/stamped runout, variant 2): SRC ST-ED-66704A-4 ATLANTIC STUDIOS D.K.
Matrix / Runout (Side B, etched/stamped runout, variant 2): ST-ED-66704B-4 Q B-35036-4 ∆ 24753-X 1-1 ATLANTIC STUDIOS D.K.
Matrix / Runout (Side A, etched/stamped runout, variant 3): SRC ST-ED-66704A-3 1-1 ATLANTIC STUDIOS D.K.
Matrix / Runout (Side B, etched/stamped runout, variant 3): SRC ST-ED-66704B-3 1-2 ATLANTIC STUDIOS D.K.
Matrix / Runout (Side A, etched/stamped runout, variant 4): SRC ST-ED-66704A-4 B-35035-4 ∆ 24753 ATLANTIC STUDIOS D.K.
Matrix / Runout (Side B, etched/stamped runout, variant 4): SRC ST-ED-66704B-4 B-35035-6 ∆ 24753-X 1-1","Sunday, 02/04/2024 @ 10:25:52 AM",C Jeremy Kucera,K:\Album Art\The Cure\Fascination Street front.jpg,K:\Album Art\The Cure\Fascination Street back.jpg
LP7410060,Tectonics,Adam Freeland,1999,,,Stereo,33.33333333,"12""",8,3,UL 1056,,Bin A,USA,Very Good (VG),No Jacket,2,8.94,37.63,Ultra Records,"Jacket Missnig. Three records in white inner sleeves inside of a clear plastic outer jacket cover. 
Compiled By – Adam Freeland
Written-By, Producer – 3 Mile Island (tracks: F1), Simon Rogers (tracks: F2)
The sleeve incorrectly states that Pig Chase & My Mind are on the same side of disc 2. But they actually are each given fullsided pressings while Liposuction & Isokora share the F side (Plate 6) of disc 3.
Barcode: 6 17465 10561 6","Sunday, 02/04/2024 @ 10:38:56 AM",C Jeremy Kucera,K:\Album Art\Adam Freeland\Tectonics Disk 1.jpg,K:\Album Art\Adam Freeland\Tectonics Disk 3.jpg
5029684033567,Gotta Get It,Freaky Jalapeno,1998,Electronic,,Stereo,45,"12""",2,1,FLR008,,Bin A,UK,Very Good Plus (VG+),Very Good Plus (VG+),0.85,7.59,20.43,Finger Lickin' Records,"In Red and Organe Finger Lickin' Records sleeve
UPC Sticker on back.
Other barcode with price on front.

Written By, Producer, Arranged By – Duncan Scott (4), Jem Panufnik
Barcode (Scanned): 5029684033567","Sunday, 02/04/2024 @ 10:57:12 AM",C Jeremy Kucera,K:\Album Art\Freaky Jalapeno\Gotta Get It front.jpg,K:\Album Art\Freaky Jalapeno\Gotta Get It back.jpg
601215835014,You Know My Name,South Park Mexican,2000,Other,,Stereo,33.33333333,"12""",4,1,012 158 350-1,,Bin A,USA,Very Good Plus (VG+),Very Good Plus (VG+),1.03,4.28,7.5,Univeral Records,"In Black sleeve with label

Manufactured By – Universal Records
Marketed By – Universal Records
Executive-Producer – Arthur Coy Jr., Carlos Coy
2000 Dope House Records","Sunday, 02/04/2024 @ 11:14:41 AM",C Jeremy Kucera,K:\Album Art\South Park Mexican\You Know My Name front.jpg,K:\Album Art\South Park Mexican\You Know My Name back.jpg
14287,The E.P.,DJ's Friction & Spice,1998,Electronic,,Stereo,33.33333333,"12""",3,1,Cosmic 014,,Bin A,USA,Very Good Plus (VG+),Very Good Plus (VG+),4.9,15,26.83,Cosmic Records,"Copyright © – Cosmic Records (4)
Producer – Friction & Spice
Written-By, Arranged By – Justin Scott Dixon
© 1998","Sunday, 02/04/2024 @ 11:22:48 AM",C Jeremy Kucera,K:\Album Art\DJs Friction & Spice\The EP Front.jpg,K:\Album Art\DJs Friction & Spice\The EP Back.jpg
5019148215561,New Kick E.P.,Shizuo/Give UP,1997,Electronic,,Stereo,45,"12""",4,1,DHR 17,,Bin A,UK,Very Good Plus (VG+),Very Good Plus (VG+),4.3,8,15.3,Digital Hardcore Recordings (DHR),"12""","Sunday, 02/04/2024 @ 11:29:56 AM",C Jeremy Kucera,K:\Album Art\Shizuo\New Kick EP front.jpg,K:\Album Art\Shizuo\New Kick EP back.jpg
17192,Can You Feel It,Chris Gallagher,1998,Electronic,,Stereo,33.33333333,"12""",2,1,XR005,,Bin A,USA,Very Good Plus (VG+),Very Good Plus (VG+),4,9.22,19,Xquizit Records,"12""
With original packaging
Barcode label with price on front. ","Sunday, 02/04/2024 @ 11:35:07 AM",C Jeremy Kucera,K:\Album Art\Chris Gallagher\Can You Feel It Front.jpg,K:\Album Art\Chris Gallagher\Can You Feel It Back.jpg
016861196912,Go Get On It,Southside Reverb,1997,Electronic,,Stereo,33.33333333,"12""",4,1,ESU 1969,,Bin A,USA,Very Good Plus (VG+),Very Good Plus (VG+),0.99,9.41,20,ESP-SUN Records,,"Sunday, 02/04/2024 @ 11:40:52 AM",C Jeremy Kucera,K:\Album Art\Southside Reverb\Go Get On It Front.jpg,K:\Album Art\Southside Reverb\Go Get On It Back.jpg
758148004717,All Of Us Can Be Rich...,Ec8or,1997,Electronic,,Stereo,33.33333333,"12""",14,2,GR 047,,Bin A,USA,Very Good Plus (VG+),Very Good Plus (VG+),4.99,12.35,29.56,Grand Royal,Need to take a better pictures of album cover front and back.,"Sunday, 02/04/2024 @ 11:49:21 AM",C Jeremy Kucera,K:\Album Art\Ec8or\All Of Us Can Be Rich...front.jpg,
19052,It Ain't Gonna Be Me,CJ Bolland,1999,Electronic,,Stereo,33.33333333,"12""",2,1,EXDJ5,,Bin A,UK,Very Good Plus (VG+),Very Good Plus (VG+),0.81,2.75,6.54,Essential Recordings,"12"" 
Promo
Matrix / Runout (Runout): ESXDJ 5","Sunday, 02/04/2024 @ 11:53:18 AM",C Jeremy Kucera,K:\Album Art\CJ Bolland\It Aint Gonna Be Me front.jpg,K:\Album Art\CJ Bolland\It Aint Gonna Be Me back.jpg
042287384916,Strike To The body,Die Warzau,1990,EDM,,Stereo,33.33333333,"12""",6,1,873 849-1,,Bin A,USA,Very Good Plus (VG+),Very Good Plus (VG+),1.35,3.24,12.9,Fiction Records,"Phonographic Copyright ℗ – Fiction Records Ltd.
Copyright © – Fiction Records Ltd.
Producer, Engineer – Die Warzau, Jeffy Newell*, SSL (3)
Songwriter – Marcus*, Christie*
A1, B2 additional production and re-mix for 7 Days Productions.

Licensed from Fiction Records (UK).

Printed in USA

Promotional copy
Not for sale
Barcode (Text): 0 422-873849-1 6","Sunday, 02/04/2024 @ 11:56:48 AM",C Jeremy Kucera,K:\Album Art\Die Warzau\Strike To The Body Front.jpg,K:\Album Art\Die Warzau\Strike To The Body Back.jpg
5021620911625,Dope On Plastic! 5,Various,1998,Electronic,,Stereo,33.33333333,"12""",16,4,REACT LP 118,,Bin A,UK,Very Good Plus (VG+),Very Good Plus (VG+),5.06,15.27,30,React,Needs new images of front and back album cover,"Sunday, 02/04/2024 @ 12:02:17 PM",C Jeremy Kucera,K:\Album Art\Various\Dope On Plastic 5 Front.jpg,
4026002130442,The Beat Of Bagdad,DJ Hunger @ Ground Zero,1999,Electronic,,Stereo,33.33333333,"12""",4,1,TR3044,,Bin A,Germany,Very Good Plus (VG+),Very Good Plus (VG+),0.63,2.58,9.06,Tunnel Records,"12""

Distributed By – Music Mail
Phonographic Copyright ℗ – Tunnel Records GmbH
Copyright © – Tunnel Records GmbH
Published By – EEC
Published By – EMI
Published By – Edition Groundzero
Lacquer Cut At – SST Brüggemann GmbH
Lacquer Cut By – SST (8)
Music By – B. Zimmermann*, DJ Hunter, P. Staudinger*
Text By – A. Landvogt, B. Zimmermann*, P. Staudinger*
Written-By, Producer – DJ Hunter, Lars Z.*, Phil S.*
Published by Groundzero Publ. / EEC / EMI
℗ + © Tunnel Records GmbH

Distributed excl. by Music Mail

All tracks: 140 bpm
Barcode: 4 026002 130442
Matrix / Runout (Side A): TR 3044 A SST 45 UPM
Matrix / Runout (Side B): TR 3044 B SST 33 UPM
Rights Society: GEMA
Label Code: LC 02469","Sunday, 02/04/2024 @ 12:12:20 PM",C Jeremy Kucera,K:\Album Art\DJ Hunter At Ground Zero\The Beat of Bagdad Front.jpg,K:\Album Art\DJ Hunter At Ground Zero\The Beat of Bagdad Label.jpg
10107,Everybody Thinks I'm Paranoid,Dr Bone,1998,Electronic,,Stereo,33.33333333,"12""",4,1,SKINT 34,,Bin A,UK,Very Good Plus (VG+),Very Good Plus (VG+),0.41,2.09,7,Skint,"12""
Phonographic Copyright ℗ – Skint Records
Copyright © – Skint Records
Published By – PolyGram Music
Published By – Original Artists Music
Published By – Sony Music
Distributed By – 3MV
Distributed By – Pinnacle (3)
Pressed By – Orlake Records
Lacquer Cut At – The Exchange
Lacquer Cut By – Simon*
Producer, Written-By – Ashley Slater, Simon Thornton
""℗ SKINT RECORDS 1998""
""© SKINT RECORDS 1998""
Matrix / Runout (Etched runout, side A): SKINT+34+A ORLAKE SIMON-THE EXCHANGE
Matrix / Runout (Etched runout, side B): SKINT+34+AA ORLAKE SIMON-THE EXCHANGE","Sunday, 02/04/2024 @ 12:58:38 PM",C Jeremy Kucera,K:\Album Art\DR Bone\Everybody Thinks Im Paranoid front.jpg,K:\Album Art\DR Bone\Everybody Thinks Im Paranoid back.jpg
LP7410061,Suckas Down,Liquitek,1997,EDM,,Stereo,33.33333333,"12""",3,1,BL 02,,Bin A,USA,Very Good Plus (VG+),Very Good Plus (VG+),1,5,30,Black Licorice Recordings,"12""
Written-By, Producer – Eric Davenport, M. Knapp*","Sunday, 02/04/2024 @ 01:04:39 PM",C Jeremy Kucera,K:\Album Art\Liquitek\Suckas Down front.jpg,K:\Album Art\Liquitek\Suckas Down back.jpg
LP7410062,Hypnotize,DJ Dic,1998,Trance,,Stereo,33.33333333,"12""",3,1,HD 016,,Bin A,USA,Very Good Plus (VG+),Poor (P),5,36.78,85,Hoodwink Records,"Need images of back
Needs new jacket, damage to top of original
","Sunday, 02/04/2024 @ 01:36:10 PM",C Jeremy Kucera,K:\Album Art\DJ Dic\Hypnotize front.jpg,
641017700516,Sun God,DJ Apache,1998,Electronic,,Stereo,33.33333333,"12""",2,1,KNIGHT-017,,Bin A,USA,Very Good (VG),Very Good Plus (VG+),10,33.32,129.9,Knight Life Recordings,"12""
Engineered At – Knight Life Studio
Mastered At – Cosmic Studios (2)
Lacquer Cut At – A+R Record Manufacturing Corporation – 9802X47
Pressed By – A+R Record Manufacturing Corporation – 9802X47
Matrix / Runout (A-side runout etching): 9802X47-A A+R SPGII
Matrix / Runout (B-side runout etching): 9802X47-B A+R SPGII
Pressing Plant ID (Etched in runouts): A+R","Sunday, 02/04/2024 @ 01:42:35 PM",C Jeremy Kucera,K:\Album Art\DJ Apache\Sun God front.jpg,K:\Album Art\DJ Apache\Sun God back.jpg
LP7410063,Acid Flux / Beatbox Anthem,Spiral Mass,1996,Electronic,,Stereo,33.33333333,"12""",4,1,TW 002,,Bin A,USA,Very Good Plus (VG+),Good (G),3.04,8,19.99,Tweak! Records,"12"" Promo","Sunday, 02/04/2024 @ 01:53:29 PM",C Jeremy Kucera,K:\Album Art\Spiral Mass\Acid Flux - Beatbox Anthem front.jpg,K:\Album Art\Spiral Mass\Acid Flux - Beatbox Anthem back.jpg
12607,Can U Feel?,Weapon X,1998,Electronic,,Stereo,33.33333333,"12""",5,1,VWX4,,Bin A,USA,Very Good Plus (VG+),Very Good (VG),2.69,9.38,21.51,V-Wax Inc,"12""
Green Transparent
Need to take better images of jacket.","Sunday, 02/04/2024 @ 02:00:06 PM",C Jeremy Kucera,K:\Album Art\Weapon X\Can You Feel front.jpg,K:\Album Art\Weapon X\Can You Feel back.jpg
LP7410064,Mothership Reconnection (Daft Punk Remix),Scott Grooves,1998,House,,Mono,33.33333333,"12""",3,1,,,Bin A,USA,Very Good (VG),Good Plus (G+),1,8,22,Soma Quality Records?,"12""
White label promo
Blank label side, Two tracks are unkown. Find out what these tracks are. 
NEED IMAGES
Value and Rarity unknown.
No CAT# to find. 
More research on this record. ","Sunday, 02/04/2024 @ 02:27:02 PM",C Jeremy Kucera,,
098707879111,Simple Man,Wink Featuring The Interpreters,1998,Electronic,,Stereo,33.33333333,"12""",5,1,44 78791,,Bin A,USA,Very Good Plus (VG+),Fair (F),0.89,2.99,11.14,"Ovum Recordings, Ruffhouse Recordings, Columbia","Manufactured By – Columbia Records
Phonographic Copyright ℗ – Ruffhouse Records
Copyright © – Ruffhouse Records
Mastered At – Mastervoice
Produced At – Ovum Sound Studios
Mixed At – 3rd Story Recording Studio
Published By – EMI April Music Inc.
Published By – EMI Music Publishing Ltd.
12""
Published By – Wink Like That Music
Published By – Mathemagian Music
Engineer [Additional Vocal Engineering] – Ron A. Shaffer*
Executive-Producer – C. Schwartz*, J. Nicolo*, J. Wink*, K. Glickman*, K. Britt*, M. Brookman*
Featuring – The Interpreters
Mastered By – Manny Lecuona
Vocals [Interpreted By], Written-By – Herschel Gaer
Written-By, Producer – Josh Wink
Published by EMI April Music Inc. / EMI Music Publishing Ltd. / Wink Like That Music / Mathemagian Music (ASCAP).
Herschel Gaer appears courtesy of Free World Records.
Remix and additional production on B1 for Run Productions. Optical appears courtesy of Virus Recordings.
Mastered at Mastervoice (Conshohocken, PA).
Additional mixing at 3rd Story Recording Studios.
Taken from the forthcoming Wink debut album HEREHEAR (67850) on Ovum / Ruffhouse / Columbia.

℗ & © 1998 Ruffhouse Records L.L.C.
Manufactured by Columia Records.
Barcode: 098707879111
Matrix / Runout (Label Side A): XSS 78791A
Matrix / Runout (Label Side B): XSS 78791B
Matrix / Runout (Etchings Side A): XSS-78791A-1A RJ
Matrix / Runout (Etchings Side B): XSS-78791B-1B RJ","Sunday, 02/04/2024 @ 02:26:56 PM",C Jeremy Kucera,K:\Album Art\Wink Featuring The Interpreters\Simple Man front.jpg,K:\Album Art\Wink Featuring The Interpreters\Simple Man back.jpg
5018615417163,Expand The Room (Disc One),The Light,1999,EDM,,Stereo,33.33333333,"12""",2,1,HOOJ 71,,,UK,,,0.87,2.53,11.37,Hooj Choons,"12""
Phonographic Copyright ℗ – Hooj Choons Ltd.
Copyright © – Hooj Choons Ltd.
Produced For – DMC Management
Published By – Sherlock Holmes Music Ltd.
Distributed By – Vital (2)
Engineer – Alan Bremner
Written-By, Producer – Joe Williams (3), John Ross
℗ 1999 Hooj Choons Ltd.
© 1999 Hooj Choons Ltd.
Barcode (Text): 5 018615 417163","Sunday, 02/04/2024 @ 02:42:40 PM",C Jeremy Kucera,K:\Album Art\The Light\Expand The Room Front.jpg,K:\Album Art\The Light\Expand The Room record.jpg
LP7410065,Green Line Acid,Metro,1996,Electronic,,Stereo,33.33333333,"12""",2,1,BASSEX 010,,Bin A,USA,Very Good (VG),Fair (F),8,29.62,55,Bassex Records,"12""
Producer, Programmed By – Xpando
Written-By – Eric Davenport, Mike Knapp","Sunday, 02/04/2024 @ 02:49:00 PM",C Jeremy Kucera,K:\Album Art\Metro\Green Line Acid Front.jpg,K:\Album Art\Metro\Green Line Acid Back.jpg
5033197089461,Happiness Happening,Lost Witness,1999,Trance,,Stereo,33.33333333,"12""",4,1,VVR5008946,,Bin A,UK,Very Good Plus (VG+),Very Good Plus (VG+),0.86,5.38,22.58,V2 Records,"Ministry Of Sound
12""
Published By – Complete Music Ltd.
Lyrics By – Ed Barton*
Written-By, Producer – Simon Kemper, Simon Paul (2)
Published by Complete Music.
Words for Wooden Music.
Barcode: 5033197089461","Sunday, 02/04/2024 @ 03:27:34 PM",C Jeremy Kucera,K:\Album Art\Lost Witness\Happiness Happening front.jpg,K:\Album Art\Lost Witness\Happiness Happening back.jpg
724383859016,Spin Spin Sugar,Sneaker Pimps,1996,House,,Stereo,33.33333333,"12""",4,2,Y-38590,,Bin A,USA,Very Good Plus (VG+),Very Good Plus (VG+),3.8,11.85,21.51,Clean Up Records,"12""
Phonographic Copyright ℗ – Clean Up Records Ltd.
Copyright © – Clean Up Records Ltd.
Licensed To – Virgin Records America, Inc.
Manufactured By – Virgin Records America, Inc.
Published By – BMG Music Publishing Ltd.
Artwork – Sally*
Photography By – Daveboy
Producer [Original], Engineer [Original], Mixed By [Original] – Line Of Flight
Written-By – Corner*, Pickering*, Howe*
""Spin Spin Sugar"" from the album ""Becoming X""
Available on Virgin cassettes and compact discs. 42587

Virgin logo is not present on this release.

A1 Remixed for X-Mix Productions.
B1 Remixed/Engineered at Lovebreaks Studio courtesy of Junior Boys Own.

Published by BMG Music Publishing Ltd. (PRS)
All rights administered by BMG Songs, Inc. (ASCAP)
℗ & © 1996 Clean Up Records Ltd.
Issued under exclusive license in the United States to Virgin Records America, Inc.
Manufactured by Virgin Records America, Inc.
Printed in the USA.

Spin Spin Sugar (LP Version) contains sample from Luciano Berio's ""Visage"" taken from the album ""Electronic Music"".
℗ 1953 Universal Edition A.G., Wien.
Barcode (Text): 7 2438-38590-1 6
Barcode (Scanned): 724383859016
Matrix / Runout (Side A, etched): SPRO-12259-A
Matrix / Runout (Side B, etched): SPRO-12259-B","Sunday, 02/04/2024 @ 03:31:15 PM",C Jeremy Kucera,K:\Album Art\Sneaker Pimps\Spin Spin Sugar front.jpg,K:\Album Art\Sneaker Pimps\Spin Spin Sugar back.jpg
098707841613,Are You There?,Josh Wink,1996,Electronic,,Stereo,33.33333333,"12""",5,1,44 78416,,Bin A,USA,Very Good Plus (VG+),Very Good Plus (VG+),1.43,4.27,8,Ovum Recordings,"12""
Phonographic Copyright ℗ – Ovum Recordings
Phonographic Copyright ℗ – Sony Music Entertainment Inc.
Copyright © – Sony Music Entertainment Inc.
Published By – Wink Like That Music
Published By – EMI Music Publishing Ltd.
Executive-Producer – Josh Wink, Kevon Glickman, King Britt
Producer – Josh Wink
Catalog number on spine & inner label: 44 78416
Catalog number on sleeve sticker: 44K 78416-S1

""Special mixes taken from the forthcoming Ovum Recordings Wink debut full-length release Josh Wink - Herehear

Track durations not given on release.
Barcode (Text): 0 9870-78416-1 3
Matrix / Runout (Side A Runout Groove Etching): XSS-78416A-1A
Matrix / Runout (Side B Runout Groove Etching): XSS-78416B-1A
Matrix / Runout (Side A Inner Label): XSS 78416A
Matrix / Runout (Side B Inner Label): XSS 78416B","Sunday, 02/04/2024 @ 03:37:26 PM",C Jeremy Kucera,K:\Album Art\Josh Wink\Are You There Front.jpg,K:\Album Art\Josh Wink\Are You There Back.jpg
5025425504662,"Right Here, Right now",Fat Boy Slim,1999,EDM,,Stereo,33.33333333,"12""",3,1,SKINT 46,,Bin A,UK,Very Good Plus (VG+),Very Good Plus (VG+),5.62,9.32,18.97,Skint,"12"" Single
Phonographic Copyright ℗ – Skint Records
Copyright © – Skint Records
Distributed By – 3MV
Distributed By – Pinnacle (3)
Mastered At – The Exchange
Mastered At – P.R. Records Limited
Pressed By – P.R. Records Limited
Published By – Polygram Music Ltd.
Published By – Pamco Music
Published By – MCA Music Ltd.
Published By – PolyGram Music
Published By – Maat Music Inc.
Engineer, Mixed By – Simon Thornton
Mastered By [DMM] – Mandy*
Plated By – G (55)
Producer – Fatboy Slim
Track A contains elements from ""Ashes the rain and I"" by The James Gang courtesy of MCA Records under licence from Universal Music Special Markets.
Track B2 contains elements from ""Take Yo' Praise"" by Camille Yarborough under licence from Welk Music Group.

Made In England
DMM Mastering.
Barcode (Scanned): 5025425504662
Barcode (Text): 5 025425 504662
Matrix / Runout (Variant 1 - Side A runout etched): SKINT 46 - A1 PR-G DMM N MANDY THE EXCHANGE DMM
Matrix / Runout (Variant 1 - Side B runout etched): SKINT 46 - AA1 PR-G DMM N
Matrix / Runout (Variant 2 - Side A runout etched): SKINT 46 - A1 PR-G DMM P MANDY THE EXCHANGE DMM
Matrix / Runout (Variant 2 - Side B runout etched): SKINT 46 - AA1 PR-G DMM 9","Sunday, 02/04/2024 @ 03:41:38 PM",C Jeremy Kucera,K:\Album Art\Fat Boy Slim\Right Here Right Now Front.jpg,K:\Album Art\Fat Boy Slim\Right Here Right Now Back.jpg
5025425503962,Gangster Trippin,Fat Boy Slim,1998,Electronic,,Stereo,33.33333333,"12""",3,1,SKINT 39,,Bin A,UK,Very Good Plus (VG+),Very Good Plus (VG+),2.01,3.83,9.57,Skint,"12""
Lacquer Cut At – The Exchange
Pressed By – P.R. Records Limited
Phonographic Copyright ℗ – Skint Records
Copyright © – Skint Records
Distributed By – 3MV
Distributed By – Pinnacle (3)
Lacquer Cut By – Guy's*
Samples Are Beat Box Wash By The Dust Junkys And
Entrophy By Dj Shadow .

Made In England
Barcode (Text & Scanned): 5025425503962
Matrix / Runout (Side A): SKINT 39 A1 Guy's THE EXCHANGE
Matrix / Runout (Side B): SKINT 39 AA1 PR-E","Sunday, 02/04/2024 @ 03:45:51 PM",C Jeremy Kucera,K:\Album Art\Fat Boy Slim\Gangster Trippin Front.jpg,K:\Album Art\Fat Boy Slim\Gangster Trippin Back.jpg
5025425503566,The Rockafeller Skank,Fat Boy Slim,1998,EDM,,Stereo,33.33333333,"12""",3,1,Skint 35,,Bin A,UK,Very Good Plus (VG+),Good (G),3.55,10,20.24,Skint,"12""
Published By – Polygram Music
Engineered At – The House Of Love (2)
Mixed At – The House Of Love (2)
Phonographic Copyright ℗ – Skint Records
Copyright © – Skint Records
Distributed By – 3MV
Distributed By – Pinnacle (3)
Lacquer Cut At – The Exchange
Pressed By – P.R. Records Limited
Design [Sleeve Designed] – Red Design
Engineer, Mixed By – Simon Thornton
Lacquer Cut By – Simon*
Photography By [Photo Courtesy Of] – Rex Features
Plated By – M (91)
Written-By, Producer – F.Slim*
Rockafeller Skank is taken from the forthcoming Skint album ""Let's Hear It From The Little Guy"".

℗ Skint Records 1998 © Skint Records 1998.

Made In England.

The Rockafeller Skank is entirely based on the old Just Brothers funk classic 'Sliced Tomatoes'.
B 2 is the 303 riff sequence from previous Fatboy Slim track 'Everybody Needs a 303'
Barcode (Scanned): 5025425503566
Barcode (Text): 5 025425 503566
Matrix / Runout (Runout side A, etched): SKINT 35 - A1 SIMON - THE EXCHANGE PR-m K
Matrix / Runout (Runout side B, etched): SKINT 35AA1 PR-m SIMON - THE EXCHANGE E","Sunday, 02/04/2024 @ 03:49:52 PM",C Jeremy Kucera,K:\Album Art\Fat Boy Slim\The Rockafeller Skank front.jpg,K:\Album Art\Fat Boy Slim\The Rockafeller Skank back.jpg
634904111663,Jump N' Shout,Basement Jaxx,1999,EDM,,Stereo,33.33333333,"12""",3,1,XLT 116,,Bin A,UK,Very Good Plus (VG+),Very Good Plus (VG+),1.25,3.28,12.09,XL Recordings,"12""
Published By – MCA Music
Published By – Hero Music
Published By – Momentum Music (2)
Phonographic Copyright ℗ – XL Recordings Ltd.
Phonographic Copyright ℗ – XL Recordings
Copyright © – XL Recordings
Lacquer Cut At – The Exchange
Pressed By – Damont
Lacquer Cut By – Guy's*
Published by MCA Music/Hero Music/Momentum Music except track A2 published by MCA Music.
Made in England.
℗ XL Recordings 1999 © XL Recordings 1999.
Barcode: 6 34904 11166 3
Matrix / Runout (Runout side A): XLT 116 A¹ DAMONT Guy's THE EXCHANGE
Matrix / Runout (Runout side AA): XLT 116 AA¹ DAMONT","Sunday, 02/04/2024 @ 03:53:32 PM",C Jeremy Kucera,K:\Album Art\Basement Jaxx\Jump N Shout front.jpg,K:\Album Art\Basement Jaxx\Jump N Shout back.jpg
634904110062,Red Alert,Basement Jaxx,1999,Electronic,,Stereo,33.33333333,"12""",3,1,XLT 100,,Bin A,UK,Very Good (VG),Very Good (VG),2.1,6.49,21.52,XL Records,"12"" Single
Published By – MCA Music
Distributed By – Vital (2)
Phonographic Copyright ℗ – XL Recordings
Copyright © – XL Recordings
Lacquer Cut At – The Exchange
Pressed By – Damont
Produced For – Double Platinum Productions, Inc.
Mixed At – Platinum Audio
Lacquer Cut By – Mike's*
Mixed By, Producer – Basement Jaxx
Vocals – Blue*
Vocals [Word Bitz] – KDL Allstars
Written-By – Buxton*, Ratcliffe*
Entered and peaked at #5 on the UK singles chart, 1st May 1999.

""Red Alert Red Alert It's a catastrophe. But don't worry, don't panic. Ain't nothing goin' on but history But it's alright, don't panic. And the music keeps on playing on and on...""

""Contains a sample from 'Far Beyond' performed by Locksmith. Used courtesy of Arista Records Inc.""

""Track B1 remix and additional production"" ""for Double Platinum Productions, inc."" ""Mixed for Platinum Audio.""

The copyright in this sound recording is owned by XL Recordings Ltd.
℗ XL Recordings 1999. © XL Recordings 1999.
Made in England.

Runouts are etched.
Barcode (UPC-A): 634904110062
Barcode (Text): 6 34904 11006 2
Matrix / Runout (Runout Side A): MIKE'S – THE EXCHANGE XLT 100 A3 DA MONT
Matrix / Runout (Runout Side B): XLT 100DJ1 B2 MIKE'S – THE EXCHANGE ꓕNOWⱯꓷ","Monday, 02/05/2024 @ 04:31:33 PM",C Jeremy Kucera,K:\Album Art\Basement Jaxx\Red Alert Front.jpg,K:\Album Art\Basement Jaxx\Red Alert Back.jpg
075596666404,Lullaby,The Cure,1989,Electronic,,Stereo,33.33333333,"12""",3,1,0-66664,,Bin A,USA,Very Good Plus (VG+),Very Good Plus (VG+),13.99,20.37,64.52,Elektra,"12""
Phonographic Copyright ℗ – Elektra Entertainment
Copyright © – Elektra Entertainment
Record Company – Warner Communications Inc.
Marketed By – Elektra
Distributed By – Elektra
Manufactured By – Elektra Entertainment
Pressed By – Specialty Records Corporation
Published By – Fiction Songs Ltd.
Recorded At – Wembley Arena
Mastered At – Masterdisk
Artwork, Design – Parched Art
Producer – David M. Allen, Robert Smith
Written-By – Williams*, Tolhurst*, Thompson*, Smith*, O'Donnell*, Gallup*
[On sleeve]
Lullaby is taken from the LP Disintegration.

This music has been mixed to be played loud so turn it up.

Elektra Entertainment, A Division of Warner Communications Inc.
℗ © 1989 Elektra Entertainment
All rights reserved. Printed in U.S.A.

[On labels]
Original sound recording made by Fiction Records Ltd
Pub by Fiction Songs Ltd, Ascap
Mfg. by Elektra Entertainment, A Division of Warner Communications Inc.

Released in hard cardboard picture sleeve.
Although uncredited, B1 & B2 were recorded live at Wembley, July 1989, later released on the Entreat LP.

Runouts are hand-etched except for the stamped ’MASTERDISK’ and [SRC logo].

Barcode (Text): 0 7559-66664-0 4
Matrix / Runout (Side A runout): STED-66664-A1 [SRC logo]
Matrix / Runout (Side B runout): STED-66664-B1 MASTERDISK [SRC logo]
Rights Society: ASCAP","Monday, 02/05/2024 @ 04:29:15 PM",C Jeremy Kucera,K:\Album Art\The Cure\Lullaby Front.jpg,K:\Album Art\The Cure\Lullaby Back.jpg
075596668705,Love Song,The Cure,1989,Electronic,,Stereo,33.33333333,"12""",4,1,0-66687,,Bin A,USA,Very Good (VG),Very Good (VG),14.99,32.1,81.5,Elektra,"12""
Phonographic Copyright ℗ – Elektra/Asylum Records
Copyright © – Elektra/Asylum Records
Published By – Fiction Songs Ltd.
Lacquer Cut At – Masterdisk
Pressed By – Specialty Records Corporation
Artwork – Maya (50)
Lacquer Cut By – Hw*
Producer – Allen*, Smith*
Remix – Parry*, Saunders*, Smith*
Written-By – Williams*, Tolhurst*, Thompson*, Smith*, O'Donnell*, Gallup*
""Lovesong"" is rendered as one word as the main title of this release on both the cover and the spine. The track name, however, is rendered as two words (""Love Song"") in the tracklisting (for tracks A1 and A2) on the back. However, it is rendered as one word (""Lovesong"") in the tracklisting (for tracks A1 and A2) on the record label.

Remixed from the Elektra LP 60855-""Disintegration""

Presented in a side opening gloss sleeve, spine with text. Plain white die cut inner with deeply curved corners.

Fiction Songs Ltd. ASCAP
Elektra/Asylum Records. A Division of Warner Communications, Inc.
℗ © 1989 Elektra/Asylum Records.
Printed in U.S.A.

B1 & B2 unavailable on LP
Paper label, titles on B-side label.
Barcode (Printed): 0 7559-66687-0 5
Rights Society: ASCAP
Pressing Plant ID (Side B, center pressing ring, embossed): E A S T
Matrix / Runout (Stamped on sides A/B): SRC MASTERDISK
Matrix / Runout (Hand-etched A side, variant 1): ST ED 66687 A-1 Hw
Matrix / Runout (Hand-etched B side, variant 1): ST ED 66687 B-1 Hw
Matrix / Runout (Hand-etched A side, variant 2): ST-ED· 66687 A-1 1-1 Hw
Matrix / Runout (Hand-etched B side, variant 2): ST ED- 66687 B-1 Hw 1-1","Monday, 02/05/2024 @ 04:28:25 PM",C Jeremy Kucera,K:\Album Art\The Cure\Love Song Front.jpg,K:\Album Art\The Cure\Love Song Back.jpg
075596670906,The Different Story (World Of Lust And Crime) ,Peter Schilling,1989,Electronic,,Stereo,33.33333333,"12""",3,1,0-66709,,Bin A,USA,Very Good (VG),Very Good (VG),0.17,0.46,1.25,Elektra,"12""
Producer – Michael Cretu
Programmed By, Arranged By – Walter J. W. Schmid*
Written-By – H. Kemmler*, P. Schilling*, S. Müller-Pi*
Comes in a stock red ""Elektra"" company die-cut sleeve.
Paradise Music GMBH / Marisma Music Publishing
Barcode (Text): 7559-66709-0
Barcode (Scanned): 7559667090","Monday, 02/05/2024 @ 04:26:27 PM",C Jeremy Kucera,K:\Album Art\Peter Schilling\The Different Story front.jpg,
075596662208,Groove Is In The Heart!!!,Deee-Lite,1990,House,,Stereo,33.33333333,"12""",6,1,0-66622,,Bin A,USA,Very Good (VG),Good (G),5,18.04,38,Elektra,"12"" Single
Record Company – Warner Communications Inc.
Record Company – Elektra Entertainment
Manufactured By – Elektra Entertainment
Phonographic Copyright ℗ – Elektra Entertainment
Copyright © – Elektra Entertainment
Phonographic Copyright ℗ – WEA International Inc.
Copyright © – WEA International Inc.
Produced For – Sampladelic Productions
Recorded At – D&D Studios
Mixed At – D&D Studios
Engineered At – Calliope Studios
Mastered At – Frankford/Wayne Mastering Labs
Lacquer Cut At – Frankford/Wayne Mastering Labs
Pressed By – Specialty Records Corporation
Art Direction, Illustration – Michael Economy
Design – Tom Bouman
Engineer [Additional] – Bob Power
Engineer [Recording And Mixing] – Mike ""Tweekin"" Rogers*
Executive-Producer, Other [Hooker Upper] – Bill Coleman
Lacquer Cut By – RCE*
Lettering [Hand Lettering] – Tabboo!
Mastered By [Dubbed] – Rick Essig, Tom Steele
Performer [Deee-Lite Is] – Lady Miss Kier*, Super D.J. Dmitry*, Jungle DJ Towa Towa*
Songwriter [All Songs Written], Producer, Arranged By – Deee-Lite
Label variant to Groove Is In The Heart!!!, with no additional credits or publishers on the B-side label.

""SRC"" logo stamped in runouts and ""E A S T"" embossed around center hole on side B denote Specialty Records Corporation pressing. Remainder of runouts etched.

Title on spine: Groove Is In The Heart / What Is Love
B1 to B3 on back cover as ""What is Love""

Produced and Arranged for Sampla-Delic Productions
Recording and Mixing at D.N.D.
Additional Engineer: at Calliope
Dubbed at Frankford/Wayne Mastering Labs, 1697 Broadway N.Y.C. 10019

The Elektra Album ""World Clique"" 60957 ℗ & © 1990 Elektra Entertainment

Track A1 samples the bassline from Herbie Hancock - Bring Down The Birds.

Title appears on the sleeve as ""Groove Is In The Heart!!!""
Barcode (Scanned): 075596662208
Barcode (Text on cover): 0 7559-66622-0 8
Barcode (Text on labels): 7559-66622-0
Pressing Plant ID (Stamped in runouts): SRC logo
Pressing Plant ID (Side B, embossed around center hole): E A S T
Matrix / Runout (Label side A): ST-ED-66622-A
Matrix / Runout (Label side B): ST-ED-66622-B
Matrix / Runout (Runout side A): ST-ED-66622-A-1 GROOVE IS IN THE HEART : EARTH DAY IS EVERY DAY! KAЖДЫԄ ДEHЬ-ДEHЬ ЗEMAu! F/W RCE [SRC logo]
Matrix / Runout (Runout side B): ST-ED-66622 B-1 WHAT IS LOVE? EARTH DAY IS EVERY DAY! アースデイ イズ エブリデイ！ F/W RCE [SRC logo]","Monday, 02/05/2024 @ 04:26:21 PM",C Jeremy Kucera,K:\Album Art\Deee-Lite\Groove Is In The Heart Front.jpg,K:\Album Art\Deee-Lite\Groove Is In The Heart Back.jpg
782124372200,Get Ready To Bounce,Brooklyn Bounce,1997,Euro Dance,,Stereo,33.33333333,"12""",4,1,003722-0EDL,,Bin A,USA,Very Good (VG),Very Good (VG),1.59,3.14,18.27,Edel America Records,"12""
Phonographic Copyright ℗ – Edel Records GmbH
Copyright © – Edel Records GmbH
Mixed At – Dolphin Sound Studios
Recorded At – Dolphin Sound Studios
Produced For – Mental Madness Productions
Published By – Loop (6)
Published By – Hanseatic
Published By – Warner/Chappell
Published By – Rondor
Music By, Written-By, Lyrics By – Matthias (Double M) Menck*
Music By, Written-By, Lyrics By, Producer – Dennis Bohn
Producer – Matthias Menck
Printed and manufactured in Germany.

Published by Loop! / Hanseatic / Warner Chappell / Rondor.
Barcode (Scanned): 782124372200","Monday, 02/05/2024 @ 04:26:14 PM",C Jeremy Kucera,K:\Album Art\Brooklyn Bounce\Get Ready To Bounce Front.jpg,
5029345004813,Wide Angle,Hybrid,1999,Electronic,,Stereo,33.33333333,"12""",12,3,DISNLP 54,,Bin A,UK,Very Good Plus (VG+),Very Good (VG),5.99,45,84.95,Distinct'ive Records,"12""
3 x Vinyl
Phonographic Copyright ℗ – Distinct'ive Records
Copyright © – Distinct'ive Records
Recorded At – Mosfilm Studio, Moscow
Mixed At – Soho Recording Studios
Recorded At – Unique Recording
Mixed At – Elektrotek Studios
Edited At – Electrotek Studios
Recorded At – Soho Recording Studios
Edited At – Soho Recording Studios
Mastered At – Tape To Tape
Distributed By – Pinnacle (3)
Published By – Sherlock Holmes Music Ltd.
Published By – Copyright Control
Published By – Warner Chappell Music Ltd.
Conductor – S.Puttnam*
Design – Hybrid, The Kitchen (3)
Mastered By – Jack ‘Jacko’ Adams*
Mixed By [All Orchestral Parts] – A.Maudsley*
Orchestra [All Orchestral Parts], Performer – The Russian Federal Orchestra*
Photography By – John Sanders (5)
Photography By [Main] – Cody Burridge
Recorded By [Vocals] – S.Harding*
Written-By, Producer, Mixed By, Engineer, Edited By [Post Production Edits], Effects [Q Sound Effects] – M.Truman*
Sleeve:
℗1999 Distinct'ive ©1999 Distinct'ive

Sleeve Inside:
01 >> Credits
02 >> Design
03 >> Publishing
04 >> Thankyou
05 >> Vocalists and Musicians
06 >> Label
07 >> Companies
08 >> DJs and Producers
09 >> Respect
10 >> Hybrid

A1 Recorded @ MOS Film Studios, Moscow
Mixed @ Soho Studios, London
A2 Recorded @ MOS Film Studios, Moscow and
Unique Studios, New York
Mixed and edited @ Electrotek Studios, Swansea
B1 Recorded @ MOS Film Studios, Moscow, Unique Studios,
New York and Soho Studios, London
Mixed and edited @ Electrotek Studios, Swansea
B2 Recorded and mixed @ Soho Studios
C1 Recorded @ MOS Film Studios, Moscow and
Unique Studios, New York
Mixed and edited @ Electrotek Studios, Swansea
C2 Recorded @ MOS Film Studios, Moscow
Mixed and edited @ Soho Studios, London
D1 Recorded and mixed @ Soho Studios, London
D2 Recorded and mixed @ Electrotek Studios, Swansea
E1 Recorded @ Unique Studios, New York
Mixed @ Electrotek Studios, Swansea
E2 Recorded @ Unique Studios, New York
Mixed @ Electrotek Studios, Swansea
F1 Recorded @ MOS Film Studios, Moscow
Mixed @ Soho Studios, London
F2 Recorded and mixed @ Soho Studios, London

01 >> All orchestral parts mixed @ Soho Studios, London
All vocals recorded @ Unique Studios, New York
Post production edits and Q Sound effects
@ Electrotek Studios, Swansea
Mastered @ Tape to Tape
www.distinctiverecords.com
Contact Hybrid at: hybrid@electrotek.co.uk
Distinct'ive is a division of Avex Inc

02 >> Sacha & Jamie photographed by John Sanders

03 >> All tracks published by Sherlock Holmes Music Ltd except
C2 Copyright Control, A2 B1 C1 E1 & E2 published by
Sherlock Holmes Music Ltd/Warner Chappell Music Ltd

04 >> Sally Truman and Bob Cook for helping us get started and
their continuing support over the years
Our girlfriends and families for all your time, love, patience and
faith even though the music industry hasn't always paid the rent!
All of our close friends'back home without whom
Jack Daniels and Stella wouldn't nearly be as much fun
We couldn't list all of you as would only leave somebody
out (and we're trying to make this brief)

05 >> Julie ‘dare devil’ Cruise for all her time and contagious enthusiasm
We promise not to hang you off the back of any more trucks!
Our very own techno-jazz diva, Sacha Puttnam who really helped
bring this album alive with the most amazing orchestrations
we've heard, John Williams, watch your back
Jamie Griffiths, one of the best scratch DJs in the known world
for his unbelievable talent and a dirty sense of humour
And for all the musicians and vocalists who added their
own bit of magic to the album, Kinsman and Sally Larkin
(respect due), Lee Russell, Simon Wilcox, Hannah and Ricky,
Peter Shrubshall and Jamie Crow
Julie Cruise thanks Mike Salt, Patrick Conseil, Ed, 9th Avenue

06 >> Richard ‘tell them to f*&k off’ Ford, Mark ‘go on, give me
another problem baby’ Dowling, Rob ‘don't worry, it's in
the post (door to door)’ Dwyer, Mr ‘so how much do you
need this time’ Song, Eva ‘compilation queen’ McDowall,
Lee ‘awight mate’ Davis, Jacqui ‘where's me welsh cakes’
Wright and Hitesh ‘I suppose you want me to process
these receipts then’ Thanki Thank you to Distinct'ive for
their never ending enthusiasm and dedication

07 >> Lawson, Vernon and Dave @ Sherlock Homes Music Publishing,
Leah @ Inpho PR, Tom Yoda & Shungo Oda @ Avex Japan,
Tara @ Tyrant, Peter and Eileen @ Primary Talent, Guy
@ Waxworks, Cody, Jason and Wayne c/o The Dropshop
(Orlando), Seven and Steve @ 7PM, Ben, Paul and all the
guys @ Pure DJs, Roman and Peter @ Condor Music,
Jacko @ Tape To Tape, Renaissance, Richard @
Transfermation, Richard ‘00’ Taylor and Miss Moneypenny
Ganz @ Simpkins Partnership, Rob, Phil, Luke, Sasha &
James @ The Kitchen, Sean and Jerry @ Hooj Choons,
Kola Kalfos, Brian Gallant @ Thunder and Lightning (Florida),
Matthew Sweet, Dom & Lara @ Lara Johnson Hair, Vinnie
and Martin @ Botchit & Scarper, Clifford Williams, Domonic,
Alan and Ilde @ Soho Studios, Paul Rogers @ Ministry, Gavin
and Stein @ Blue Systems (tech support), Ben @ Red Dog,
Suzanne and Richard @ 3AM (LA), Moose, Mike, Heidi and
Lucy @ Multiply, Sally and Nia @ Decibelles, all @ Digidesign,
Prosoniq and Q Sound (cutting edge studio toys)

08 >> (In no particular order) John Digweed, Sasha, Lee Burridge,
BT, Craig Richards, Ashley Casselle, Danny Howells,
Nick Warren, Jody Wisternoff, Paul Sawyer, Gilles Peterson,
Dave Seaman, Cliffrord Williams, Paul Oakenfold,
Jeremy Healy, Carl Cox, S.U.A.D. Judge Jules, Wolfie,
Pete Tong, Adam Freeland, Rennie Pilgrem, Freq Nasty,
Kevin Beber, Paul van Dyk, Pezz, Mike Boscamp,
DJ Thimbles and Jo Whiley for playing our tunes

09 >> Respect to Mike Phillips for the unerring musical passion he
showed us in his lifetime
Sorely missed

10 >> And most important of all, thank you, Enjoy
Mike, Lee and Chris, The Management

Label:
For publishing credits see sleeve
Printed in UK

Info:
Issued in a gatefold sleeve with photographs of the artists and credits, including lyrics for the songs, the release was also sold in generic black sleeves with no artwork (Wide Angle) and as a number stamped version (Wide Angle). All tracks appear as full length versions (A2, C2, D1, D2 are longer than the partially mixed tracks that appear on all the CD releases of the album).
Barcode (Text): 5 029345 004813
Barcode (String): 5029345004813
Matrix / Runout (A): 08 41327 20 1A1 DISNLP 54 JA A
Matrix / Runout (B): 08 41327 20 1B1 DISNLP 54 A
Matrix / Runout (C): 08 41327 20 1C1 DISNLP 54 A
Matrix / Runout (D): 08 41327 20 1D1 DISNLP 54
Matrix / Runout (E): 08 41327 20 1E1 DISNLP 54 A
Matrix / Runout (F): 08 41327 20 1F1 DISNLP 54 A","Monday, 02/05/2024 @ 04:26:08 PM",C Jeremy Kucera,K:\Album Art\Hybrid\Wide Angle Front.jpg,K:\Album Art\Hybrid\Wide Angle Back.jpg
078636289014,Can It Be All So Simple / Wu-Tang Clan Ain't Nuthing Ta F' Wit,Wu-Tang Clan,1994,Hip Hop,,Stereo,33.33333333,"12""",6,1,07863-62890-1,,Bin A,USA,Very Good (VG),Very Good (VG),5,15.56,59.99,RCA,"12""
Recorded At – Firehouse Studio, NYC
Mixed At – Firehouse Studio, NYC
Engineered At – GLC Sound Studios
Mastered At – The Hit Factory
Published By – Colgems-EMI Music Inc.
Copyright © – BMG Songs
Copyright © – Wu-Tang Publishing
Phonographic Copyright ℗ – BMG Music
Manufactured By – BMG Music
Distributed By – BMG Music
Pressed By – Specialty Records Corporation
A&R [Loud Records] – Jason Staten (2), Trevor Williams (5)
Art Direction – Jacqueline Murphy*
Co-producer – The Method Man* (tracks: B1 to B3)
Design – Sean Smith*
Executive-Producer – Dennis Coles, Mitchell Diggs, Oli Grant, Robert Diggs
Management – John Gibbons (8), John Hamilton (14), Jonathon Lugo*, Mike McDonald (7), Mitchell Diggs, Vince Hamlin
Mastered By – Chris Gehringer
Producer, Mixed By, Arranged By – Prince Rakeem ""The RZA""*
Supervised By [Production] – John Gibbons (8), Mike McDonald (7), Mitchell Diggs, Oli Grant, Theodore Michael
Written-By – The Wu-Tang Clan*
From the LP/CD/Cassette ""Enter The Wu-Tang (36 Chambers) #07863-66336-1/2/4

""Can It Be All Be So Simple"" contains excerpts from ""The Way We Were"" performed by Gladys Knight And The Pips used courtesy of Essex Entertainment
Published by Colgems-EMI Music Inc. (ASCAP)

Produced, Mixed and Arranged for Wu-Tang Productions
BMG Songs/Wu-Tang Publishing (BMI)
Recorded and Mixed at: Firehouse Studio, NYC
Edited at GLC, NYC
Mastered at The Hit Factory, NYC

Original version has RCA, BMG, LOUD RECORDS logos at bottom-left corner (back of sleeve)

with:

℗ 1994 BMG Music
Manufactured and Distributed by BMG Music, New York, NY - Printed in USA

(printed below the logos,in white text)
Barcode (Text): 0 7863-62890-1 4
Matrix / Runout (Sides A & B): SRC
Matrix / Runout (Side A): 07863-62890-1-A1-X
Matrix / Runout (Side A): HFM cg
Matrix / Runout (Side B): 07863-62890-1-B1-X
Matrix / Runout (Sides A & B): 1_1","Monday, 02/05/2024 @ 04:26:03 PM",C Jeremy Kucera,K:\Album Art\Wu-Tang Clan\Can It Be All So Simple front.jpg,K:\Album Art\Wu-Tang Clan\Can It Be All So Simple Back.jpg
792826906108,Roller Coaster,Tilly Lilly,1997,Electronic,Trance,Stereo,33.33333333,"10""",2,1,SM-9061-0,,Bin A,USA,Very Good Plus (VG+),Very Good Plus (VG+),1.43,5,21.73,Sm:)e Communications,"10"" Orange Translucent Vinyl
Mastered By – Phil Austin
Written-By, Producer – Tilly Lilly
Stickered clear pvc sleeve.
Barcode: 792826906108","Monday, 02/05/2024 @ 03:54:57 PM",C Jeremy Kucera,K:\Album Art\Tilly Lilly\Roller Coaster front.jpg,K:\Album Art\Tilly Lilly\Roller Coaster back label.jpg
792826909000,The Breakbeast / Bambusa,Semi_Detached,1999,Electronic,Other Electronic,Stereo,33.33333333,"10""",2,1,SM-9090-0,,Bin A,USA,Very Good Plus (VG+),Very Good Plus (VG+),2.53,8.52,18.48,Sm:)e Communications,"10"" Black vinyl
Mixed By, Producer – I.C. Taylor*, J. Bennitt*
Barcode (Scanned): 792826909000","Monday, 02/05/2024 @ 05:08:49 PM",C Jeremy Kucera,K:\Album Art\Semi_Detached\The Breakbeast front.jpg,
792826902902,Mr. Kirk's Nightmare,4 Hero,1995,Electronic,Other Electronic,Stereo,33.33333333,"10""",4,1,SM-9029-0,,Bin A,USA,Very Good Plus (VG+),Very Good Plus (VG+),3.9,14.81,39.399,Sm:)e Communications ,"10"" Peach and Blue vinyl
Published By – Westbury Music Ltd.
Produced For – Stone Cold Productions (2)
Copyright © – Sm:)e Communications, Inc.
Manufactured By – Sm:)e Communications, Inc.
Distributed By – Sm:)e Communications, Inc.
Mastered At – Trutone Mastering Labs
Pressed By – Rainbo Records – S-32466
Pressed By – Rainbo Records – S-32467
Pressed By – Rainbo Records – S-29402
Pressed By – Rainbo Records – S-32468
Lacquer Cut By – Pa* (tracks: A, B, D)
Producer – Da Rabel*, D. McFariane*, Reinforced Gus*, Marc*
Written By – M. Clair - D. McFariane - I. Bardouille - A. Lawrence
Written-By – D. McFariane*, A. Lawrence*, I. Bardouille*, M. Clair*
Catalog number on label: SM-9029-0
Catalog number on sleeve sticker: SM-9029
Credits for track A do not appear printed on the release.
Mastered at Protone, 11-95.

The main vocal sample comes from the 1971 track Think - Once You Understand.

Disc 1 is orange marbled vinyl and disc 2 is clear blue smoked vinyl. Another version exists which has disc 2 pressed on light blue marbled vinyl: 4 Hero - Mr. Kirk's Nightmare.

Barcode (Text): 7 92826 90290 2
Rights Society: PRS
Matrix / Runout (A-Side Runout Etching): MASTERED BY TRUTONE Pa 11-95 SM-9029-SIDE 1 S-32466
Matrix / Runout (B-Side Runout Etching): MASTERED BY TRUTONE Pa 11-95 SM-9029-SIDE 2 S-32467
Matrix / Runout (C-Side Runout Etching): NASA-9001-RECORD 1-A RJ MASTERED BY TRUTONE S-29402
Matrix / Runout (D-Side Runout Etching): MASTERED BY TRUTONE Pa 11-95 SM-9029-SIDE 4 S-32468","Monday, 02/05/2024 @ 05:14:11 PM",C Jeremy Kucera,K:\Album Art\4 Hero\Mr Kirks Nightmare Front.jpg,K:\Album Art\4 Hero\Mr Kirks Nightmare Back.jpg
792817901402,Magic Carpet Ride,The Mighty Dub Kats,1995,Electronic,House,Stereo,33.33333333,"10""",2,1,SM-9014-0DJ,,Bin A,USA,Very Good Plus (VG+),Very Good Plus (VG+),3,10,30,Sm:)e House Works,"Blue/Purple vinyl
Producer – Pizzaman
Written-By – Norman Cook
Polygram International Publishing, Inc.
Licensed From: Southern Fried Records LTD. (UK)

Comes in a clear plastic sleeve with a large hype sticker.
Barcode: 7 92817 90140 2
Rights Society: ASCAP
Matrix / Runout: SM-9014-0 A S-31411 MASTERED BY TRUETONE pc 595
Matrix / Runout: SM-9014-0 B S-31412 MASTERED BY TRUETONE pc 595","Monday, 02/05/2024 @ 05:21:15 PM",C Jeremy Kucera,K:\Album Art\The Mighty Dub Kats\Magic Carpet Ride front.jpg,K:\Album Art\The Mighty Dub Kats\Magic Carpet Ride back.jpg
792826905200,Wishing On A Star,88.3 Featuring Lisa May,1996,Electronic,Drum & Bass,Stereo,33.33333333,"10""",2,1,SM-9052-0,,Bin A,USA,Very Good Plus (VG+),Very Good (VG),3,15,36.75,Sm:)e Communications,"Manufactured By – Sm:)e Communications, Inc.
Distributed By – Sm:)e Communications, Inc.
Pressed By – Rainbo Records – S-34442
Pressed By – Rainbo Records – S-34443
Producer – Kann*, Pasha (3), S. Gurley*
Written-By – B. Calvin*
""sm:)e drum & bass works""

Licensed from Urban Gorilla/Labello Recordings.
Mastered by Truetone.
Barcode: 7 92826 90520 0
Barcode (Scanned): 0792826905200
Matrix / Runout: SM-9052-0-A S-34442
Matrix / Runout: SM-9052-0-B S-34443","Monday, 02/05/2024 @ 05:24:32 PM",C Jeremy Kucera,K:\Album Art\88.3 Featuring Lisa May\Wishing On A Star Front.jpg,K:\Album Art\88.3 Featuring Lisa May\Wishing On A Star Back.jpg
792826901103,Acid 4x4,Various,1995,Electronic,Techno,,33.33333333,"10""",4,1,SM-9011-0,,Bin A,,Very Good (VG),Very Good (VG),5.23,14.16,54.35,Sm:)e Communications ,"Licensed From – Mono Tone
Licensed From – Profan
Licensed From – Structure
Licensed From – Eat Raw
Manufactured By – Sm:)e Communications, Inc.
Distributed By – Sm:)e Communications, Inc.
Copyright © – Sm:)e Communications, Inc.
Published By – Protoons, Inc.
Published By – Sony Music Publishing
Published By – Three-O-Three Music
Mastered At – Trutone Mastering Labs
Lacquer Cut At – Trutone Mastering Labs
Lacquer Cut By – P@*
From the album Acid Resistant.

Comes in clear plastic sleeve with sticker affixed.
Barcode (Text): 7 92826 90110 3
Barcode (Scanned): 792826901103
Rights Society: ASCAP
Matrix / Runout (Runout, side A): MASTERED BY TRUTONE P@3-95 SM-9011-0 -1 S-31010
Matrix / Runout (Runout, side B): MASTERED BY TRUTONE P@3-95 SM-9011-0 -2 S-31011
Matrix / Runout (Runout, side C): MASTERED BY TRUTONE P@3-95 SM-9011-0 -3 S-31012
Matrix / Runout (Runout, side D): MASTERED BY TRUTONE P@3-95 S-31013 SM-9011-0 -4","Monday, 02/05/2024 @ 05:29:25 PM",C Jeremy Kucera,K:\Album Art\Various\Acid 4x4 Front.jpg,K:\Album Art\Various\Acid 4x4 Back.jpg
656360901213,Weekend World,E-Z Rollers,1998,Electronic,Drum & Bass,Stereo,33.33333333,"12""",10,4,ASHADOW 12,,Bin A,USA,Very Good Plus (VG+),Very Good Plus (VG+),2.52,25.59,65.22,Moving Shadow ,"Phonographic Copyright ℗ – Moving Shadow Ltd.
Copyright © – Moving Shadow Ltd.
Published By – Moving Shadow Music
Recorded At – Far East Studios
Lacquer Cut At – The Exchange
Designed At – RageCorporation
Distributed By – EFA Medien GmbH
Marketed By – World's Best
Bass – D. Hollgate* (tracks: B, C)
Design – Gaz (29)
Design Concept [Artwork Concept] – Al*, Gaz (29), Jay*, Rob*
Electric Piano [Rhodes] – A. Sharpe* (tracks: B, C, G)
Flute – D. Philp* (tracks: B, C, F1, G)
Lacquer Cut By – Simon*
Photography By [Cover] – Rob Playford
Plated By – MA*
Vocals – K. Richards* (tracks: B, C)
Written-By, Producer – A. Banks*, J. Hurren*, K. Richards* (tracks: B, C)
Cat# on back cover: ASHADOW 12
Cat# on spine: ASHADOW12

On back cover:
Marketed by Worlds Best
Made in England
℗+©1998 Moving Shadow Limited

On front cover and inner sleeves:
Inter Orbit Communication logo (also appears on all centre labels)
Section 5 logo
Audio Couture logo

On G/H inner sleeve:
Recorded @ Far East Studios
Design...@Rage Corporation

Kelly Richards is only credited on labels for tracks B and C as K. Richards.
Barcode (Text): 6 56360 90121 3
Barcode (Scanned): 656360901213
Label Code: LC 6110
Other (EFA dist. code): LP 94012-1
Matrix / Runout (Side A runout, etched): ASHADOW-12-A1 SIMON THE EXCHANGE MA.
Matrix / Runout (Side B runout, etched): ASHADOW-12-B1 SIMON THE EXCHANGE MA.
Matrix / Runout (Side C runout, etched): ASHADOW-12-C1 SIMON-THE EXCHANGE MA.
Matrix / Runout (Side D runout, etched): ASHADOW-12-D1 MA. SIMON THE EXCHANGE
Matrix / Runout (Side E runout, etched): ASHADOW-12-E1 MA. SIMON-THE EXCHANGE
Matrix / Runout (Side F runout, etched): ASHADOW-12-F1 SIMON-THE EXCHANGE
Matrix / Runout (Side G runout, etched): ASHADOW-12-G1 SIMON THE EXCHANGE MA.
Matrix / Runout (Side H runout, etched): ASHADOW-12-H1 SIMON-THE EXCHANGE MA. LUBBLY JUBBLY.","Monday, 02/05/2024 @ 05:34:33 PM",C Jeremy Kucera,K:\Album Art\E-Z Rollers\Weekend World Front.jpg,K:\Album Art\E-Z Rollers\Weekend World Back.jpg
683519100517,Botchit Breaks 2,Various,1999,Electronic,Other Electronic,Stereo,33.33333333,"12""",11,4,bos2lp005,,Bin A,USA,Very Good Plus (VG+),Very Good Plus (VG+),3.8,21.67,56.96,Botchit & Scarper,"Distributed By – SRD
Phonographic Copyright ℗ – Botchit & Scarper
Copyright © – Botchit & Scarper
Published By – Copyright Control
Published By – FreQuently Nasty Music
Published By – Westbury Music
Published By – Mute Song
Published By – Bisbal
Published By – BLIM Publishing
Published By – Broken Boundarie
Produced At – Sparks Studios (4)
Engineered At – Sparks Studios (4)
Mixed At – Sparks Studios (4)
Produced At – NW3 Studios
Engineered At – NW3 Studios
Mixed At – NW3 Studios
Produced At – Beber Studios
Engineered At – Beber Studios
Mixed At – Beber Studios
Produced At – Archetype Studios
Engineered At – Archetype Studios
Mixed At – Archetype Studios
Produced At – Freddies Studio
Engineered At – Freddies Studio
Mixed At – Freddies Studio
Produced At – Deep Thought Studios
Engineered At – Deep Thought Studios
Mixed At – Deep Thought Studios
Produced At – Cosmic Studios (3)
Engineered At – Cosmic Studios (3)
Mixed At – Cosmic Studios (3)
Produced At – Westway Studios (2)
Engineered At – Westway Studios (2)
Mixed At – Westway Studios (2)
Produced At – CTS Studios
Engineered At – CTS Studios
Mixed At – CTS Studios
Mastered At – Alchemy Mastering
Lacquer Cut At – Alchemy Mastering
Artwork – C-Red (3)
Edited By – Vini Medley*, Zart
Executive-Producer – M.O. Love*, Vincent J Medley*
Mastered By – Barry Grint
Plated By – MA.*
Printed on back cover:
For all international licensing & enquiries please contact Botchit & Scarper Presents
Made in England. U.K. distribution by S.R.D.

Printed inside gatefold:
A1) produced, engineered & mixed [...] @ spark studios
A2) produced, engineered & mixed [...] @ nw3 studios
B) produced, engineered & mixed [...] @ beber studios
C) produced, engineered & mixed [...] @ archetype studios
D) produced [...], engineered & mixed [...] @ freddies studios
E) produced, engineered & mixed [...] @ deep thought studios
F1) produced, engineered & mixed [...] @ cosmic studios
F2) produced, engineered & mixed [...] @ westway studios
G) produced, engineered & mixed [...] @ c.t.s. studios
H1) produced [...], engineered & mixed [...] @ archetype studios
H2) produced, engineered & mixed [...] @ studios
mastered by Barry Grint @ Alchemy

tracks A1, A2, B, D, F1, G & H2 by copyright control, track C freq.uently nasty music/westbury music, track E mutesong, track F2 bisbal / westbury music, track H1 blim publishing/westbury music & broken boudaries[sic]/westbury. for all international licensing & enquiries please contact botchit & scarper presents
℗ 1999 botchit and scarper © 1999 botchit and scarper
made in england. u.k. distribution by s.r.d.
Barcode (Text): 6 83519 10051 7
Matrix / Runout (Side A runout etched): BOS2LP 005-A₂
Matrix / Runout (Side B runout etched): BOS2LP-005 B₂-
Matrix / Runout (Side C runout etched): BOS2LP-005-C₂ MA.
Matrix / Runout (Side D runout etched): BOS-2013-B₁ ALCHEMY MA.
Matrix / Runout (Side E runout etched): BOS2LP-005-E₂ MA.
Matrix / Runout (Side F runout etched): BOS2LP-005-F₂ MA.
Matrix / Runout (Side G runout etched): BOS-2013-AA₁ MA.
Matrix / Runout (Side H runout etched): BOS2LP005-H-1","Monday, 02/05/2024 @ 05:39:32 PM",C Jeremy Kucera,K:\Album Art\Various\Botchit Breaks 2 Front.jpg,K:\Album Art\Various\Botchit Breaks 2 Back.jpg
769712009618,Inner City Life (The Remixes),Goldie vs. Rabbit In The Moon,1996,Electronic,Other Electronic,Stereo,33.33333333,"12""",3,1,697 120 096-1,,Bin A,USA,Very Good Plus (VG+),Very Good Plus (VG+),3.16,6.16,14.99,FFRR,,"Monday, 02/05/2024 @ 05:55:10 PM",C Jeremy Kucera,K:\Album Art\Goldie vs. Rabbit In The Moon\Inner City Life Front.jpg,K:\Album Art\Goldie vs. Rabbit In The Moon\Inner City Life Back.jpg
5024545070361,Like No Other (Remixes),Arthur Baker Vs Rennie Pilgrem,1999,Electronic,Other Electronic,Stereo,33.33333333,"12""",2,1,RENN3029,,Bin A,UK,Very Good Plus (VG+),Very Good Plus (VG+),1,3.8,9.24,Thursday Club Recordings (TCR),"Remix – Rennie Pilgrem
Barcode (Scanned): 5024545070361","Monday, 02/05/2024 @ 05:59:51 PM",C Jeremy Kucera,K:\Album Art\Arthur Baker Vs Rennie Pilgrem\Like No Other Front.jpg,K:\Album Art\Arthur Baker Vs Rennie Pilgrem\Like No Other Back.jpg
792826905903,The Dark House Project,DJ Inx,1997,Electronic,Other Electronic,Stereo,33.33333333,"10""",2,1,SM-9059-0,,Bin A,USA,Very Good Plus (VG+),Very Good Plus (VG+),0.9,5.06,17.6,Sm:)e Communications,"Written-By, Producer – Jason Jinx
Barcode (Sleeve): 7 92826 90590 3
Matrix / Runout (Side A Runout): SM-9059-0 A S-34911
Matrix / Runout (Side B Runout): SM-9059-0 B S-34912","Monday, 02/05/2024 @ 06:03:54 PM",C Jeremy Kucera,K:\Album Art\DJ Inx\The Dark House Project Front.jpg,K:\Album Art\DJ Inx\The Dark House Project Back.jpg
5029345004967,If I Survive,Hybrid Feature Julee Cruise,1999,Electronic,Other Electronic,Stereo,33.33333333,"12""",3,1,DISNT55,,Bin A,UK,Very Good Plus (VG+),Very Good Plus (VG+),0.62,2.84,6.33,Distinct'ive Records ,"Mastered At – Tape To Tape
Mastered At – P.R. Records Limited
Pressed By – P.R. Records Limited
Produced At – Electrotek Studios
Edited At – Transfermation
Distributed By – Pinnacle (3)
Published By – Sherlock Holmes Music Ltd.
Published By – Warner Chappell Music Ltd.
Design – Hybrid, The Kitchen (3)
Edited By [Radio Edit] – Richard*
Mastered By – Jacko*
Photography By – Cody Burridge
Plated By – G (55)
Vocals – Julee Cruise
Track B remix and additional production for Electrotek Studios Swansea.

Mastered by Jacko @ Tape to Tape.

℗ 1999 Distinct'ive
© 1999 Distinct'ive

Distinct'ive is a division of Avex Inc.

Made in the UK
Barcode: 5 029345 004967
Matrix / Runout (A Side): DISNT 55 - A1 E
Matrix / Runout (B Side): DISNT 55 - B2 PR-G","Monday, 02/05/2024 @ 06:07:38 PM",C Jeremy Kucera,K:\Album Art\Hybrid\If I Survive Front.jpg,K:\Album Art\Hybrid\If I Survive Back.jpg
5018615417132,Epand The Room,The Light,1999,Electronic,Other Electronic,Stereo,45,"12""",2,1,HOOJ 71R,,Bin A,UK,Very Good Plus (VG+),Very Good Plus (VG+),0.63,3.13,8.72,Hooj Choons,"Phonographic Copyright ℗ – Hooj Choons Ltd.
Copyright © – Hooj Choons Ltd.
Published By – Sherlock Holmes Music Ltd.
Distributed By – Vital (2)
Produced For – DMC Management
Lacquer Cut At – Masterpiece
Pressed By – EMI Records
Lacquer Cut By – Tim D.*
Musical Assistance – Alan Bremner, Claudio Giussani, Kevin White
Written-By, Producer – Joe Williams (3), John Ross
Written and Produced for DMC Management.
Lyrical Looping Lunacy by 'Da Chill One.
℗ 1999 Hooj Choons Ltd.
© 1999 Hooj Choons Ltd.
Catalog number appears as hooj071R on the back side of the sleeve and as HOOJ 71R on the info side label.
Barcode (Text): 5 018615 417132
Barcode (String): 5018615417132
Matrix / Runout (Runout stamped, side A): HOOJ 71 R A-1-1-
Matrix / Runout (Runout etched, side A): Tim D. Masterpiece
Matrix / Runout (Runout stamped, side B): HOOJ 71 R B-1-1-","Monday, 02/05/2024 @ 06:12:36 PM",C Jeremy Kucera,K:\Album Art\The Light\Expand The Room White Front.jpg,
5029345004950,If I Survive,Hybrid Featuring Julee Cruise,1999,Electronic,Other Electronic,Stereo,33.33333333,"12""",3,1`,DISNTX 55,,Bin A,UK,Very Good Plus (VG+),Very Good Plus (VG+),0.8,2.43,10.52,Distinct'ive Records,,"Monday, 02/05/2024 @ 06:15:06 PM",C Jeremy Kucera,K:\Album Art\Hybrid\If I Survive Front 2.jpg,
077771550812,Love On Top Of Love (Killer Kiss),Grace Jones,1989,Electronic,Other Electronic,Stereo,33.33333333,"12""",4,1,V-15508,,Bin A,USA,Very Good Plus (VG+),Very Good Plus (VG+),1,3.97,17.19,Capitol Records,"12"" Single, SRC-Specialty Records Pressing
Phonographic Copyright ℗ – Capitol Records, Inc.
Copyright © – Capitol Records, Inc.
Produced For – Cole/Clivillés Music Enterprises
Published By – Red Instructional Music
Published By – Return To Sender Music
Manufactured By – Capitol Records, Inc.
Mastered At – Capitol Mastering
Pressed By – Specialty Records Corporation
Composed By [Lyrics] – Cole*, Jones*
Composed By [Music] – Cole*
Edited By – Roger Pauletta
Engineer [Mix Engineer] – Bob Rosa
Engineer [Overdub Engineer] – Rob Paustian, Steve ""Griff"" Griffin*
Lacquer Cut By – Wally*
Painting [Front Cover Painting] – Richard Bernstein
Producer, Arranged By, Remix – Robert Clivilles And David Cole*
Vocals – Grace Jones
Original Version Appears on the Album, Cassette and Compact Disc, ""BULLETPROOF HEART""

℗© 1989 Capitol Records, Inc. A Subsidiary of Capitol - EMI Music, Inc. Hollywood and Vine Streets, Hollywood, California.

Sides are identified as A and 1 on labels.
Barcode: 0 7777-15508-1 2
Pressing Plant ID (Specialty Records Logo): SRC
Matrix / Runout (Side A Label): 101978A/101978B
Matrix / Runout (Side B Label): 101978C/101978D
Matrix / Runout (Side A runout): SRC V-A-15508 F-1 MASTERED BY CAPITOL Wally 1-1
Matrix / Runout (Side B runout): SRC V-1-15508 F-1 MASTERED BY CAPITOL Wally 1-1","Tuesday, 02/06/2024 @ 02:12:46 PM",C Jeremy Kucera,K:\Album Art\Grace Jones\Love On Top Of Love Front.jpg,K:\Album Art\Grace Jones\Love On Top Of Love Back.jpg
075679648204,Get A Life,Soul II Soul,1990,Electronic,Other Electronic,Stereo,33.33333333,"12""",4,1,0-96482,,Bin A,USA,Very Good Plus (VG+),Very Good Plus (VG+),0.87,2,9.51,Virgin,"12""
Phonographic Copyright ℗ – Ten Records Ltd.
Copyright © – Virgin Records America, Inc.
Manufactured By – WEA
Distributed By – WEA
Mastered At – Future Disc
Pressed By – Specialty Records Corporation
Published By – Virgin Music, Inc.
Published By – Warner/Chappell Music Ltd.
Design – Simon Taylor (8), The Thunder Jockeys
Producer – Jazzie B, Nellee Hooper
Sleeve, Illustration – Derek Yates
Written-By – Romeo*, Browne* (tracks: A1 to B1), Hooper* (tracks: B2), Windross* (tracks: B2)
Nellee Hooper's name is misspelled as ""Nelle"" on the center labels, but it appears correctly on the sleeve itself.

Produced for Silent Productions Ltd.

Printed in USA
Barcode (Scanned From Sleeve): 075679648204
Barcode (Text On Sleeve): 0 7567-96482-0 4
Barcode (Text On Center Label): 7567-96482-0
Matrix / Runout (Etched, Runout Groove, Side A): ST DM 58441-58442-1 FUTURE DISC 1-2
Matrix / Runout (Etched, Runout Groove, Side B): ST DM 58443-58445-1 1-1
Matrix / Runout (Stamped, Runout Groove, Both Sides): SRC
Other (B Side Embossed near spindle ring): E A S T
Rights Society: ASCAP
Rights Society: BMI","Tuesday, 02/06/2024 @ 02:17:31 PM",C Jeremy Kucera,K:\Album Art\Soul II Soul\Get A Life Front.jpg,K:\Album Art\Soul II Soul\Get A Life Back.jpg
078221992916,All Around The World,Lisa Stansfield,1989,Electronic,Other Electronic,Stereo,33.33333333,"12""",3,1,AD1-9929,,Bin A,USA,Very Good Plus (VG+),Very Good Plus (VG+),0.89,3.75,9.19,Arista,"12""
Manufactured By – Arista Records, Inc.
Produced For – Big Life Records
Phonographic Copyright ℗ – BMG Eurodisc Ltd.
Published By – BMG Music Publishing Ltd.
Published By – Block & Gilbert Music Ltd.
Published By – BMG Songs, Inc.
Mastered At – DMS (2)
Engineer [Additonal Production] – Shane Faber
Engineer [Remix] – Scott Harding
Executive-Producer – Jazz Summers, Tim Parry
Mastered By [Runout Etching ¢] – Tom Coyne
Producer, Arranged By, Mixed By – Morris*, Devaney*
Written-By – Andy Morris (5), Ian Devaney, Lisa Stansfield
From her debut album, ""Affection""
℗ 1989 BMG Eurodisc Ltd.
Barcode (Text): 7822-19929-1
Barcode (Scanned): 078221992916
Rights Society: ASCAP
Matrix / Runout (Side A label): AD1-9929-SA
Matrix / Runout (Side B label): AD1-9929-SB
Matrix / Runout (Side A runout): AD1 9929 SA DMMSP DMSNY ₵
Matrix / Runout (Side B runout): AD1 9929 SB DMM SP DMSNY ₵","Tuesday, 02/06/2024 @ 02:21:43 PM",C Jeremy Kucera,K:\Album Art\Lisa Stansfield\All Around The World Front.jpg,K:\Album Art\Lisa Stansfield\All Around The World Back.jpg
049925017410,Snoop Dogg / Lay Low / Wrong Idea,Snoop Dog,2000,Electronic,Hip Hop,Stereo,33.33333333,"12""",6,1,PVL-50174,,Bin A,USA,Very Good (VG),Very Good (VG),1.11,5.78,22.46,Priority Records,"12""
Phonographic Copyright ℗ – Priority Records LLC
Copyright © – Priority Records LLC
Manufactured By – Priority Records LLC
Issued in a glossy cardboard sleeve with generic white inner paper die-cut sleeve.
Barcode (Scanned): 049925017410
Barcode (Printed): 0 4992 50174 1 0
Matrix / Runout (Side A): 04992 50174 10-A S-46064
Matrix / Runout (Side B): 04992 50174 10-B S-46065","Tuesday, 02/06/2024 @ 02:52:38 PM",C Jeremy Kucera,K:\Album Art\Snoop Dog\Snoop Dogg - Lay Low - Wrong Idea Front.jpg,K:\Album Art\Snoop Dog\Snoop Dogg - Lay Low - Wrong Idea Back.jpg
785688846514,Phuture 2000 (The U.S. Remixes),Carl Cox,1999,Electronic,House,Stereo,33.33333333,"12""",4,1,MM 88465-1,,Bin A,USA,Very Good Plus (VG+),Very Good Plus (VG+),1,4.29,6.99,Moonshine Music,"Phonographic Copyright ℗ – Moonshine Music
Copyright © – Moonshine Music
Manufactured By – Moonshine Music
Distributed By – Moonshine Music
Published By – MCA Music
Published By – Digger Music
Mastered At – Masterworks, Los Angeles
Pressed By – Rainbo Records – S-41505
Pressed By – Rainbo Records – S-41506
Mastered By – JM*
Vocals [Lyrics Performed By] – Joe Watson
Written-By – Carl Cox, Joe Watson
(P) & (C) 1999 Moonshine Music
Published by MCA Music / Digger Music.
Made in the U.S.A.
Manufactured & distributed by Moonshine Music.

A1: Remix & additional production for Electrotek Productions and Distinct'ive Records.
A2: Remixed & reconstructed for Superstar / One World Entertainment and Big Clock Entertainment.
Barcode (Text): 7 85688 84651 4
Barcode (String): 785688846514
Matrix / Runout (Runout Groove - Side A): Masterworks JM - MM 88465-1 A S-41505
Matrix / Runout (Runout Groove - Side B): Masterworks JM MM 88465-1 B S-41506","Tuesday, 02/06/2024 @ 02:58:56 PM",C Jeremy Kucera,K:\Album Art\Carl cox\Phuture 2000 Front.jpg,K:\Album Art\Carl cox\Phuture 2000 Back.jpg
075678643606,That Smiling Face,Camouflage,1989,Electronic,Other Electronic,Stereo,33.33333333,"12""",4,1,0-86436,,Bin A,USA,Good Plus (G+),Good Plus (G+),7,15,75,Atlantic,"Manufactured By – Atlantic Recording Corporation
Phonographic Copyright ℗ – Atlantic Recording Corporation
Copyright © – Atlantic Recording Corporation
Mastered At – Sterling Sound
Pressed By – Specialty Records Corporation
Co-producer – Heiko Maile (tracks: A1 to B1)
Producer – Axel Henninger* (tracks: A1 to B1), Camouflage
Written-By – Marcus Meyn
Track A1 remixed for Just Right Productions.
Track B2 a Westside Production.
Mastered at Sterling.
Blue Box Publishing

℗ 1988, © 1989 Atlantic Recording Corporation
Barcode (Text): 0 7567-86436-0 6
Matrix / Runout (Side A runout, etched ['STERLING' and 'SRC logo' stamped]): STDM 56648 / 56500 A-1 1-1 STERLING [SRC logo]
Matrix / Runout (Side B runout, etched ['STERLING' and 'SRC logo' stamped]): STDM 56649 / 56647 B-1 STERLING [SRC logo] 1-1
Matrix / Runout (Side A label): ST-DM-56648/56500-SP
Matrix / Runout (Side B label): ST-DM-56649/56647-SP","Tuesday, 02/06/2024 @ 03:06:49 PM",C Jeremy Kucera,K:\Album Art\Camouflage\That Smiling Face Front.jpg,K:\Album Art\Camouflage\That Smiling Face Back.jpg
LP7410066,Tea For The Tillerman,Cat Stevens,1970,Folk,,Stereo,33.33333333,"12""",11,1,SP-4280,,Bin A,USA,Very Good (VG),Very Good (VG),1.99,9.97,87.49,A&M Records,"Licensed From – Island Records Ltd.
Published By – Irving Music, Inc.
Lacquer Cut At – Sterling Sound
Pressed By – Monarch Record Mfg. Co. – Δ15396
Arranged By [Strings] – Del Newman
Bass – John Ryan (27)
Drums – Harvey Burns
Guitar [2nd] – Alun Davies
Guitar, Keyboards – Cat Stevens
Illustration [Front] – Cat Stevens
Lacquer Cut By – LH*
Photography By [Photograph] – Shep*
Producer – Paul Samwell-Smith
Soloist [Solo], Violin – John Rostein*
Songwriter [All Songs Written By] – Cat Stevens
All compositions/copyright © 1970 / Freshwater Music, Ltd. - Controlled in Western Hemisphere by Irving Music, Inc.
Licensed by Island Records Limited, London.

Similar to Cat Stevens - Tea For The Tillerman, but this A&M Records logo is different.
Similar to Cat Stevens - Tea For The Tillerman, but this version, side A track 1 is below the spindle hole.
Similar to Cat Stevens - Tea For The Tillerman, but this version has earlier Monarch number, 15396.

Cat. # SP 4280 on sleeve and spine.
Cat. # SP-4280 on labels.

B1. (From The Film ""Deep End"")
B5. (From The Film ""Revolussia"")

""Hard Headed Woman"" appears on back of sleeve; ""Hard-Headed Woman"" on label.
""On The Road To Find Out"" appears on back of sleeve; ""On The Road To Findout"" on label.
Rights Society: BMI
Matrix / Runout (Label side A): SP-4459
Matrix / Runout (Label side B): SP-4460
Pressing Plant ID (Stamped in runouts): MR (in a circle)
Matrix / Runout (Runout side A, variant 1): SP 4459 RE-1 M-2 (MR) Δ̶15396 STERLING LH
Matrix / Runout (Runout side B, variant 1): SP 4460 RE-1 M ̶2̶ 4 (MR) Δ̶15396-X STERLING LH
Matrix / Runout (Runout side A, variant 2): SP 4459 RE-1 M-2 (MR) Δ̶15396 STERLING LH
Matrix / Runout (Runout side B, variant 2): SP 4460 RE-1 M ̶2̶ 4 (MR) Δ̶15396-X (15) STERLING LH","Tuesday, 02/06/2024 @ 03:14:47 PM",C Jeremy Kucera,K:\Album Art\Cat Stevens\Tea For The Tillerma Front.jpg,K:\Album Art\Cat Stevens\Tea For The Tillerma Back.jpg
042287784310,I'm Free,The Soup Dragons,1990,Electronic,Alternative,Stereo,33.33333333,"12""",4,1,877 843-1,,Bin A,USA,Very Good (VG),Very Good (VG),1.99,6.06,16,Big Life,"Phonographic Copyright ℗ – Big Life Records
Copyright © – Big Life Records
Manufactured By – PolyGram Records, Inc.
Marketed By – PolyGram Records, Inc.
Mastered At – Masterdisk
Pressed By – Specialty Records Corporation
Arranged By – Sean Dickson (tracks: A1, A2, B1)
Brass – James Gallagher, Kevin McCarthy (6)
Cover – Soup Art
Layout – Designland
Mastered By [vinyl] – TD*
Photography By – Dr. Jeremy Burgess
Producer [All Tracks Produced By] – George Shilling, Sean Dickson
Written-By – M. Jagger, K. Richards* (tracks: A1, A2, B1), Sean Dickson (tracks: B2)
'Don't Be Afraid Of Your Freedom' 1990

Labels have slightly different titles:
B1: I'm Free (Terry Farley Remix)
B2: Lovegod (Dub Mix)

Taken from the Big Life album ""Lovegod"" 842 985-1/2/4

℗ © 1990 Big Life Records
Printed in U.S.A.
Barcode (Scanned): 042287784310
Barcode (Text): 0 422-877843-1 0
Other (Code On Bottom Right, Rear Sleeve): 0501
Matrix / Runout (Etched, Runout Groove, Side A): 877-843-1-A SP 1-1 TD
Matrix / Runout (Etched, Runout Groove, Side B): 877-843-1-B-SP 1-1
Matrix / Runout (Stamped, Runout Groove, Side A): MASTERDISK
Matrix / Runout (Stamped, Runout Groove, Both Sides): (SRC logo)","Tuesday, 02/06/2024 @ 03:20:36 PM",C Jeremy Kucera,K:\Album Art\The Soup Dragons\Im Free Front.jpg,K:\Album Art\The Soup Dragons\Im Free Back.jpg
075678647406,The Great Commandment,Camouflage,1988,Electronic,Other Electronic,Stereo,33.33333333,"12""",6,1,0-86474,,Bin A,USA,Very Good Plus (VG+),Very Good Plus (VG+),9.99,21.74,43,Atlantic,"Published By – Blue Box Publishing
Mixed At – Electric Lady Studios
Recorded At – Dynaton Studio
Mixed At – Dynaton Studio
Manufactured By – Atlantic Recording Corporation
Pressed By – Allied Record Company
Co-producer – Axel Henninger* (tracks: A1 to B2)
Edited By – Toddy Tod Culver* (tracks: A1 to B1)
Engineer [Remix] – Mark Partis (tracks: A1 to B1)
Producer – Camouflage (tracks: A1 to B2)
Producer [Additional], Remix – Justin Strauss (tracks: A1, A2, B1)
Programmed By [Additional Keyboards] – Eric Kupper (tracks: A1 to B1)
Written-By – Heiko Maile, Marcus Meyn, Oliver Kreyssig
Tracks A1, A2 & B1 additionally produced and remixed for Just Right Productions.
Track B2 edited for The Office Inc.
Track B2 mixed at Electric Lady Studios.
Track B3 recorded and mixed at Dynaton Studio.
Blue Box Publishing

Track B2 was called 'Loungo Mix 12""' on record (typo in John Luongo's name).
Barcode (Scanned): 075678647406
Barcode (Text): 0 7567-86474-0
Matrix / Runout (Side A label): ST-DM-56326/56327/55682-AR
Matrix / Runout (Side B label): ST-DM-56328/56017/55670-AR","Tuesday, 02/06/2024 @ 03:24:02 PM",C Jeremy Kucera,K:\Album Art\Camouflage\The Great Commandment Front.jpg,
075678646706,I Beg Your Pardon,Kon Kan,1988,Electronic,House,Stereo,33.33333333,"12""",4,1,0-86467,,Bin A,USA,Very Good Plus (VG+),Very Good Plus (VG+),1.28,6.72,14.99,Atlantic,"Phonographic Copyright ℗ – Atlantic Recording Corporation
Copyright © – Atlantic Recording Corporation
Published By – Beun Music Publishing
Published By – Rose Garden
Licensed Through – Lowery Music Group
Edited At – Atlantic Studios
Manufactured By – Atlantic Recording Corporation
Pressed By – Specialty Records Corporation
Lacquer Cut At – Atlantic Studios
Engineer – Tom Gerencser
Lacquer Cut By – D.K.*
Mixed By – Barry Harris, The Men From VLEV
Producer, Written-By – Barry Harris
Vocals – Kevin Wynne
Select data as printed on center labels:
BEUN Music Publishing / Rose Garden licensed through Lowery Music Group
Engineered [...] for VLEV Productions
[Side B] Edited at Atlantic Studios
℗1988 Atlantic Recording Corp.
Mfg. by Atlantic Recording Corp. [...] A Warner Communications Company

Housed inside ""Atlantic Atco and Custom Labels"" company ""12 Inch Single"" die-cut sleeve.
© 1987 Atlantic Recording Corporation
Printed in U.S.A.

An ""E A S T"" embossed around the center hole (sourced from metal parts that were originally made for use at Allied Record Company based on the etchings).
Barcode (Text): 7567-86467-0
Barcode (Scanned): 075678646706
Matrix / Runout (A side label): ST-DM-56376/56374-SP
Matrix / Runout (B side label): ST-DM-56451/56375-SP
Matrix / Runout (A side runout etching, variant 1): ST-DM-56376-56475-1
Matrix / Runout (B side runout etching, variant 1): ST-DM-56451-56375-3
Matrix / Runout (A side runout, variant 2): SRC ST-DM-56376-56374-1 1-2
Matrix / Runout (B side runout, variant 2): SRC ST-DM-56451-56375-3 1-2 ATLANTIC STUDIOS D.K.
Matrix / Runout (Stamped A & B sides): [SRC logo]
Matrix / Runout (Stamped B side): ATLANTIC STUDIOS D.K.
Other (Embossed side B label): E A S T
Pressing Plant ID (Matrix number suffix on labels): SP","Tuesday, 02/06/2024 @ 03:30:15 PM",C Jeremy Kucera,K:\Album Art\Kon Kan\I Beg Your Pardon Front.jpg,
078636690513,Wu-Tang Forever,Wu-Tang Clan,1997,Other,Hip Hop,Stereo,33.33333333,"12""",27,4,07863-66905-1,,Bin A,USA,Very Good Plus (VG+),Good Plus (G+),30,53.09,215.04,RCA,"Distributed By – BMG Distribution
Manufactured By – BMG Distribution
Produced For – Wu-Tang Productions
Phonographic Copyright ℗ – Loud Records, LLC
Copyright © – BMG Entertainment
Published By – Wu-Tang Publishing
Published By – Careers-BMG Music Publishing, Inc.
Published By – Diggs Family Publishing
Published By – Wb Music Corp.
Published By – Kuumba Music Publishing Company
Published By – Bright Summit Publishing
Published By – PolyGram International Publishing, Inc.
Recorded At – 36 Chambers Studio
Recorded At – Ameraycan Studios
Engineered At – Ameraycan Studios
Mixed At – 36 Chambers Studio
Mixed At – The Hit Factory
Mixed At – Ameraycan Studios
Edited At – Sterling Sound
Mastered At – Sterling Sound
A&R [A&R Administration] – Arlene Godfrey, Ché Harris*, Laurie Marks, Sherin Baday, Tanya Mitchener
Art Direction, Design, Layout – A-D (2), James ""Cheese"" Roach*, Ney Pimentel, Ola Kudu, Ray*
Edited By – UE Nastasi
Executive-Producer – Dennis Coles, Mitchell Diggs, Oli Grant, Robert Diggs
Graphic Design [Graphic Designers] – Designey*
Management [Wu-Tang Management] – John ""Mook"" Gibbons*
Mastered By – Tom Coyne
Music By – The Clan*
Photography By [Additional Photography By] – Bob Berg (2), Designey, Inc.*, Shawn Mortenson*, Sherin Baday
Photography By [Portrait Photography By] – Philippe McClelland
Presenter [Presents] – Wu-Tang*
Supervised By [Executive Supervisor], Coordinator [Production Coordinator] – Divine (10), Power (30)
Written-By – Wu-Tang Clan
The RCA Records label is a unit of BMG Entertainment.
BMG logo is a trademark of BMG Music. © 1997 BMG Entertainment.
Manufactured and distributed by BMG Distribution, a unit of BMG Entertainment.
℗ 1997 Loud Records LLC.

Tekitha and CappaDonna appear courtesy of Razor Sharp Records/Epic Records.
Art direction, design & layout: Ola Kudu for Kokujin Design, Inc. and Ney Pimentel, Ray, A-D and James ""Cheeze"" Roach for Designey, Inc.

Track A1: produced for Wu-Tang Productions. Recorded at 36 Chamberz Studio. Mixed at The Hit Factory, NYC.
Track A2: produced for Wu-Tang Productions. Recorded and mixed at 36 Chamberz Studio. Mix engineered at Ameraycan Studio, LA.
Tracks B1 & D1: produced for Wu-Tang Productions. Recorded and mixed at 36 Chamberz Studio. Wu-Tang Publishing/Careers-BMG Music Publishing, Inc./Diggs Family Publishing BMI. All rights on behalf of Wu-Tang Publishing administered by Careers-BMG Music Publishing, Inc. BMI.
Tracks B2, C2, F2 & F3: produced for Wu-Tang Productions. Recorded and mixed at 36 Chamberz Studio.
Tracks B3, C1, D3, E2, F4 and H2: produced for Wu-Tang Productions. Recorded at 36 Chamberz Studio. Mix engineered at Ameraycan Studio, LA. Mixed at Ameraycan Studio, LA.
Track C3: produced for Wu-Tang Productions. Recorded and mixed at Ameraycan Studio, LA.
Tracks D2, F1, G2, G3 and G4: produced for Wu-Tang Productions. Recorded and mixed at Ameraycan Studio, LA. Mix engineered at Ameraycan Studio, LA.
Track E3: produced for Wu-Tang Productions. Co-Produced for Wu-Tang Productions. Recorded at 36 Chamberz Studio. Mix engineered at Ameraycan Studio, LA. Mixed at Ameraycan Studio, LA.
Track E4: produced for Wu-Tang Productions. Recorded at Ameraycan Studio, LA. Mix engineered at Ameraycan Studio, LA. Mixed at 36 Chamberz Studio. Wu-Tang Publishing/Careers-BMG Music Publishing, Inc./Diggs Family Publishing BMI/ Warner Bros. Music Corp./Kuumba Music Publishing Corp. ASCAP. All rights on behalf of Wu-Tang Publishing administered by Careers-BMG Music Publishing, Inc. BMI.
Track G1: produced for Wu-Tang Productions. Recorded and mixed at Ameraycan Studio, LA. Mix engineered at Ameraycan Studio, LA. Wu-Tang Publishing/Careers-BMG Music Publishing, Inc. BMI/Bright Summit Publishing ASCAP. All rights on behalf of Wu-Tang Publishing administered by Careers-BMG Music Publishing, Inc. BMI.
Track H1: produced for Wu-Tang Productions. Recorded and mixed at 36 Chamberz Studio. Wu-Tang Publishing/Careers-BMG Music Publishing, Inc. BMI/Bright Summit Publishing ASCAP. All rights on behalf of Wu-Tang Publishing administered by Careers-BMG Music Publishing, Inc. BMI.
Track H3: produced for Wu-Tang Productions. Recorded and mixed at 36 Chamberz Studio. Wu-Tang Publishing/Careers-BMG Music Publishing, Inc. BMI/PolyGram International Publishing Inc. ASCAP. All rights on behalf of Wu-Tang Publishing administered by Careers-BMG Music Publishing, Inc. BMI.

All songs published by Wu-Tang Publishing/Careers-BMG Music Publishing, Inc. BMI. All rights on behalf of Wu-Tang Publishing administered by Careers-BMG Music Publishing, Inc. BMI except where noted.
Tracks B2, C3, D2, E3 and F2 published by Wu-Tang Publishing/Careers-BMG Music Publishing, Inc./Diggs Family Publishing BMI. All rights on behalf of Wu-Tang Publishing administered by Careers-BMG Music Publishing, Inc. BMI.

Gatefold jacket. Made in USA. Printed in USA.
Barcode (Text): 0 7863-66905-1 3
Barcode (Scanned): 078636690513
Matrix / Runout (Label side A): 07863-66905-1-A
Matrix / Runout (Label side B): 07863-66905-1-B
Matrix / Runout (Label side C): 07863-66905-1-C
Matrix / Runout (Label side D): 07863-66905-1-D
Matrix / Runout (Label side E): 07863-66905-1-E
Matrix / Runout (Label side F): 07863-66905-1-F
Matrix / Runout (Label side G): 07863-66905-1-G
Matrix / Runout (Label side H): 07863-66905-1-H
Matrix / Runout (Runout side A etched): 07863-66905-1-A1 1-1
Matrix / Runout (Runout side B etched): 07863-66905-1-B1 1-1
Matrix / Runout (Runout side C etched): 07863-66905-1-C1 1-1
Matrix / Runout (Runout side D etched): 07863-66905-1-D1 0̶7̶8̶6̶3̶-̶6̶6̶9̶9̶0̶5̶-̶1̶-̶D̶1̶ 1-1
Matrix / Runout (Runout side E etched): 07863-66905-1-E1 1-1
Matrix / Runout (Runout side F etched): 07863-66905-1-F1 1-1
Matrix / Runout (Runout side G etched): 07863-66905-1-G1 1-1
Matrix / Runout (Runout side H etched): 07863-66905-1-H1 1-1
Rights Society: BMI
Rights Society: ASCAP","Wednesday, 02/07/2024 @ 02:30:16 PM",C Jeremy Kucera,K:\Album Art\Wu-Tang Clan\Wu-Tang Forever front.jpg,K:\Album Art\Wu-Tang Clan\Wu-Tang Forever back.jpg
5033197098067,King of Snake,Undreworld,1999,Electronic,Techno,Stereo,45,"12""",2,1,JBO5009806,,Bin A,USA,Very Good Plus (VG+),Very Good Plus (VG+),2.15,5.03,10.74,JBO,"Phonographic Copyright ℗ – Underworld (2)
Copyright © – Underworld (2)
Published By – Underworld (2)
Published By – Sherlock Holmes Music
Published By – Warner/Chappell Music
Published By – Rick's Music, Inc.
Published By – Sweet Summer Night Music
Licensed To – JBO Limited
Licensed To – V2 Music Ltd.
Composed By – Emerson*, Donna Summer, Giorgio Moroder, Hyde*, Pete Bellotte, Smith*
Stickered JBO company sleeve.

℗ 1999 Underworld
© 1999 Underworld
Barcode (Text): 5 033197 098067
Barcode (String): 5033197098067
Matrix / Runout (Stamped Side A): JBO 5009806 A-1-1-
Matrix / Runout (Stamped Side B): JBO 5009806 B-1-1-","Wednesday, 02/07/2024 @ 02:40:10 PM",C Jeremy Kucera,K:\Album Art\Undreworld\King of Snake Front.jpg,
5038378000051,Run,Ecano,1999,Electronic,Trance,Stereo,33.33333333,"12""",2,1,AVANT003,,Bin A,UK,Very Good Plus (VG+),Very Good Plus (VG+),3.74,7.5,15,Avantgarde,"Written-By, Arranged By, Producer – Oliver Lieb
Remix and additional production by Z2 for Solarstone Produtions.
Published by ED MOOZE / ADM.BMG UFA

(P)+(C) Tetsuo Recordings
Barcode: 5038378000051","Wednesday, 02/07/2024 @ 02:43:56 PM",C Jeremy Kucera,K:\Album Art\Ecano\Run front.jpg,K:\Album Art\Ecano\Run back.jpg
5037082000333, Carla's Theme / Outlander,Transa,1999,Electronic,Trance,Stereo,33.33333333,"12""",2,1,HK043,,Bin A,UK,Very Good Plus (VG+),Very Good Plus (VG+),0.1875,16.19,31.25,Hook Recordings,,"Wednesday, 02/07/2024 @ 02:47:49 PM",C Jeremy Kucera,K:\Album Art\Transa\Carlas Theme Front.jpg,
724388695565,I Believe,Lang,1999,Electronic,Trance,Stereo,45,"12""",2,1,12AD 039,,Bin A,USA,Very Good Plus (VG+),Very Good Plus (VG+),1.44,9.81,21.51,Additive,"Phonographic Copyright ℗ – EMI Records Ltd.
Copyright © – EMI Records Ltd.
Published By – Copyright Control
Pressed By – EMI Records
Producer – Lange
Vocals – Sarah Dwyer
Written By – Lange and Sarah Dwyer
Written-By – Lange, Sarah Dwyer
℗ 1999 EMI Records Ltd.
© 1999 EMI Records Ltd.

Runouts are machine stamped.
Barcode (Text): 7 24388 69556 5
Barcode (Scan): 724388695565
Matrix / Runout (A side runout): 12 AD 039 A-1-1-
Matrix / Runout (AA side runout): 12 AD 039 AA-1-1-","Wednesday, 02/07/2024 @ 02:55:24 PM",C Jeremy Kucera,K:\Album Art\Lang\I Believe Front.jpg,K:\Album Art\Lang\I Believe Back.jpg
053572504612,A Tast of Armageddon,Industrial Bass Machine,1998,Electronic,Other Electronic,Stereo,33.33333333,"12""",4,1,JB 5046,,Bin A,USA,Very Good Plus (VG+),Very Good Plus (VG+),3.75,35.65,75,Joey Boy Records,"Distributed By – Joey Boy Records Inc.
Published By – Still On Top Publishing
Mastered At – Miami Tape Inc.
The title is spelled ""A Taste Of Armagedon"" on the vinyl labels, it is spelled correctly on the sleeve front and spine.

Miami Tape Mastering Date: S-T-NO = 03. June 1998
Barcode (Text): 0 53572 50461 2
Rights Society: BMI
Matrix / Runout (Runout Side A Etched): JB-5046-A MIAMI TAPE S-T-NO JG
Matrix / Runout (Runout Side B Etched): JB-5046-B MIAMI TAPE S-T-NO JG","Wednesday, 02/07/2024 @ 02:59:54 PM",C Jeremy Kucera,K:\Album Art\Industrial Bass Machine\A Taste Of Armageddon front.jpg,K:\Album Art\Industrial Bass Machine\A Taste Of Armageddon Back.jpg
5037082000326,The Way You Like It,Frankie Bones,1999,Electronic,Techno,Stereo,33.33333333,"12""",4,1,BL041,,Bin A,UK,Very Good Plus (VG+),Very Good Plus (VG+),2.68,8.6,32.69,Bellboy Records,Barcode: 5 037082 000326,"Wednesday, 02/07/2024 @ 03:05:38 PM",C Jeremy Kucera,K:\Album Art\Frankie Bones\The Way You Like It Front.jpg,
748337112019,Chemical Reaction,Various,1998,Electronic,Other Electronic,Stereo,33.33333333,"12""",4,1,483 371 120-1,,Bin A,USA,Very Good Plus (VG+),Very Good Plus (VG+),2.34,7,16.13,One Records,"Phonographic Copyright ℗ – One Records, Inc.
Copyright © – One Records, Inc.
Manufactured By – Mercury
Distributed By – Blackheart Records
Distributed By – PolyGram Group Distribution
Manufactured and distributed by Blackheart/Mercury/PolyGram Records.
Made in the USA.

Unlike in the CD version, these tracks are full length versions.
Barcode: 7 48337 11201 9","Wednesday, 02/07/2024 @ 03:09:30 PM",C Jeremy Kucera,K:\Album Art\Various\Chemical Reaction Front.jpg,K:\Album Art\Various\Chemical Reaction Back.jpg
5014524103869,Why Go?,Faithless,1999,Electronic,Trance,Stereo,33.33333333,"12""",,,CHEK12.038,,Bin A,UK,Very Good Plus (VG+),Very Good Plus (VG+),1.35,4.52,10.74,Cheeky Records,"Phonographic Copyright ℗ – Cheeky Records Ltd.
Copyright © – Cheeky Records Ltd.
Published By – Champion Music – Side B
Published By – BMG Music
Published By – Warner/Chappell
Published By – Wanton Music – Side A
Design, Photography – Stylus (13)
Engineer – Goetz, Grippa
Barcode: 5014524103869","Wednesday, 02/07/2024 @ 03:14:39 PM",C Jeremy Kucera,K:\Album Art\Faithless\Why Go front.jpg,K:\Album Art\Faithless\Why Go back.jpg
769712010218,Sugar Is Sweeter,CJ Bolland,1996,Electronic,Other Electronic,Stereo,33.33333333,"12""",5,1,697 120 102-1,,Bin A,USA,Very Good Plus (VG+),Very Good Plus (VG+),5.38,9.56,20.32,FFRR,"Mastered By – RCE*
Producer [Uncredited] – Kris Vanderheyden
Vocals [Uncredited] – Jade 4U
The track A3 is another version of 'Sugar Is Sweeter' but not mentioned on the record.

Mastered at Frankford/Wayne.
(P) 1996 FFRR
Manufactured and marketed by I.L.S.
Made in U.S.A.
Barcode: 7 697-120102-1 8
Matrix / Runout (Side A): 697-120-102-1 A F/W RCE
Matrix / Runout (Side B): 697-120-102-1 B","Wednesday, 02/07/2024 @ 03:21:05 PM",C Jeremy Kucera,K:\Album Art\CJ Bolland\Sugar Is Sweeter Front.jpg,
075021217003, Rock Me Amadeus (The American Edit),Falco,1985,Electronic,Other Electronic,Stereo,33.33333333,"12""",3,1,SP-12170,,Bin A,USA,Very Good Plus (VG+),Very Good Plus (VG+),0.78,6.5,19.35,A&M Records,"Phonographic Copyright ℗ – A&M Records, Inc.
Phonographic Copyright ℗ – GIG Records, Markus Spiegel Ges.m.b.H
Published By – Colgems-EMI Music Inc.
Pressed By – Electrosound Group Midwest, Inc.
Mastered At – Frankford/Wayne Mastering Labs
Lacquer Cut At – Frankford/Wayne Mastering Labs
Directed By – Falco
Lacquer Cut By [Runout Etching :-)] – Herb Powers Jr.
Producer, Arranged By – Rob and Ferdi Bolland*
Written-By – R. & F. Bolland*, Falco
B1 mix name not listed.
B2 listed just as The ""Vienna Girls"" Sax Mix Max.

℗ 1985 A&M Records, Inc.

""B"" on bottom of labels and ""Emw"" in runouts refer to Electrosound Group Midwest, Inc.

There are letters/numbers in superscript after the “A” on Side A runout that look like “JIn.”

Spine reads:
A&M SP-12170 FALCO ROCK ME AMADEUS B/W VIENNA CALLING & THE “VIENNA GIRLS” SAX MIX MAX ℗ 1985 A&M RECORDS, INC. PRINTED IN THE U.S.A.

Barcode (Text): 0 7502-12170-0
Barcode (Scanned): 075021217003
Matrix / Runout (Side A, Label): SP-012170-A
Matrix / Runout (Side B, Label): SP-012170-B
Pressing Plant ID (On label, left of A&M logo): B
Rights Society (Tracks: A to B2): ASCAP
Rights Society (Tracks: A to B2): Copyright Control
Matrix / Runout (Sides A and B, stamped): MASTERING BY FRANKFORD/WAYNE NEW YORK
Matrix / Runout (Side A, etched): A+M-SP-012170-AJIn-RE1-ES Emw HERbIE JR : v)
Matrix / Runout (Side B, etched): A+M-SP-012170-B-RE1-ES HERbIE JR : v) Emw","Wednesday, 02/07/2024 @ 03:28:43 PM",C Jeremy Kucera,K:\Album Art\Falco\Rock Me Amadeus Front.jpg,K:\Album Art\Falco\Rock Me Amadeus Back.jpg
700177712316,Crack Attack,The Wichdoctor,1997,Electronic,Other Electronic,Stereo,33.33333333,"12""",3,1,COA 77123-1,,Bin A,USA,Very Good Plus (VG+),Very Good Plus (VG+),2.27,7.19,11.83,City Of Angels,"Written-By, Producer – Michael Scott (18)
Barcode: 7 00177 71231 6","Wednesday, 02/07/2024 @ 03:34:17 PM",C Jeremy Kucera,K:\Album Art\The Witchdoctor\Crack Attack Front.jpg,K:\Album Art\The Witchdoctor\Crack Attack Back.jpg
LP7410067,Full Metal Hell,Clash Of The Titans,1996,Electronic,Other Electronic,Stereo,33.33333333,"12""",3,1,AR-001,,Bin A,USA,Very Good Plus (VG+),Very Good Plus (VG+),5.61,18.5,30,Atomic Hardcore Recording,"Red/Yellow Marbled
Clear Jacket with label
Recorded At – T.A.S.C. Enterprises
Mixed At – T.A.S.C. Enterprises
Written-By, Producer – Brian Scott, Ron D Core, Simply Jeff
A & B1: 33 ⅓ RPM
B2: 45 RPM

Red & yellow marbled vinyl.

The label says 'spiral side' even though it has the 'Atomic Hardcore Recordings' logo on it.","Wednesday, 02/07/2024 @ 03:49:32 PM",C Jeremy Kucera,K:\Album Art\Clash Of The Titans\Full Metal Hell Front.jpg,K:\Album Art\Clash Of The Titans\Full Metal Hell Back.jpg
5021732401311,Viva Diablo Blanco Free Style Beats Volume One,Various,1997,Electronic,Other Electronic,Stereo,33.33333333,"12""",13,2,ZEN013 LP,,Bin A,UK,Very Good Plus (VG+),Very Good Plus (VG+),1.29,6.03,12.5,Indochina,"Compilation
Compiled By – Chris Checkley
Barcode: 5021732401311","Wednesday, 02/07/2024 @ 03:52:29 PM",C Jeremy Kucera,K:\Album Art\Various\Viva Diablo Blanco Front.jpg,
5024545137033,Technology / Big Game Hunger,Evil Nine,2000,Electronic,Other Electronic,Stereo,33.33333333,"12""",2,1,MAPA010,,Bin A,UK,Very Good Plus (VG+),Very Good Plus (VG+),9.14,16.24,43.01,Marine Parade,"Written-By, Producer – Pat Pardy, Tom Beaufoy
Mastered at Transfermation.

(P) + (C) Marine Parade 2001
Barcode: 5024545137033","Wednesday, 02/07/2024 @ 03:57:15 PM",C Jeremy Kucera,K:\Album Art\Evil Nine\Technology front.jpg,
5024545061468,Capricorn,9 Nickle ,1998,Electronic,Other Electronic,Stereo,45,"12""",2,1,MAPA002,,Bin A,UK,Very Good Plus (VG+),Very Good Plus (VG+),0.62,9.5,12.89,Marine Parade,,"Wednesday, 02/07/2024 @ 04:02:28 PM",C Jeremy Kucera,K:\Album Art\9 Nickle\Capricorn Front.jpg,K:\Album Art\9 Nickle\Capricorn Back.jpg
743213982915,The Beat Is Over,Basco,1996,Electronic,Other Electronic,Stereo,33.33333333,"12""",3,1,HARD 12 12,,Bin B,UK,Very Good Plus (VG+),Very Good Plus (VG+),2.15,7.15,12.66,Concrete,"Written & produced by Jark & Dobre.
Published by MCA Music Ltd./Somefour.
AA1 & AA2 remixed by Sure Is Pure
at The Funky Farm.

Record is available with Catalog# HARD 12 12 & CON 002
Barcode (Text): 7 43213 98291 5
Label Code: LC 8280","Thursday, 02/08/2024 @ 01:52:42 PM",C Jeremy Kucera,K:\Album Art\Basco\The Beat Is Over front.jpg,
820997800717,Grunge 3/Mass Hysteria (The Remixes),BC,2003,Electronic,Other Electronic,Stereo,45,"12""",2,1,HUMA8007-1,,Bin B,USA,Very Good (VG),Very Good (VG),1,5.03,14.95,Human Imprint Recordings,"Phonographic Copyright ℗ – BC Recordings
Copyright © – HUMAN Imprint Recordings
Mastered At – The Exchange
Marketed By – The Greenwich Music Group
Distributed By – S.T. Holdings Ltd.
Distributed By – The Greenwich Music Group
Manufactured By – S.T. Holdings Ltd.
Manufactured By – The Greenwich Music Group
Mastered By – Simon Davey
Written-By, Producer – D. Stein*
℗ 2002 BC Recordings & © 2003 HUMAN Imprint Recordings.
Made in the EU. Manufactured and distributed by S.T. Holdings Ltd. (printed on label)
Manufactured, marketed and distributed by The Greenwich Music Group. (printed on sleeve)
Mastered at The Exchange, London.

Track A is a remix of Grunge 2 from the album Book Of The Bad. Track AA is a remix of Hysteria from the album Digital Nation, and contains a sample from the movie ""Ghostbusters"".
Barcode: 820997800717
Matrix / Runout (Side A Runout): HUMA 8007-1A
Matrix / Runout (Side AA Runout): HUMA 8007-1 [scratched out] AA","Thursday, 02/08/2024 @ 01:57:15 PM",C Jeremy Kucera,K:\Album Art\BC\The Grunge 3 front.jpg,K:\Album Art\BC\The Grunge 3 back.jpg
683519402260,Boomin' Back Atcha,Freq Nasty Featuring Phoebe One,1999,Electronic,Other Electronic,Stereo,33.33333333,"12""",2,1,BOS2022R,,Bin B,UK,Very Good Plus (VG+),Very Good Plus (VG+),1.06,5.22,13.97,Botchit & Scarper,"Phonographic Copyright ℗ – Botchit & Scarper
Copyright © – Botchit & Scarper
Published By – FreQuently Nasty Music
Published By – Westbury Music
Published By – MCA Music Publishing
Produced At – Archetype Studios
Engineered At – Archetype Studios
Mixed At – Archetype Studios
Produced At – Freddies Studio
Engineered At – Freddies Studio
Mixed At – Freddies Studio
Distributed By – SRD
Plated By – EW (2)
Producer, Engineer, Mixed By – FreQ Nasty*
Track A Produced, engineered & mixed @ Archetype Studio for FreQuently Nasty Productions

Track B Produced, engineered & mixed @ Freddies Studio for FreQuently Nasty Productions
Additional remix production by Hybrid round theirs in Wales

Track A Published by FreQuently Nasty Music/Westbury Publishing
Track B Published by FreQuently Nasty Music/Westbury Publishing/MCA Music Publishing

℗ 1999 Botchit & Scarper © 1999 Botchit & Scarper

Uk distribution by SRD
Made in Great Britain
Barcode (Text): 6 83519 40226 0
Matrix / Runout (Side A, etched): BOS 2 022R-A-1 EW
Matrix / Runout (Side B, etched): BOS 2022R B 2 EW","Thursday, 02/08/2024 @ 02:01:26 PM",C Jeremy Kucera,K:\Album Art\Freq Nasty\Boomin' Back Atcha front.jpg,
724389529968,I Got 5 On it (Urban Takeover Remix),Luniz,1998,Electronic,Other Electronic,Stereo,45,"12""",2,1,VCRT 41,,Bin B,UK,Very Good Plus (VG+),Very Good Plus (VG+),2.53,8.87,22.78,VC Recordings,"Licensed From – PolyGram Special Projects
Produced For – Dollars & Spence Productions
Produced For – Noo Trybe Records
Produced For – C-Note Records
Phonographic Copyright ℗ – Noo Trybe Records, Inc.
Copyright © – Noo Trybe Records, Inc.
Copyright © – Virgin Records Ltd.
Published By – Stackola Publishing
Published By – Triple Gold
Published By – Jay King IV Publishing
Published By – Songs Of All Nations
Published By – Warner-Tamerlane Publishing Corp.
Published By – Second Decade Music Co.
Published By – True Science Publishing
Pressed By – EMI Records
Cover, Design – Ian Bruley, Mat Ckillz*, The Fatboss, Valdon Lake
Executive-Producer [For C-Note Records] – Aaaccrraa J. Pavel*, Chris Hicks (2)
Executive-Producer [For Noo Trybe Records] – Eric L. Brooks
Performer – Kool & The Gang
Producer – Tone Capone
Remix [All Tracks Remixed By] – Mickey Finn & Aphrodite*
Written-By – Anthony Gillmour*, Claydes Smith, Dennis Thomas*, Denzil Foster, Donald Boyce*, Garrick Husband, George Brown, Jay King, Jerold Ellis, Jr.*, Richard Westfield, Robert Bell*, Robert Mickens*, Ronald Bell, Thomas McElroy
On back cover:
Printed in the E.U.
Published by Stackola Publishing/Triple Gold/Jay King IV Publishing, admin by Songs Of All Nations/Warner-Tamerlane Publishing Corp./Second Decade Music Co. (BMI)/True Science Publishing (ASCAP) Material performed by Kool & The Gang used under license from PolyGram Special Projects
℗ 1998 Noo Trybe Records Inc. © 1998 Noo Trybe Records Inc.
© 1998 Virgin Records Ltd.
Barcode (Text): 7 24389 52996 8
Rights Society (For publishing): ASCAP
Rights Society (For publishing): BMI
Label Code: LC 3098
Price Code (France): F:PM 212
Matrix / Runout (Runout side A stamped): VCRT 41 A-1-1-
Matrix / Runout (Runout side B stamped): VCRT 41 B-1-1-","Thursday, 02/08/2024 @ 02:06:11 PM",C Jeremy Kucera,K:\Album Art\Luniz\I Got 5 On It front.jpg,K:\Album Art\Luniz\I Got 5 On It back.jpg
5024545112764,Black Widow,Uberzone And Rennie Pilgrem,2000,Electronic,Other Electronic,Stereo,33.33333333,"12""",3,1,Renn3042,,Bin B,UK,Very Good (VG),Very Good (VG),2.14,5.53,19.35,Thursday Club Recordings (TCR),"Phonographic Copyright ℗ – Thursday Club Recordings Ltd.
Copyright © – Thursday Club Recordings Ltd.
Published By – Bisbal Music
Published By – Westbury Music
Published By – Warner/Chappell
Lacquer Cut At – The Exchange
Lacquer Cut By – Nilz*
Mixed By – Rennie Pilgrem (tracks: B2), Uberzone* (tracks: B1)
Written-By, Producer – Rennie Pilgrem & Uberzone* (tracks: A)
Side A: 45 RPM
Side B: 33 ⅓ RPM

&#8471;2000 The copyright in this sound recording is owned by Thursday Club Recordings Ltd.
©2000 Thursday Club Recordings Ltd.

Made In England
Barcode (Printed Text): 5 024545 112764
Barcode (String): 5024545112764
Barcode (Scanned): 5024545112764
Matrix / Runout (Runouts Side A): RENN 3042 A-1-1-1 THE EXCHANGE -NiLZ.
Mould SID Code (Runouts Side B): RENN 3042 B-1-1-1","Thursday, 02/08/2024 @ 02:11:21 PM",C Jeremy Kucera,K:\Album Art\Uberzone\Black Widow Front.jpg,K:\Album Art\Uberzone\Black Widow Back.jpg
769712410513,Tricky Presents Grassroots,Tricky,1996,Electronic,Other Electronic,Stereo,33.33333333,"12""",5,1,697-120 088-1,,Bin B,USA,Very Good (VG),Very Good (VG),1.67,7.26,25,Payday,"Marketed By – I.L.S.
Manufactured By – I.L.S.
Phonographic Copyright ℗ – FFRR
Copyright © – FFRR
Recorded At – D&D Studios
Recorded At – I.N.S. Studios
Mastered At – Masterdisk
Mastered At – Europadisk – 15798
Compiled By – Tricky
Design – Gregory Burke
Engineer – Eddie Sancho, Rock Smith pka Stike*
Lacquer Cut By [Runout etching 𝄞] – Don Grossinger
Mastered By – Tony Dawsey
Photography By – Stella Magloire*
Mastered at Masterdisc

'Heaven, Youth Hell' contains a sample from ""Hold It Now, Hit It"" recorded by the Beastie Boys
'Tricky Kid' contains a sample from ""Zoom"" recorded by the Commodores
'Live W/ Yo Self' contains a sample from ""I Don't Want To Lose Your Love"" recorded by the Mad Lads

Direct Metal Mastering

This compilation ℗© 1996 FFRR.

Printed In The U.S.A.
[Cover] Printed In Canada

Masterdisk printed as 'Masterdisc'.
Barcode: 7 697 124105 1 3
Matrix / Runout (Runout side A): PR-EP-001-A EUROPADISK DMM NY USA 15798 𝄞 S-4
Matrix / Runout (Runout side B): PR-EP-001-B EUROPADISK DMM NY USA 15798 𝄞 S-2
Rights Society: BMI
Rights Society: ASCAP","Thursday, 02/08/2024 @ 02:16:36 PM",C Jeremy Kucera,K:\Album Art\Tricky\Tricky Presents Grassroots front.jpg,K:\Album Art\Tricky\Tricky Presents Grassroots back.jpg
787947403711,Xeo-Genetic,Aux 88,1998,Electronic,Techno,Stereo,33.33333333,"12""",8,2,DB4W-037,,Bin B,USA,Very Good Plus (VG+),Very Good Plus (VG+),19.99,47.8,90.79,Direct Beat,"Copyright © – Direct Beat
Copyright © – 430 West Records
Distributed By – Submerge (3)
Published By – Munchman Music
Producer, Written-By – Aux 88
Rights Society: BMI
Barcode: 7 87947 40371 1","Thursday, 02/08/2024 @ 02:22:16 PM",C Jeremy Kucera,K:\Album Art\Aux 88\Xeo-Genetic Front.jpg,K:\Album Art\Aux 88\Xeo-Genetic Back.jpg
5024545146301,TCR50.2,Various,2001,Electronic,Other Electronic,Stereo,33.33333333,"12""",4,2,RENN50R,,Bin B,UK,Very Good Plus (VG+),Very Good Plus (VG+),0.1,8.68,26.88,Thursday Club Recordings (TCR),"(P)&(C) 2001 Thursday Club Recordings Ltd.

Made in England.
Barcode: 5 024545 146301","Thursday, 02/08/2024 @ 02:25:57 PM",C Jeremy Kucera,K:\Album Art\Various\TCR50.2 front.jpg,
5029684013767,Future Sound Of Retro,Lee Combs,1999,Electronic,Other Electronic,Stereo,45,"12""",2,1,FLR015,,Bin B,UK,Very Good (VG),Very Good (VG),1.9,5.59,13.07,Finger Lickin' Records,"Mastered By [Cut] – Shane*
Written-By, Producer – Lee Coombs
""Air Guitar II"" uses samples from The Crystal Method's ""Vapor Trail.""","Thursday, 02/08/2024 @ 02:29:12 PM",C Jeremy Kucera,K:\Album Art\Lee Combs\Future Sound Of Retro Front.jpg,K:\Album Art\Lee Combs\Future Sound Of Retro Back.jpg
5024545086768,Hip Hop Phenomenon,Tsunami One + BT,1999,Electronic,Other Electronic,Stereo,33.33333333,"12""",1,1,MAPA005,,Bin B,UK,Very Good Plus (VG+),Very Good Plus (VG+),3,6.32,32.26,Marine Parade,"Single Sided
Phonographic Copyright ℗ – Marine Parade
Copyright © – Marine Parade
Published By – Embrace The Future Music
Published By – Copyright Control
Engineer [Engineering], Producer [Additional Production], Programmed By [Programming By] – Kevin Beber
Lacquer Cut By – SMC*
Written-By, Producer – Adam Freeland, Brian Transeau, Kevin Beber
Made in the U.K.
Barcode: 5024545086768
Rights Society: BMI
Matrix / Runout: SMC AG MAPA 005 A-1-1-1","Thursday, 02/08/2024 @ 02:39:27 PM",C Jeremy Kucera,K:\Album Art\Tsunami One\Hip Hop Phenomenon.jpg,
758148003918,Not Your Business,Atari Teenage Riot,1996,Electronic,Other Electronic,Stereo,33.33333333,"12""",5,1,GR039,,Bin B,USA,Very Good Plus (VG+),Very Good Plus (VG+),0.99,5.39,16.12,Grand Royal,"Licensed To – Grand Royal
Phonographic Copyright ℗ – Digital Hardcore Recordings Ltd.
Copyright © – Digital Hardcore Recordings Ltd.
Mastered At – Capitol Mastering
Mastered At – Record Technology Incorporated – 944
Published By – Digital Hardcore Music
Produced At – Empire Studios, Berlin
Lacquer Cut By – Gl*, RM*
Programmed By, Vocals [Shouts] – Alec Empire
Vocals – Hanin Elias
Vocals [MC] – Carl Crack
Written-By, Producer – Alec Empire - The Destroyer*
All tracks written & produced at Empire Studios, Berlin, 1995

Label side A: ℗+© 1995 Digital Hardcore Recordings.
Back cover: ℗ ©1996 Digital Hardcore Recordings.
Barcode: 7 58148 0039 1 8
Matrix / Runout (Side A, etched): GR-0̶4̶1̶-A Gl RM GR-039 944.1(3)
Matrix / Runout (Side B, etched): GR-0̶4̶1̶-B Gl RM GR-039 944.2(3)
Matrix / Runout (Sides A & B, stamped): MASTERED BY CAPITOL","Thursday, 02/08/2024 @ 02:42:14 PM",C Jeremy Kucera,K:\Album Art\Atari Teenage Riot\Not Your Business Front.jpg,K:\Album Art\Atari Teenage Riot\Not Your Business Back.jpg
731457822111,Higher State of Consciousness (The Remixes),Josh Wink,1996,Electronic,Other Electronic,Stereo,33.33333333,"12""",4,1,FESX 9,,Bin B,UK,Very Good Plus (VG+),Very Good Plus (VG+),2.52,5.54,15.81,Manifesto,"Phonographic Copyright ℗ – Strictly rhythm Records, Inc.
Copyright © – Strictly rhythm Records, Inc.
Written-By, Producer – Josh Wink
℗ & © 1996 Strictly Rhythm Records Inc.
UK: FESX 9
INT: 578 221-1","Thursday, 02/08/2024 @ 02:45:55 PM",C Jeremy Kucera,K:\Album Art\Josh Wink\Higher State of Consciousness Front.jpg,K:\Album Art\Josh Wink\Higher State of Consciousness Back.jpg
053993127513,Break Beats - Drums Of Passion Vol. 4,Alterations,1991,Electronic,Other Electronic,Stereo,33.33333333,"12""",30,1,HAL 12275,,Bin B,USA,Very Good Plus (VG+),Very Good Plus (VG+),2,6.16,12.66,Loop Records,"Marketed By – Hot Productions, INC.
Distributed By – Hot Productions, INC.
Phonographic Copyright ℗ – Loop Records (2)
Recorded At – Ghetto Vibe
Producer – Alternations (2)
On label: ""30 Real International Break Beats"".

This release consists exclusively of break beat loops.
Recorded at Ghetto Vibe.

℗ 1991 Loop Records.
Made in USA.
Barcode (Scanned): 053993127513
Barcode (Text): 0 5399-31275-1 3","Thursday, 02/08/2024 @ 02:50:04 PM",C Jeremy Kucera,K:\Album Art\Alterations\Break Beats - Drums of Passion Vol 4 Front.jpg,K:\Album Art\Alterations\Break Beats - Drums of Passion Vol 4 Back.jpg
724383858217,6 Underground,Sneaker Pimps,1996,Electronic,Techno,Stereo,33.33333333,"12""",4,1,Y-38582,,Bin B,USA,Very Good Plus (VG+),Very Good Plus (VG+),7,19.67,39.95,Virgin Underground,"Published by BMG Music Publishing Ltd. (PRS) all rights administered by BMG Songs, Inc. (ASCAP)/EMI Unart Catalog Inc. (BMI).

""6 Underground"" embodies portions of ""Golden Girl"" (John Barry) EMI Unart Catalog Inc. as performed by John Barry used under exclusive license from EMI Records.

℗ & © 1996 Clean Up Records Ltd.
Issued under exclusive license in the United States to Virgin Records America, Inc.
Barcode: 7 2438-38582-1 7
Matrix / Runout (Run-out Side A): SPRO-12203-A
Matrix / Runout (Run-out Side B): SPRO-12203-B","Thursday, 02/08/2024 @ 02:54:46 PM",C Jeremy Kucera,K:\Album Art\Sneaker Pimps\6 Underground front.jpg,
602507033910,The Plan,Sofa Surfers,1998,Electronic,Other Electronic,Stereo,,,,,UMT 70339,,,Austria,,,,,,a:head,,"Friday, 02/09/2024 @ 01:33:34 PM",C Jeremy Kucera,,
081227882099,Third Eye Blind,Third Eye Blind,1997,Rock,Alternative,Stereo,33.33333333,"12""",15,1,,,Top Shelf,USA,Near Mint (NM/M-),Mint (M),,,,Rhino,,"Saturday, 08/03/2024 @ 07:38:19 AM",C Jeremy Kucera,,
