Barcode,Album Title,Artist,Disc#,Side,Track#,Sub Track,Track Name,Run Time
886974469919,21,Adele,1,A,2,,Rumor Has it,
886974469919,21,Adele,1,A,3,,Turning Tables,
886974469919,21,Adele,1,A,4,,Don't You Remember,
886974469919,21,Adele,1,A,5,,Set Fire to the Rain,
886974469919,21,Adele,1,A,6,,He Won't Go,
886974469919,21,Adele,1,B,1,,Take it All,
886974469919,21,Adele,1,B,2,,I'll Be Waiting,
886974469919,21,Adele,1,B,3,,Only and Only,
886974469919,21,Adele,1,B,4,,Lovesong,
886974469919,21,Adele,1,B,5,,Someone Like You,
602537158904,Night Visions,Imagine Dragons,1,A,1,,Radioactive,
602537158904,Night Visions,Imagine Dragons,1,A,2,,Tiptoe,
602537158904,Night Visions,Imagine Dragons,1,A,3,,It's Time,
602537158904,Night Visions,Imagine Dragons,1,A,4,,Demons,
602537158904,Night Visions,Imagine Dragons,1,A,5,,On Top of the World,
602537158904,Night Visions,Imagine Dragons,1,A,6,,Amsterdam,
602537158904,Night Visions,Imagine Dragons,1,B,1,,Hear Me,
602537158904,Night Visions,Imagine Dragons,1,B,2,,Every Night,
602537158904,Night Visions,Imagine Dragons,1,B,3,,Bleeding Out,
602537158904,Night Visions,Imagine Dragons,1,B,4,,Underdog,
602537158904,Night Visions,Imagine Dragons,1,B,5,,Nothing Left to Say / Rocks,
050087470647,Greatest Hits,Queen,1,A,1,,Bohemian Rhapsody,
050087470647,Greatest Hits,Queen,1,A,2,,Another One Bites The Dust,
050087470647,Greatest Hits,Queen,1,A,3,,Killer Queen,
050087470647,Greatest Hits,Queen,1,A,4,,Fat Bottomed Girls,
050087470647,Greatest Hits,Queen,1,B,1,,Bicycle Race,
050087470647,Greatest Hits,Queen,1,B,2,,You're My Best Friend,
050087470647,Greatest Hits,Queen,1,B,3,,Don't Stop Me Now,
050087470647,Greatest Hits,Queen,1,B,4,,Save Me,
050087470647,Greatest Hits,Queen,2,A,1,,Crazy Little Thing Called Love,
050087470647,Greatest Hits,Queen,2,A,2,,Somebody To Love,
050087470647,Greatest Hits,Queen,2,A,3,,Now I'm Here,
050087470647,Greatest Hits,Queen,2,A,4,,Good Old-Fashioned Lover Boy,
050087470647,Greatest Hits,Queen,2,B,1,,Play The Game,
050087470647,Greatest Hits,Queen,2,B,2,,Flash,
050087470647,Greatest Hits,Queen,2,B,3,,Seven Seas Of Rhye,
050087470647,Greatest Hits,Queen,2,B,4,,We Will Rock You,
050087470647,Greatest Hits,Queen,2,B,5,,We Are The Champions,
5099968460112,Teenage Dream,Katie Perry,1,A,1,,Teenage Dream,
5099968460112,Teenage Dream,Katie Perry,1,A,2,,Last Friday Night [T.G.I.F.],
5099968460112,Teenage Dream,Katie Perry,1,A,3,,California Gurls feat. Snoop Dog,
5099968460112,Teenage Dream,Katie Perry,1,B,1,,Firework,
5099968460112,Teenage Dream,Katie Perry,1,B,2,,Peacock,
5099968460112,Teenage Dream,Katie Perry,1,B,3,,Circle the Drain,
5099968460112,Teenage Dream,Katie Perry,2,A,1,,The One That Got Away,
5099968460112,Teenage Dream,Katie Perry,2,A,2,,E.T.,
5099968460112,Teenage Dream,Katie Perry,2,A,3,,Who Am I Living For?,
5099968460112,Teenage Dream,Katie Perry,2,B,1,,Pearl,
5099968460112,Teenage Dream,Katie Perry,2,B,2,,Hummingbird Heartbeat,
5099968460112,Teenage Dream,Katie Perry,2,B,3,,Not Like The Movies,
602537691708,In The Lonely Hour,Sam Smith,1,A,1,,Money On My Mind,
602537691708,In The Lonely Hour,Sam Smith,1,A,2,,Good Thing,
602537691708,In The Lonely Hour,Sam Smith,1,A,3,,Stay With Me,
602537691708,In The Lonely Hour,Sam Smith,1,A,4,,Leave Your Lover,
602537691708,In The Lonely Hour,Sam Smith,1,A,5,,I'm Not The Only One,
602537691708,In The Lonely Hour,Sam Smith,1,A,6,,I've Told You Now,
602537691708,In The Lonely Hour,Sam Smith,1,A,7,,Like I Can,
602537691708,In The Lonely Hour,Sam Smith,1,B,1,,Life Support,
602537691708,In The Lonely Hour,Sam Smith,1,B,2,,Not In That Way,
602537691708,In The Lonely Hour,Sam Smith,1,B,3,,Lay Me Down,
602537691708,In The Lonely Hour,Sam Smith,1,B,4,,Restart,
602537691708,In The Lonely Hour,Sam Smith,1,B,5,,Latch (Acoustic),
602537691708,In The Lonely Hour,Sam Smith,1,B,6,,La La La,
602537691708,In The Lonely Hour,Sam Smith,1,B,7,,Make It To Me,
602537534951,Goodbye Yellow Brick Road,Elton John,1,A,1,,Funeral For A Friend/Love Lies Bleeding,
602537534951,Goodbye Yellow Brick Road,Elton John,1,A,2,,Candle In The Wind,
602537534951,Goodbye Yellow Brick Road,Elton John,1,A,3,,Bennie And The Jets,
602537534951,Goodbye Yellow Brick Road,Elton John,1,A,4,,Goodbye Yellow Brick Road,
602537534951,Goodbye Yellow Brick Road,Elton John,1,B,1,,This Song Has No Title,
602537534951,Goodbye Yellow Brick Road,Elton John,1,B,2,,Grey Seal,
602537534951,Goodbye Yellow Brick Road,Elton John,1,B,3,,Jamaica Jerk-Off,
602537534951,Goodbye Yellow Brick Road,Elton John,1,B,4,,I've Seen That Movie Too,
602537534951,Goodbye Yellow Brick Road,Elton John,2,A,1,,Sweet Painted Lady,
602537534951,Goodbye Yellow Brick Road,Elton John,2,A,2,,The Ballad of Danny Baily/1909-34,
602537534951,Goodbye Yellow Brick Road,Elton John,2,A,3,,Dirty Little Girl,
602537534951,Goodbye Yellow Brick Road,Elton John,2,A,4,,All The Girls Love Alice,
602537534951,Goodbye Yellow Brick Road,Elton John,2,B,1,,Your Sister Can't Twist [But She Can Rock 'n' Roll],
602537534951,Goodbye Yellow Brick Road,Elton John,2,B,2,,Saturday Night's Alright for Fighting,
602537534951,Goodbye Yellow Brick Road,Elton John,2,B,3,,Roy Rogers,
602537534951,Goodbye Yellow Brick Road,Elton John,2,B,4,,Social Disease,
602537534951,Goodbye Yellow Brick Road,Elton John,2,B,5,,Harmony,
190758431918,No Sound Without Silence,The Script,1,A,1,,No Good In Goodbye,
190758431918,No Sound Without Silence,The Script,1,A,2,,Superheros,
190758431918,No Sound Without Silence,The Script,1,A,3,,Man On A Wire,
190758431918,No Sound Without Silence,The Script,1,A,4,,It's Not Right For You,
190758431918,No Sound Without Silence,The Script,1,A,5,,The Energy Never Dies,
190758431918,No Sound Without Silence,The Script,1,B,6,,Flares,
190758431918,No Sound Without Silence,The Script,1,B,7,,Army Of Angels,
190758431918,No Sound Without Silence,The Script,1,B,8,,Never Seen Anything,
190758431918,No Sound Without Silence,The Script,1,B,9,,Paint The Town Green,
190758431918,No Sound Without Silence,The Script,1,B,10,,Without Those Songs,
190758431918,No Sound Without Silence,The Script,1,B,11,,Hail Rain or Sunshine,
093624963189,A Thousand Suns,Linkin Park,1,1,1,,The Requiem,
093624963189,A Thousand Suns,Linkin Park,1,1,2,,The Radiance,
093624963189,A Thousand Suns,Linkin Park,1,1,3,,Burnig In The Skies,
093624963189,A Thousand Suns,Linkin Park,1,1,4,,Empty Spaces,
093624963189,A Thousand Suns,Linkin Park,1,1,5,,When They Come For Me,
093624963189,A Thousand Suns,Linkin Park,1,2,1,,Robot Boy,
093624963189,A Thousand Suns,Linkin Park,1,2,2,,Jornada Del Muerto,
093624963189,A Thousand Suns,Linkin Park,1,2,3,,Waiting For The End,
093624963189,A Thousand Suns,Linkin Park,1,2,4,,Blackout,
093624963189,A Thousand Suns,Linkin Park,2,3,1,,Wretches And Kings,
093624963189,A Thousand Suns,Linkin Park,2,3,2,,"Wisdom, Justice, and Love",
093624963189,A Thousand Suns,Linkin Park,2,3,3,,Iridescent,
093624963189,A Thousand Suns,Linkin Park,2,4,1,,Fallout,
093624963189,A Thousand Suns,Linkin Park,2,4,2,,The Catalyst,
093624963189,A Thousand Suns,Linkin Park,2,4,3,,The Messenger,
768697208214,Burn For You 12-Inch Single,Kreo,1,A,1,,Burn For You: The Cop 4 Club Mix,6:08
768697208214,Burn For You 12-Inch Single,Kreo,1,A,2,,Burn For You: The Cop 4 Radio Mix,3:24
768697208214,Burn For You 12-Inch Single,Kreo,1,B,1,,Burn For You: U.F.O. Extended Mix,5:00
768697208214,Burn For You 12-Inch Single,Kreo,1,B,2,,Burn For You: U.F.O. Radio Edit,2:52
093624905691,Dizzy Up the Girl,The Goo Goo Dolls,1,1,3,,Dizzy,
093624905691,Dizzy Up the Girl,The Goo Goo Dolls,1,1,2,,Slide,
093624905691,Dizzy Up the Girl,The Goo Goo Dolls,1,1,3,,Broadway,
093624905691,Dizzy Up the Girl,The Goo Goo Dolls,1,1,4,,January Friend,
093624905691,Dizzy Up the Girl,The Goo Goo Dolls,1,1,5,,Black Balloon,
093624905691,Dizzy Up the Girl,The Goo Goo Dolls,1,1,6,,Bullet Proof,
093624905691,Dizzy Up the Girl,The Goo Goo Dolls,1,1,7,,Amigone,
093624905691,Dizzy Up the Girl,The Goo Goo Dolls,1,2,1,,All Eyes On me,
093624905691,Dizzy Up the Girl,The Goo Goo Dolls,1,2,2,,Full Forever,
093624905691,Dizzy Up the Girl,The Goo Goo Dolls,1,2,3,,Acoustic #3,
093624905691,Dizzy Up the Girl,The Goo Goo Dolls,1,2,4,,Iris,
093624905691,Dizzy Up the Girl,The Goo Goo Dolls,1,2,5,,Extra Pale,
093624905691,Dizzy Up the Girl,The Goo Goo Dolls,1,2,6,,Hate This Place,
724354050411,A Rush Of Blood To The Head,Coldplay,1,A,1,,Politik,
724354050411,A Rush Of Blood To The Head,Coldplay,1,A,2,,In My Place,
724354050411,A Rush Of Blood To The Head,Coldplay,1,A,3,,God Put A Smile Upon Your Face,
724354050411,A Rush Of Blood To The Head,Coldplay,1,A,4,,The Scientist,
724354050411,A Rush Of Blood To The Head,Coldplay,1,A,5,,Clocks,
724354050411,A Rush Of Blood To The Head,Coldplay,1,B,1,,Daylight,
724354050411,A Rush Of Blood To The Head,Coldplay,1,B,2,,Green Eyes,
724354050411,A Rush Of Blood To The Head,Coldplay,1,B,3,,Warning Sign,
724354050411,A Rush Of Blood To The Head,Coldplay,1,B,4,,A Whisper,
724354050411,A Rush Of Blood To The Head,Coldplay,1,B,5,,A Rush Of Blood To The Head,
724354050411,A Rush Of Blood To The Head,Coldplay,1,B,6,,Amsterdam,
888751006416,The Sign,Ace Of Base,1,A,1,,All That She Wants,
888751006416,The Sign,Ace Of Base,1,A,2,,Don't Turn Around,
888751006416,The Sign,Ace Of Base,1,A,3,,Young And Proud,
888751006416,The Sign,Ace Of Base,1,A,4,,The Sign,
888751006416,The Sign,Ace Of Base,1,A,5,,Living In Danger,
888751006416,The Sign,Ace Of Base,1,A,6,,Dancer In A Daydream,
888751006416,The Sign,Ace Of Base,1,B,1,,Wheel Of Fortune,
888751006416,The Sign,Ace Of Base,1,B,2,,Waiting For Magic (Total Remix),
888751006416,The Sign,Ace Of Base,1,B,3,,Happy Nation,
888751006416,The Sign,Ace Of Base,1,B,4,,Voulex-Vous Danser,
888751006416,The Sign,Ace Of Base,1,B,5,,My Mind (Mindless Remix),
888751006416,The Sign,Ace Of Base,1,B,6,,All That She Wants (Banghra Version),
LP7410001,ABBA,ABBA,1,1,1,,Mamma Mia,3:32
LP7410001,ABBA,ABBA,1,1,2,,"Hey, Hey Helen",3:16
LP7410001,ABBA,ABBA,1,1,3,,Tropical Loveland,3:05
LP7410001,ABBA,ABBA,1,1,4,,SOS,3:22
LP7410001,ABBA,ABBA,1,1,5,,Man In The Middle,3:00
LP7410001,ABBA,ABBA,1,1,6,,Bang-A-Boomerang,2:50
LP7410001,ABBA,ABBA,1,2,1,,"I Do, I Do, I Do, I Do, I Do",3:15
LP7410001,ABBA,ABBA,1,2,2,,Rock Me,3:03
LP7410001,ABBA,ABBA,1,2,3,,Ingermezzo no 1,3:48
LP7410001,ABBA,ABBA,1,2,4,,I've Been Waiting For You,3:39
LP7410001,ABBA,ABBA,1,2,5,,So Long,3:06
081227938338,20th Anniverssary Debut Album,Third Eye Blind,1,1,1,,Losing A Whole Year,
081227938338,20th Anniverssary Debut Album,Third Eye Blind,1,1,2,,Narcolepsy,
081227938338,20th Anniverssary Debut Album,Third Eye Blind,1,1,3,,Semi-Charmed Life,
081227938338,20th Anniverssary Debut Album,Third Eye Blind,1,1,4,,Jumper,
081227938338,20th Anniverssary Debut Album,Third Eye Blind,1,2,1,,Graduate,
081227938338,20th Anniverssary Debut Album,Third Eye Blind,1,2,2,,How's It Going To Be,
081227938338,20th Anniverssary Debut Album,Third Eye Blind,1,2,3,,Thanks A Lot,
081227938338,20th Anniverssary Debut Album,Third Eye Blind,2,1,1,,Burning Man,
081227938338,20th Anniverssary Debut Album,Third Eye Blind,2,1,2,,Good For You,
081227938338,20th Anniverssary Debut Album,Third Eye Blind,2,1,3,,London,
081227938338,20th Anniverssary Debut Album,Third Eye Blind,2,1,4,,I Want You,
081227938338,20th Anniverssary Debut Album,Third Eye Blind,2,2,1,,The Background,
081227938338,20th Anniverssary Debut Album,Third Eye Blind,2,2,2,,Motorcycle Drive By,
081227938338,20th Anniverssary Debut Album,Third Eye Blind,2,2,3,,God Of Wine,
077771116315,Darkside of the Moon,Pink Floyd,1,1,1,,Speak To Me,
077771116315,Darkside of the Moon,Pink Floyd,1,1,2,,Breathe,
077771116315,Darkside of the Moon,Pink Floyd,1,1,2,,On The Run,
077771116315,Darkside of the Moon,Pink Floyd,1,1,3,,Time,
077771116315,Darkside of the Moon,Pink Floyd,1,1,4,,The Great Gig In The Sky,
077771116315,Darkside of the Moon,Pink Floyd,1,2,1,,Money,
077771116315,Darkside of the Moon,Pink Floyd,1,2,2,,Us And Them,
077771116315,Darkside of the Moon,Pink Floyd,1,2,3,,Any Colour You Like,
077771116315,Darkside of the Moon,Pink Floyd,1,2,4,,Brain Damage,
077771116315,Darkside of the Moon,Pink Floyd,1,2,5,,Eclipse,
8718469539406,Surfacing,Sarah McLachlan,1,A,1,,Building A Mystery,
8718469539406,Surfacing,Sarah McLachlan,1,A,2,,I Love You,
8718469539406,Surfacing,Sarah McLachlan,1,A,3,,Sweet Surrender,
8718469539406,Surfacing,Sarah McLachlan,1,A,4,,Adia,
8718469539406,Surfacing,Sarah McLachlan,1,A,5,,Do What you have To Do,
8718469539406,Surfacing,Sarah McLachlan,1,B,1,,Whitness,
8718469539406,Surfacing,Sarah McLachlan,1,B,2,,Angel,
8718469539406,Surfacing,Sarah McLachlan,1,B,3,,Black & White,
8718469539406,Surfacing,Sarah McLachlan,1,B,4,,Full Of Grace,
8718469539406,Surfacing,Sarah McLachlan,1,B,5,,Last Dance,
724384960612,Discovery,Daft Punk,1,A,1,,One More Time,
724384960612,Discovery,Daft Punk,1,A,2,,Aerodynamic,
724384960612,Discovery,Daft Punk,1,A,3,,Digital Love,
724384960612,Discovery,Daft Punk,1,B,1,,"Harder, Better, Faster, Stronger",
724384960612,Discovery,Daft Punk,1,B,2,,Crescendolls,
724384960612,Discovery,Daft Punk,1,B,3,,Nightvision,
724384960612,Discovery,Daft Punk,1,B,4,,Superheros,
724384960612,Discovery,Daft Punk,2,C,1,,High Life,
724384960612,Discovery,Daft Punk,2,C,2,,Something About Us,
724384960612,Discovery,Daft Punk,2,C,3,,Voyager,
724384960612,Discovery,Daft Punk,2,C,4,,Verdis Quo,
724384960612,Discovery,Daft Punk,2,D,1,,Face To Face,
724384960612,Discovery,Daft Punk,2,D,2,,Too Long,
888751767713,Adele 25,Adele,1,A,1,,Hello,
888751767713,25,Adele,1,A,2,,Send My Love (To Your Lover),
888751767713,25,Adele,1,A,3,,I Miss You,
888751767713,25,Adele,1,A,4,,When We Were Young,
888751767713,25,Adele,1,A,5,,Remedy,
888751767713,25,Adele,1,B,1,,Water Under The Bridge,
888751767713,25,Adele,1,B,2,,River Lea,
888751767713,25,Adele,1,B,3,,Love In The Dark,
888751767713,25,Adele,1,B,4,,Million Years Ago,
888751767713,25,Adele,1,B,5,,All I Ask,
888751767713,Adele 25,Adele,1,B,6,,Sweetest Devotion,
022924600616,Watermark,Enya,1,1,1,,Watermark,
022924600616,Watermark,Enya,1,1,2,,Cursum Perficio,
022924600616,Watermark,Enya,1,1,3,,On Your Shore,
022924600616,Watermark,Enya,1,1,4,,Storms in Africa,
022924600616,Watermark,Enya,1,1,5,,Exile,
022924600616,Watermark,Enya,1,1,6,,Miss Clare Remembers,
022924600616,Watermark,Enya,1,2,1,,Orinoco Flow,
022924600616,Watermark,Enya,1,2,2,,Evening Falls,
022924600616,Watermark,Enya,1,2,3,,River,
022924600616,Watermark,Enya,1,2,4,,The Long Ships,
022924600616,Watermark,Enya,1,2,5,,Na Laetha Geal M'oige,
022924600616,Watermark,Enya,1,2,6,,Storms in Africa (Part II),
888430813519,Don't Kill The Magic,Magic!,1,1,1,,Rude,
888430813519,Don't Kill The Magic,Magic!,1,1,2,,No Evil,
888430813519,Don't Kill The Magic,Magic!,1,1,3,,Let Your Hair Down,
888430813519,Don't Kill The Magic,Magic!,1,1,4,,Stupid Me,
888430813519,Don't Kill The Magic,Magic!,1,1,5,,No Way No,
888430813519,Don't Kill The Magic,Magic!,1,1,6,,Paradise,
888430813519,Don't Kill The Magic,Magic!,1,2,1,,Don't Kill The Magic,
888430813519,Rude,Magic!,1,2,4,,Mama Didn't Raise No Fool,
888430813519,Don't Kill The Magic,Magic!,1,2,3,,Little Girl Big World,
888430813519,Don't Kill The Magic,Magic!,1,2,4,,Mama Didn't Raise No Feel,
888430813519,Don't Kill The Magic,Magic!,1,2,5,,How Do You Want To Be Remembered,
888430999619,Hozier,Hozier,1,A,1,,Take Me To Church,
888430999619,Hozier,Hozier,1,A,2,,Angel of Small Death & The Codeine Scene,
888430999619,Hozier,Hozier,1,A,3,,Jackie and Wilson,
888430999619,Hozier,Hozier,1,B,1,,Someone New,
888430999619,Hozier,Hozier,1,B,2,,To Be Alone,
888430999619,Hozier,Hozier,1,B,3,,From Eden,
888430999619,Hozier,Hozier,1,C,1,,In A Week (Featuring Karen Cowley),
888430999619,Hozier,Hozier,1,C,2,,Sedated,
888430999619,Hozier,Hozier,1,C,3,,Work Song,
888430999619,Hozier,Hozier,1,D,1,,Like Real People Do,
888430999619,Hozier,Hozier,1,D,2,,It Will Come Back,
888430999619,Hozier,Hozier,1,D,3,,Foreigner's God,
888430999619,Hozier,Hozier,1,D,4,,Cherry Wine (Live),
825646865475,Resistance,Muse,1,A,1,,Uprising,
825646865475,Resistance,Muse,1,A,2,,Resistance,
825646865475,Resistance,Muse,1,A,3,,Undisclosed Desires,
825646865475,Resistance,Muse,1,B,1,,United States of Eurasia (+Collateral Damage),
825646865475,Resistance,Muse,1,B,2,,Guiding Light,
825646865475,Resistance,Muse,1,C,1,,Unnatural Selection,
825646865475,Resistance,Muse,1,C,2,,MK Ultra,
825646865475,Resistance,Muse,1,C,3,,I Belong To You (+Mon Coeur S'Ouvre A Ta Voix),
825646865475,Resistance,Muse,1,D,1,,Exogenesis: Symphony Part 1 (Overture),
825646865475,Resistance,Muse,1,D,2,,Exogenesis: Symphony Part 2 (Cross-Pollination),
825646865475,Resistance,Muse,1,D,3,,Exogenesis: Symphony Part 3 (Redemption),
602537478545,Bad Blood,Bastille,1,A,1,,Pompeii,3:34
602537478545,Bad Blood,Bastille,1,A,2,,Things We Lost In The Fire,4:01
602537478545,Bad Blood,Bastille,1,A,3,,Bad Blood,3:33
602537478545,Bad Blood,Bastille,1,A,4,,Overjoyed,3:26
602537478545,Bad Blood,Bastille,1,A,5,,These Streets,2:55
602537478545,Bad Blood,Bastille,1,A,6,,"Weight Of Living, Pt. II",2:55
602537478545,Bad Blood,Bastille,1,B,1,,Icarus,3:45
602537478545,Bad Blood,Bastille,1,B,2,,Oblivion,3:16
602537478545,Bad Blood,Bastille,1,B,3,,Flaws,3:39
602537478545,Bad Blood,Bastille,1,B,4,,Daniel In The Den,3:09
602537478545,Bad Blood,Bastille,1,B,5,,Laura Palmer,3:06
602537478545,Bad Blood,Bastille,1,B,6,,Get Home,3:11
LP7410002,Caribou,Elton John,1,1,1,,The Bitch Is Back,
LP7410002,Caribou,Elton John,1,1,2,,Pink,
LP7410002,Caribou,Elton John,1,1,3,,Grimsby,
LP7410002,Caribou,Elton John,1,1,4,,Dixie Lilly,
LP7410002,Caribou,Elton John,1,1,5,,Solar Prestige A Gammon,
LP7410002,Caribou,Elton John,1,1,6,,Your So Static,
LP7410002,Caribou,Elton John,1,2,1,,I've Seen The Saucers,
LP7410002,Caribou,Elton John,1,2,2,,Stinker,
LP7410002,Caribou,Elton John,1,2,3,,Don't Let The Sun Go Down On Me,
LP7410002,Caribou,Elton John,1,2,4,,Ticking,
731457060216,Lost In Love (Mixes),Trance All Stars,1,A,1,,Lost In Love (Taucher Mix),9:33
731457060216,Lost In Love (Mixes),Trance All Stars,1,B,1,,Lost In Love (DJ Mellow-D Mix),6:51
731457060216,Lost In Love (Mixes),Trance All Stars,1,B,2,,Lost In Love (Schiller Mix),6:50
098707763113,Turn The Beat Around (Mixes),Gloria Estefan,1,1,1,,Def Classic Mix,7:40
098707763113,Turn The Beat Around (Mixes),Gloria Estefan,1,1,2,,Damien's Super Jazz Mix,9:05
098707763113,Turn The Beat Around (Mixes),Gloria Estefan,1,2,1,,Def Tragic Mix,12:00
098707763113,Turn The Beat Around (Mixes),Gloria Estefan,1,2,2,,"Pablo's 12"" Remix",7:25
078221840514,Whitney,Whitney Houston,1,1,1,,I Wanna Dance With Somebody (Who Loves Me),
078221840514,Whitney,Whitney Houston,1,1,2,,Just The Lonely Talking Again,
078221840514,Whitney,Whitney Houston,1,1,3,,Love Will Save The Day,
078221840514,Whitney,Whitney Houston,1,1,4,,Didn't We Almost Have It All,
078221840514,Whitney,Whitney Houston,1,1,5,,So Emotional,
078221840514,Whitney,Whitney Houston,1,2,1,,Where You Are,
078221840514,Whitney,Whitney Houston,1,2,2,,Love Is A Contact Sport,
078221840514,Whitney,Whitney Houston,1,2,3,,You're Still My Man,
078221840514,Whitney,Whitney Houston,1,2,4,,For the Love Of You,
078221840514,Whitney,Whitney Houston,1,2,5,,Where Do Broken Hearts Go,
078221840514,Whitney,Whitney Houston,1,2,6,,I Know Him So Well,
LP7410003,Winter Into Spring (Solo Piano),George Winston,1,1,1,,January Stars,6:38
LP7410003,Winter Into Spring (Solo Piano),George Winston,1,1,2,,February Sea,5:13
LP7410003,Winter Into Spring (Solo Piano),George Winston,1,1,3,,Ocean Waves (O Mar),7:15
LP7410003,Winter Into Spring (Solo Piano),George Winston,1,1,4,,Reflection,2:45
LP7410003,Winter Into Spring (Solo Piano),George Winston,1,2,1,,Rain Dance,10:10
LP7410003,Winter Into Spring (Solo Piano),George Winston,1,2,2,,Blossom/Meadow,4:04
LP7410003,Winter Into Spring (Solo Piano),George Winston,1,2,3,,The Venice Dreamer: Part One - Introduction,2:19
LP7410003,Winter Into Spring (Solo Piano),George Winston,1,2,4,,The Venice Dreamer: Part Two,5:46
LP7410004,The Two Of Us,Sonny & Cher,1,1,1,,I Got You Babe,3:09
LP7410004,The Two Of Us,Sonny & Cher,1,1,2,,Unchained Meoldy,3:48
LP7410004,The Two Of Us,Sonny & Cher,1,1,3,,Then He Kissed Me,2:51
LP7410004,The Two Of Us,Sonny & Cher,1,1,4,,Sing C'Est La Vie,3:37
LP7410004,The Two Of Us,Sonny & Cher,1,1,5,,It's Gonna Rain,2:23
LP7410004,The Two Of Us,Sonny & Cher,1,1,6,,Baby Don't Go,3:05
LP7410004,The Two Of Us,Sonny & Cher,1,2,1,,Just You,3:25
LP7410004,The Two Of Us,Sonny & Cher,1,2,2,,The Letter,2:06
LP7410004,The Two Of Us,Sonny & Cher,1,2,3,,Let It Be Me,2:27
LP7410004,The Two Of Us,Sonny & Cher,1,2,4,,You Don't Love Me,2:26
LP7410004,The Two Of Us,Sonny & Cher,1,2,5,,You've Really Got A Hold On Me,2:14
LP7410004,The Two Of Us,Sonny & Cher,1,2,6,,Why Don't They Let Us Fall In Love,2:30
LP7410004,The Two Of Us,Sonny & Cher,2,3,1,,The Beat Goes On,3:23
LP7410004,The Two Of Us,Sonny & Cher,2,3,2,,Groovy Kind Of Love,2:20
LP7410004,The Two Of Us,Sonny & Cher,2,3,3,,You Baby,2:45
LP7410004,The Two Of Us,Sonny & Cher,2,3,4,,Monday,2:55
LP7410004,The Two Of Us,Sonny & Cher,2,3,5,,Love Don't Come,3:02
LP7410004,The Two Of Us,Sonny & Cher,2,3,6,,Podunk,2:53
LP7410004,The Two Of Us,Sonny & Cher,2,4,1,,Little Man,3:15
LP7410004,The Two Of Us,Sonny & Cher,2,4,2,,We'll Sing In The Sunshine,2:40
LP7410004,The Two Of Us,Sonny & Cher,2,4,3,,Misty Roses,3:05
LP7410004,The Two Of Us,Sonny & Cher,2,4,4,,Stand By Me,3:40
LP7410004,The Two Of Us,Sonny & Cher,2,4,5,,Living For You,3:30
LP7410004,The Two Of Us,Sonny & Cher,2,4,6,,Cheryl's Going Home,2:40
075596077415,Tracy Chapman,Tracy Chapman,1,1,1,,Talkin' Bout A Revolution,
075596077415,Tracy Chapman,Tracy Chapman,1,1,2,,Fast Car,
075596077415,Tracy Chapman,Tracy Chapman,1,1,3,,Across the Lines,
075596077415,Tracy Chapman,Tracy Chapman,1,1,4,,Behind The Wall,
075596077415,Tracy Chapman,Tracy Chapman,1,1,5,,Baby Can I Hold you,
075596077415,Tracy Chapman,Tracy Chapman,1,2,1,,Mountains O' Things,
075596077415,Tracy Chapman,Tracy Chapman,1,2,2,,She's Got Her Ticket,
075596077415,Tracy Chapman,Tracy Chapman,1,2,3,,Why?,
075596077415,Tracy Chapman,Tracy Chapman,1,2,4,,For My Lover,
075596077415,Tracy Chapman,Tracy Chapman,1,2,5,,If Not Now,
075596077415,Tracy Chapman,Tracy Chapman,1,2,6,,For You,
050109615810,Dancing On The Ceiling,Lionel Richie,1,1,1,,Dancing On The Ceiling,
050109615810,Dancing On The Ceiling,Lionel Richie,1,1,2,,Se La,
050109615810,Dancing On The Ceiling,Lionel Richie,1,1,3,,Ballerina Girl,
050109615810,Dancing On The Ceiling,Lionel Richie,1,1,4,,Don't Stop,
050109615810,Dancing On The Ceiling,Lionel Richie,1,2,1,,Deep River Woman,
050109615810,Dancing On The Ceiling,Lionel Richie,1,2,2,,Love Will Conquer All,
050109615810,Dancing On The Ceiling,Lionel Richie,1,2,3,,Tonight Will Be Alright,
050109615810,Dancing On The Ceiling,Lionel Richie,1,2,4,,"Say You, Say Me",
LP7410005,New Kind Of Feeling,Anne Murray,1,1,1,,Shadows In The Moonlight,3:25
LP7410005,New Kind Of Feeling,Anne Murray,1,1,2,,You've Got What It Takes,3:27
LP7410005,New Kind Of Feeling,Anne Murray,1,1,3,,I Just Fall In Love Again,2:47
LP7410005,New Kind Of Feeling,Anne Murray,1,1,4,,Take This Heart,3:48
LP7410005,New Kind Of Feeling,Anne Murray,1,1,5,,Yocatan Cafe,3:02
LP7410005,New Kind Of Feeling,Anne Murray,1,2,1,,For No Reason At all,2:47
LP7410005,New Kind Of Feeling,Anne Murray,1,2,2,,Rainin' In My Heart,3:09
LP7410005,New Kind Of Feeling,Anne Murray,1,2,3,,That's Why I Love You,2:56
LP7410005,New Kind Of Feeling,Anne Murray,1,2,4,,(He Can't Help It If) He's Not You,3:09
LP7410005,New Kind Of Feeling,Anne Murray,1,2,5,,Heaven Is Here,2:05
LP7410006,Dream A Little Dream,Mama Cass,1,1,1,,Dream A Little Dream Of me,
LP7410006,Dream A Little Dream,Mama Cass,1,1,2,,California Earthquake,
LP7410006,Dream A Little Dream,Mama Cass,1,1,3,,Th Room Nobody Lives In,
LP7410006,Dream A Little Dream,Mama Cass,1,1,4,,Talking To Your Toothbrush,
LP7410006,Dream A Little Dream,Mama Cass,1,1,5,,Blues For Breakfast,
LP7410006,Dream A Little Dream,Mama Cass,1,1,6,,You Know Who I Am,
LP7410006,Dream A Little Dream,Mama Cass,1,2,1,,Rubber Band,
LP7410006,Dream A Little Dream,Mama Cass,1,2,2,,Lon Time Loving You,
LP7410006,Dream A Little Dream,Mama Cass,1,2,3,,"Jan, The Insane Dog Lady",
LP7410006,Dream A Little Dream,Mama Cass,1,2,4,,What Was I Thinking Of,
LP7410006,Dream A Little Dream,Mama Cass,1,2,5,,Burn Your Hatred,
LP7410006,Dream A Little Dream,Mama Cass,1,2,6,,Sweet Believer,
075992416412,Cher,Cher,1,1,1,,I Found Someoone,3:42
075992416412,Cher,Cher,1,1,2,,We All Sleep Alone,3:53
075992416412,Cher,Cher,1,1,3,,Bang-Bang,3:51
075992416412,Cher,Cher,1,1,4,,Main Man,3:48
075992416412,Cher,Cher,1,1,5,,Give Our Love A Fightin' Chance,4:06
075992416412,Cher,Cher,1,2,1,,Perfection,4:28
075992416412,Cher,Cher,1,2,2,,Dangerous Times,3:01
075992416412,Cher,Cher,1,2,3,,Skin Deep,4:16
075992416412,Cher,Cher,1,2,4,,Working Girl,3:57
075992416412,Cher,Cher,1,2,5,,Hard Enough Getting Over You,3:48
LP7410007,KILT Double Gold,Various,1,1,1,,Cherish - The Association,
LP7410007,KILT Double Gold,Various,1,1,2,,House Of The Rising Sun - The Animals,
LP7410007,KILT Double Gold,Various,1,1,3,,"Yummy, Yummy, Yumm - The Ohio Express",
LP7410007,KILT Double Gold,Various,1,1,4,,Papa's Got A Brand New Bag - James Brown,
LP7410007,KILT Double Gold,Various,1,1,5,,Sweet Pea - Tommy Roe,
LP7410007,KILT Double Gold,Various,1,1,6,,Hold Me Tight - Johnny Nash,
LP7410007,KILT Double Gold,Various,1,1,7,,Green Tambourine - The Lemon Pipers,
LP7410007,KILT Double Gold,Various,1,2,8,,Hooked On A Feeling - B.J. Thomas,
LP7410007,KILT Double Gold,Various,1,2,9,,Cinnamon - Derek,
LP7410007,KILT Double Gold,Various,1,2,10,,"Baby, Now That I've Found You - The Foundations",
LP7410007,KILT Double Gold,Various,1,2,11,,Suspicion - Terry  Stafford,
LP7410007,KILT Double Gold,Various,1,2,12,,Expressway To Your Heart - The Soul Survivors,
LP7410007,KILT Double Gold,Various,1,2,13,,Sweet Little Sixteen - Chuck Berry,
LP7410007,KILT Double Gold,Various,1,2,14,,Wipeout - The Sufaris,
LP7410007,KILT Double Gold,Various,1,2,15,,Kind Of A Drag - The Buckinghams,
LP7410007,KILT Double Gold,Various,2,3,16,,Chrimson And Clover - Tommy James & The Shondells,
LP7410007,KILT Double Gold,Various,2,3,17,,Happy Together - The Turtles,
LP7410007,KILT Double Gold,Various,2,3,18,,Hot Smoke & Sassafrass - The Bubble Puppy,
LP7410007,KILT Double Gold,Various,2,3,19,,"The ""In"" Crowd - Dobie Gray",
LP7410007,KILT Double Gold,Various,2,3,20,,The Grooviest Girl In The World - The Fun & Games,
LP7410007,KILT Double Gold,Various,2,3,21,,Johnny Angel - Shelby Fabares,
LP7410007,KILT Double Gold,Various,2,3,22,,Grazing In The Grass - Hugh Masekela,
LP7410007,KILT Double Gold,Various,2,4,23,,Angel Of The Morning - Merrilee Rush,
LP7410007,KILT Double Gold,Various,2,4,24,,Hush - Deep Purple,
LP7410007,KILT Double Gold,Various,2,4,25,,It's All In The Game - Tommy Edwards,
LP7410007,KILT Double Gold,Various,2,4,26,,Dirty Water - The Standells,
LP7410007,KILT Double Gold,Various,2,4,27,,Blue's Theme - Davie Allen & The Arrows,
LP7410007,KILT Double Gold,Various,2,4,28,,Tell It Like It Is - Aaron Neville,
LP7410007,KILT Double Gold,Various,2,4,29,,Incense And Peppermints - The Strawberry Alarm Clock,
LP7410007,KILT Double Gold,Various,2,4,30,,You've Lost That Lovin' Feeling - The Righteous Brothers,
074644536812,Past To Present,Toto,1,1,1,,Love Has The Power,
074644536812,Past To Present,Toto,1,1,2,,Africa,
074644536812,Past To Present,Toto,1,1,3,,Hold The Line,
074644536812,Past To Present,Toto,1,1,4,,Out Of Love,
074644536812,Past To Present,Toto,1,1,5,,Georgy Porgy,
074644536812,Past To Present,Toto,1,1,6,,I'll Be Over You,
074644536812,Past To Present,Toto,1,2,1,,Can You Hear What I'm Saying,
074644536812,Past To Present,Toto,1,2,2,,Rosanna,
074644536812,Past To Present,Toto,1,2,3,,I Won't Hold You Back,
074644536812,Past To Present,Toto,1,2,4,,Stop Loving You,
074644536812,Past To Present,Toto,1,2,5,,99,
074644536812,Past To Present,Toto,1,2,6,,Pamela,
074644536812,Past To Present,Toto,1,2,7,,Animal,
044001567216,Rapture (Tastes So Sweet) Remixes,IIO,1,A,1,,Creamer & Stephanie K Remix,9:53
044001567216,Rapture (Tastes So Sweet) Remixes,IIO,1,A,2,,Radio Edit,3:12
044001567216,Rapture (Tastes So Sweet) Remixes,IIO,1,B,1,,Original Extended,6:46
044001567216,Rapture (Tastes So Sweet) Remixes,IIO,1,B,2,,Riva Remix,7:40
LP7410008,Farewell To The First Golden Era,The Mamas & The Papas,1,1,1,,Dedicated To The One I Love,2:56
LP7410008,Farewell To The First Golden Era,The Mamas & The Papas,1,1,2,,Go Where You Wanna Go,2:32
LP7410008,Farewell To The First Golden Era,The Mamas & The Papas,1,1,3,,Words Of Love,2:13
LP7410008,Farewell To The First Golden Era,The Mamas & The Papas,1,1,4,,Look Through My Window,3:05
LP7410008,Farewell To The First Golden Era,The Mamas & The Papas,1,1,5,,Dancing In The Street,3:00
LP7410008,Farewell To The First Golden Era,The Mamas & The Papas,1,1,6,,"Monday, Monday",3:03
LP7410008,Farewell To The First Golden Era,The Mamas & The Papas,1,2,1,,Creeque Alley,3:45
LP7410008,Farewell To The First Golden Era,The Mamas & The Papas,1,2,2,,Got A Feelin',2:44
LP7410008,Farewell To The First Golden Era,The Mamas & The Papas,1,2,3,,Twelve-Thirty (Young Girls Are Coming To The Canyon),3:20
LP7410008,Farewell To The First Golden Era,The Mamas & The Papas,1,2,4,,I Call Your Name,2:32
LP7410008,Farewell To The First Golden Era,The Mamas & The Papas,1,2,5,,I Saw Her Again Last Night,2:50
LP7410008,Farewell To The First Golden Era,The Mamas & The Papas,1,2,6,,California Dreamin',2:32
LP7410009,Music At Tea Time,The Greenbrier Trio,1,1,1,,New Vienna,
LP7410009,Music At Tea Time,The Greenbrier Trio,1,1,2,,Theme From Dr. Zhivago,
LP7410009,Music At Tea Time,The Greenbrier Trio,1,1,3,,Wiener Fiakerlied,
LP7410009,Music At Tea Time,The Greenbrier Trio,1,1,4,,Hungarian Czardas,
LP7410009,Music At Tea Time,The Greenbrier Trio,1,2,1,,Sound Of Music Selections,
LP7410009,Music At Tea Time,The Greenbrier Trio,1,2,2,,Herbert - Romberg Selections,
LP7410009,Music At Tea Time,The Greenbrier Trio,1,2,3,,Fascination,
LP7410009,Music At Tea Time,The Greenbrier Trio,1,2,4,,"Polka ""Dot Dash"" (V. Kayaloff)",
LP7410010,Greatest Hits Volume II,Elton John,1,1,1,,The Bitch Is Back,
LP7410010,Greatest Hits Volume II,Elton John,1,1,2,,Lucy In The Sky With Diamonds,
LP7410010,Greatest Hits Volume II,Elton John,1,1,3,,Sorry Seems To Be The Hardest Word,
LP7410010,Greatest Hits Volume II,Elton John,1,1,4,,Don't Go Breaking My Heart,
LP7410010,Greatest Hits Volume II,Elton John,1,1,5,,Someone Saved My Life Tonight,
LP7410010,Greatest Hits Volume II,Elton John,1,2,1,,Philadelphia Freedom,
LP7410010,Greatest Hits Volume II,Elton John,1,2,2,,Island Girl,
LP7410010,Greatest Hits Volume II,Elton John,1,2,3,,Grow Some Funk Of Your Own,
LP7410010,Greatest Hits Volume II,Elton John,1,2,4,,Levon,
LP7410010,Greatest Hits Volume II,Elton John,1,2,5,,Pinball Wizard,
LP7410011,Love Is A Beautiful Song,The Moms and Dads,1,1,1,,Love Is a Beautiful Song,3:32
LP7410011,Love Is A Beautiful Song,The Moms and Dads,1,1,2,,My Blue Heaven,2:19
LP7410011,Love Is A Beautiful Song,The Moms and Dads,1,1,3,,Drifting And Dreaming,2:17
LP7410011,Love Is A Beautiful Song,The Moms and Dads,1,1,4,,Darktown Strutters' Ball,2:21
LP7410011,Love Is A Beautiful Song,The Moms and Dads,1,1,5,,Mexicali Rose,2:53
LP7410011,Love Is A Beautiful Song,The Moms and Dads,1,1,6,,Sweet Jennie Lee,2:20
LP7410011,Love Is A Beautiful Song,The Moms and Dads,1,2,1,,Allegheny Moon,2:56
LP7410011,Love Is A Beautiful Song,The Moms and Dads,1,2,2,,Fraulein,2:24
LP7410011,Love Is A Beautiful Song,The Moms and Dads,1,2,3,,Your Cheatin' Heart,3:16
LP7410011,Love Is A Beautiful Song,The Moms and Dads,1,2,4,,Oklahoma Hills,2:02
LP7410011,Love Is A Beautiful Song,The Moms and Dads,1,2,5,,That Nighty Waltz,3:07
LP7410011,Love Is A Beautiful Song,The Moms and Dads,1,2,6,,Liechtensteiner Polk,2:17
LP7410012,Bavarian Yodeling Songs and Polkas,The Bavarian Yodeling Club,1,A,1,,I Am A Yodeling Girl,1:57
LP7410012,Bavarian Yodeling Songs and Polkas,The Bavarian Yodeling Club,1,A,2,,High On A Mountain Peak,2:19
LP7410012,Bavarian Yodeling Songs and Polkas,The Bavarian Yodeling Club,1,A,3,,Tavern In The Forest,2:49
LP7410012,Bavarian Yodeling Songs and Polkas,The Bavarian Yodeling Club,1,A,4,,Sunday Yodeling,2:25
LP7410012,Bavarian Yodeling Songs and Polkas,The Bavarian Yodeling Club,1,A,5,,Slap Happy In Gotzing,2:37
LP7410012,Bavarian Yodeling Songs and Polkas,The Bavarian Yodeling Club,1,A,6,,Green Mountain Yodeler,2:08
LP7410012,Bavarian Yodeling Songs and Polkas,The Bavarian Yodeling Club,1,B,1,,D'Uvermuetige Sahn,2:05
LP7410012,Bavarian Yodeling Songs and Polkas,The Bavarian Yodeling Club,1,B,2,,Bavarian Polk,2:39
LP7410012,Bavarian Yodeling Songs and Polkas,The Bavarian Yodeling Club,1,B,3,,De Gumpesel,2:18
LP7410012,Bavarian Yodeling Songs and Polkas,The Bavarian Yodeling Club,1,B,4,,Franzi Polka,2:34
LP7410012,Bavarian Yodeling Songs and Polkas,The Bavarian Yodeling Club,1,B,5,,Am Sami Si Hochzit,2:25
LP7410012,Bavarian Yodeling Songs and Polkas,The Bavarian Yodeling Club,1,B,6,,Kissing Polka,2:26
090204987481,Sleep Walkers Dream,Erazor,1,A,1,,Extended Mix,6:29
090204987481,Sleep Walkers Dream,Erazor,1,B,1,,Whitelabel Side. Clubmix,7:01
711574820610,Blue Wicked,Jeremy Heiden,1,A,1,,You're Not Alone (Album Mix),4:46
711574820610,Blue Wicked,Jeremy Heiden,1,A,2,,Message Received,5:44
711574820610,Blue Wicked,Jeremy Heiden,1,A,3,,Blue Wicked,3:32
711574820610,Blue Wicked,Jeremy Heiden,1,A,4,,I Wanna Go Back,5:45
711574820610,Blue Wicked,Jeremy Heiden,1,B,1,,Collide,4:22
711574820610,Blue Wicked,Jeremy Heiden,1,B,2,,I'm Waiting,3:52
711574820610,Blue Wicked,Jeremy Heiden,1,B,3,,While You Were Sleeping,3:19
711574820610,Blue Wicked,Jeremy Heiden,1,B,4,,Money Or Me,4:03
711574820610,Blue Wicked,Jeremy Heiden,1,C,1,,You're Not Alone (12 Inch Extended),7:15
711574820610,Blue Wicked,Jeremy Heiden,1,C,2,,He's Got You,3:15
711574820610,Blue Wicked,Jeremy Heiden,1,C,3,,Blue Wicked (Club Extended),5:53
711574820610,Blue Wicked,Jeremy Heiden,1,D,1,,Let It Be Me,4:41
711574820610,Blue Wicked,Jeremy Heiden,1,D,2,,The Unknown,3:49
711574820610,Blue Wicked,Jeremy Heiden,1,D,3,,I Won't Hurt Forever,6:01
711574820610,Blue Wicked,Jeremy Heiden,1,D,4,,Lost Angel,5:38
601215812411,Pray,Tina Cousins,1,A,1,,Radio Edit,3:55
601215812411,Pray,Tina Cousins,1,A,2,,W.I.P. In The Church Mix,7:06
601215812411,Pray,Tina Cousins,1,B,1,,Goodyear & Leal Radio Edit,3:59
601215812411,Pray,Tina Cousins,1,B,2,,Goodyear & Leal Remix,8:00
LP7410013,Escape (Remixes),Enrique Iglesias,1,A,1,,Escape (Thunderpuss Club Mix),
LP7410013,Escape (Remixes),Enrique Iglesias,1,A,2,,Escape (Thunderpuss Tripstrumental),
LP7410013,Escape (Remixes),Enrique Iglesias,1,B,1,,Escape (Giorgio Moroder & Fernando Garibay (Club Mix),
LP7410013,Escape (Remixes),Enrique Iglesias,1,B,2,,"	Escape (7th District Club Mix)",
LP7410013,Escape (Remixes),Enrique Iglesias,2,C,1,,Escape (Stonebridge Club Mix),
LP7410013,Escape (Remixes),Enrique Iglesias,2,C,2,,Escape (Stonebridge Hooky Dub),
LP7410013,Escape (Remixes),Enrique Iglesias,2,D,1,,Escape (Minge Binge Polysynthetic Mix),
LP7410013,Escape (Remixes),Enrique Iglesias,2,D,2,,Escape (JJ's Club Mix),
LP7410014,Cry For You,September,1,A,1,,Cry For You (Original Mix),
LP7410014,Cry For You,September,1,A,2,,Cry For You (Darren Styles Remix),
LP7410014,Cry For You,September,1,B,1,,Cry For You (Spencer & Hill Remix),
LP7410014,Cry For You,September,1,B,2,,Cry For You (Spencer & Hill Dub),
617465124563,Call On Me,Eric Prydz,1,A,1,,"	Call On Me (Eric Prydz Vs. Retarded Funk Mix)",7:33
617465124563,Call On Me,Eric Prydz,1,A,2,,Call On Me (Filterheadz Remix),7:05
617465124563,Call On Me,Eric Prydz,1,B,1,,Call On Me (JJ Stockholm Club Remix),7:51
617465124563,Call On Me,Eric Prydz,1,B,2,,Call On Me (Red Kult Dub Pass 2 Mix),7:53
LP7410015,Here And There,Elton John,1,A,1,,"	Skyline Pigeon",4:44
LP7410015,Here And There,Elton John,1,A,2,,Border Song,3:23
LP7410015,Here And There,Elton John,1,A,3,,Honky Cat,7:32
LP7410015,Here And There,Elton John,1,A,4,,"	Love Song",5:41
LP7410015,Here And There,Elton John,1,A,5,,"	Crocodile Rock",4:04
LP7410015,Here And There,Elton John,1,B,1,,"	Funeral For A Friend/Love Lies Bleeding",11:47
LP7410015,Here And There,Elton John,1,B,2,,"	Rocket Man",4:48
LP7410015,Here And There,Elton John,1,B,3,,"	Bennie And The Jets",6:17
LP7410015,Here And There,Elton John,1,B,4,,Take Me To The Pilot,5:55
077771211010,Anne Murray's Greatest,Anne Murray,1,A,1,,Snowbird,2:08
077771211010,Anne Murray's Greatest,Anne Murray,1,A,2,,Danny's Song,3:06
077771211010,Anne Murray's Greatest,Anne Murray,1,A,3,,A Love Song,2:46
077771211010,Anne Murray's Greatest,Anne Murray,1,A,4,,You Won't See Me,4:02
077771211010,Anne Murray's Greatest,Anne Murray,1,A,5,,You Needed Me,3:38
077771211010,Anne Murray's Greatest,Anne Murray,1,B,1,,I Just Fall In Love Again,2:47
077771211010,Anne Murray's Greatest,Anne Murray,1,B,2,,Shadows In The Moonlight,3:25
077771211010,Anne Murray's Greatest,Anne Murray,1,B,3,,Broken Hearted Me,3:43
077771211010,Anne Murray's Greatest,Anne Murray,1,B,4,,Daydream Believer,2:26
077771211010,Anne Murray's Greatest,Anne Murray,1,B,5,,Could I Have This Dance,3:14
LP7410016,Capitan Fantastic and The Brown Dirt Cowboy,Elton John,1,A,1,,Captain Fantastic And The Brown Dirt Cowboy,5:45
LP7410016,Capitan Fantastic and The Brown Dirt Cowboy,Elton John,1,A,2,,Tower Of Babel,4:28
LP7410016,Capitan Fantastic and The Brown Dirt Cowboy,Elton John,1,A,3,,Bitter Fingers,4:32
LP7410016,Capitan Fantastic and The Brown Dirt Cowboy,Elton John,1,A,4,,Tell Me When The Whistle Blows,4:20
LP7410016,Capitan Fantastic and The Brown Dirt Cowboy,Elton John,1,A,5,,Someone Saved My Life Tonight,6:45
LP7410016,Capitan Fantastic and The Brown Dirt Cowboy,Elton John,1,B,1,,(Gotta Get A) Meal Ticket,4:00
LP7410016,Capitan Fantastic and The Brown Dirt Cowboy,Elton John,1,B,2,,Better Off Dead,2:35
LP7410016,Capitan Fantastic and The Brown Dirt Cowboy,Elton John,1,B,3,,Writing,3:38
LP7410016,Capitan Fantastic and The Brown Dirt Cowboy,Elton John,1,B,4,,We All Fall In Love Sometimes,4:15
LP7410016,Capitan Fantastic and The Brown Dirt Cowboy,Elton John,1,B,5,,Curtains,6:12
LP7410017,Rock Of The Westies,Elton John,1,A,1,,"Medley (Yell Help, Wednesday Night, Ugly)",6:30
LP7410017,Rock Of The Westies,Elton John,1,A,2,,Dan Dare (Pilot Of The Future),3:25
LP7410017,Rock Of The Westies,Elton John,1,A,3,,Island Girl,3:45
LP7410017,Rock Of The Westies,Elton John,1,A,4,,Grow Some Funk Of Your Own,4:45
LP7410017,Rock Of The Westies,Elton John,1,A,5,,I Feel Like A Bullet (In The Gun Of Robert Ford),5:30
LP7410017,Rock Of The Westies,Elton John,1,B,1,,Street Kids,6:30
LP7410017,Rock Of The Westies,Elton John,1,B,2,,Hard Luck Story,5:05
LP7410017,Rock Of The Westies,Elton John,1,B,3,,Feed Me,4:00
LP7410017,Rock Of The Westies,Elton John,1,B,4,,Billy Bones And The White Bird,4:25
LP7410018,Blue Moves,Elton John,1,A,1,,Your Starter For...,8:02
LP7410018,Blue Moves,Elton John,1,A,2,,Tonight,5:47
LP7410018,Blue Moves,Elton John,1,A,3,,One Horse Town,5:47
LP7410018,Blue Moves,Elton John,1,A,4,,Chameleon,5:27
LP7410018,Blue Moves,Elton John,1,B,1,,Boogie Pilgrim,6:03
LP7410018,Blue Moves,Elton John,1,B,2,,Cage The Songbird,3:28
LP7410018,Blue Moves,Elton John,1,B,3,,Crazy Water,5:42
LP7410018,Blue Moves,Elton John,1,B,4,,Shoulder Holster,4:20
LP7410018,Blue Moves,Elton John,2,C,1,,Sorry Seems To Be The Hardest Word,3:43
LP7410018,Blue Moves,Elton John,2,C,2,,Out Of The Blue,6:10
LP7410018,Blue Moves,Elton John,2,C,3,,Between Seventeen And Twenty,5:10
LP7410018,Blue Moves,Elton John,2,C,4,,The Wide-Eyed And Laughing,3:20
LP7410018,Blue Moves,Elton John,2,C,5,,Someone's Final Song,4:00
LP7410018,Blue Moves,Elton John,2,D,1,,Where's The Shoorah?,4:10
LP7410018,Blue Moves,Elton John,2,D,2,,If There's A God In Heaven (What's He Waiting For?),4:20
LP7410018,Blue Moves,Elton John,2,D,3,,Idol,4:10
LP7410018,Blue Moves,Elton John,2,D,4,,Theme From A Non-Existent TV Series,1:20
LP7410018,Blue Moves,Elton John,2,D,5,,Bite Your Lip (Get Up And Dance!),6:37
075021670211,Paris,Supertramp,1,A,1,,School,5:20
075021670211,Paris,Supertramp,1,A,2,,"Ain't Nobody But Me	",4:53
075021670211,Paris,Supertramp,1,A,3,,"The Logical Song	",3:41
075021670211,Paris,Supertramp,1,A,4,,"Bloody Well Right	",6:11
075021670211,Paris,Supertramp,1,B,1,,"Breakfast In America	",2:36
075021670211,Paris,Supertramp,1,B,2,,"You Started Laughing	",3:50
075021670211,Paris,Supertramp,1,B,3,,"Hide In Your Shell	",6:36
075021670211,Paris,Supertramp,1,B,4,,"From Now On	",6:44
075021670211,Paris,Supertramp,1,C,1,,Dreamer,3:15
075021670211,Paris,Supertramp,1,C,2,,Rudy,6:51
075021670211,Paris,Supertramp,1,C,3,,"A Soap Box Opera	",4:33
075021670211,Paris,Supertramp,1,C,4,,Asylum,6:41
075021670211,Paris,Supertramp,1,D,1,,"Take The Long Way Home	",4:35
075021670211,Paris,Supertramp,1,D,2,,"Fool's Overture	",10:14
075021670211,Paris,Supertramp,1,D,3,,Two Of Us,1:23
075021670211,Paris,Supertramp,1,D,4,,"Crime Of The Century	",6:14
LP7410019,German Beer-Drinking Music,Various,1,A,1,,Watschentanz,
LP7410019,German Beer-Drinking Music,Various,1,A,2,,Munchner Humor,
LP7410019,German Beer-Drinking Music,Various,1,A,3,,Ergelander Polka,
LP7410019,German Beer-Drinking Music,Various,1,A,4,,Im Himmel Gibt's Kein Bier,
LP7410019,German Beer-Drinking Music,Various,1,A,5,,Tanz Im Bierzelt (Part 1),
LP7410019,German Beer-Drinking Music,Various,1,A,6,,Tanz Im Bierzelt (Part 2),
LP7410019,German Beer-Drinking Music,Various,1,B,1,,Solang Der Alte Peter,
LP7410019,German Beer-Drinking Music,Various,1,B,2,,Im Munchen Steht Ein Hofbrauhaus,
LP7410019,German Beer-Drinking Music,Various,1,B,3,,Hab' Ich Einen Durst,
LP7410019,German Beer-Drinking Music,Various,1,B,4,,Picknick Im Isartal,
LP7410019,German Beer-Drinking Music,Various,1,B,5,,Erinnerungen An Georg Fruendorfer (Part 1-- Medley),
LP7410019,German Beer-Drinking Music,Various,1,B,6,,Erinnerungen An Georg Fruendorfer (Part 2-- Medley),
LP7410020,The Album,ABBA,1,A,1,,Eagle,5:51
LP7410020,The Album,ABBA,1,A,2,,Take A Chance On Me,4:05
LP7410020,The Album,ABBA,1,A,3,,"One Man, One Woman",4:25
LP7410020,The Album,ABBA,1,A,4,,The Name Of The Game,4:54
LP7410020,The Album,ABBA,1,B,1,,Move On,4:42
LP7410020,The Album,ABBA,1,B,2,,Hole In Your Soul,3:41
LP7410020,The Album,ABBA,1,B,3,,Thank You For The Music,3:48
LP7410020,The Album,ABBA,1,B,4,,I Wonder (Departure),4:33
LP7410020,The Album,ABBA,1,B,5,,I'm A Marionette,3:54
LP7410021,The Divine Miss M,Bette Midler,1,A,1,,Do You Want To Dance?,2:56
LP7410021,The Divine Miss M,Bette Midler,1,A,2,,Chapel Of Love,2:52
LP7410021,The Divine Miss M,Bette Midler,1,A,3,,Superstar,5:09
LP7410021,The Divine Miss M,Bette Midler,1,A,4,,Daytime Hustler,3:29
LP7410021,The Divine Miss M,Bette Midler,1,A,5,,Am I Blue,5:21
LP7410021,The Divine Miss M,Bette Midler,1,B,1,,Friends,2:49
LP7410021,The Divine Miss M,Bette Midler,1,B,2,,Hello In There,4:15
LP7410021,The Divine Miss M,Bette Midler,1,B,3,,Leader Of The Pack,3:41
LP7410021,The Divine Miss M,Bette Midler,1,B,4,,Delta Dawn,5:16
LP7410021,The Divine Miss M,Bette Midler,1,B,5,,Boogie Woogie Bugle Boy,2:26
LP7410021,The Divine Miss M,Bette Midler,1,B,6,,Friends,2:50
LP7410022,Sooner Or Later,Rex Smith,1,A,1,,You Take My Breath Away,3:18
LP7410022,Sooner Or Later,Rex Smith,1,A,2,,Sooner Or Later,2:54
LP7410022,Sooner Or Later,Rex Smith,1,A,3,,Simply Jessie,3:08
LP7410022,Sooner Or Later,Rex Smith,1,A,4,,Better Than It's Ever Been Before,4:07
LP7410022,Sooner Or Later,Rex Smith,1,A,5,,"Love Street	",2:59
LP7410022,Sooner Or Later,Rex Smith,1,A,6,,Never Gonna Give You Up,2:59
LP7410022,Sooner Or Later,Rex Smith,1,A,7,,Sway,3:10
LP7410022,Sooner Or Later,Rex Smith,1,A,8,,Oh What A Night For Romance,3:12
LP7410022,Sooner Or Later,Rex Smith,1,A,9,,Ain't That Peculiar,3:33
LP7410022,Sooner Or Later,Rex Smith,1,A,10,,If You Think You Know How To Love Me,3:38
078635558012,"The Complete Artie Shaw, Volume VII / 1939-1945 Retrospective",Artie Shaw,1,A,1,,Soon,2:51
078635558012,"The Complete Artie Shaw, Volume VII / 1939-1945 Retrospective",Artie Shaw,1,A,2,,Keepin' Myself For You,3:00
078635558012,"The Complete Artie Shaw, Volume VII / 1939-1945 Retrospective",Artie Shaw,1,A,3,,Natch,3:12
078635558012,"The Complete Artie Shaw, Volume VII / 1939-1945 Retrospective",Artie Shaw,1,A,4,,That's For Me,3:09
078635558012,"The Complete Artie Shaw, Volume VII / 1939-1945 Retrospective",Artie Shaw,1,A,5,,They Can't Take That Away From Me,2:42
078635558012,"The Complete Artie Shaw, Volume VII / 1939-1945 Retrospective",Artie Shaw,1,A,6,,Our Love Is Here To Stay,2:51
078635558012,"The Complete Artie Shaw, Volume VII / 1939-1945 Retrospective",Artie Shaw,1,A,7,,I Was Doing All Right,3:04
078635558012,"The Complete Artie Shaw, Volume VII / 1939-1945 Retrospective",Artie Shaw,1,A,8,,Someone To Watch Over Me,3:00
078635558012,"The Complete Artie Shaw, Volume VII / 1939-1945 Retrospective",Artie Shaw,1,B,1,,Things Are Looking Up,3:04
078635558012,"The Complete Artie Shaw, Volume VII / 1939-1945 Retrospective",Artie Shaw,1,B,2,,The Maid With The Flaccid Hair,3:50
078635558012,"The Complete Artie Shaw, Volume VII / 1939-1945 Retrospective",Artie Shaw,1,B,3,,No One But You,3:02
078635558012,"The Complete Artie Shaw, Volume VII / 1939-1945 Retrospective",Artie Shaw,1,B,4,,They Didn't Believe Me,2:56
078635558012,"The Complete Artie Shaw, Volume VII / 1939-1945 Retrospective",Artie Shaw,1,B,5,,Dancing On The Ceiling,3:07
078635558012,"The Complete Artie Shaw, Volume VII / 1939-1945 Retrospective",Artie Shaw,1,B,6,,I Can't Get Started With You,3:20
078635558012,"The Complete Artie Shaw, Volume VII / 1939-1945 Retrospective",Artie Shaw,1,B,7,,Just Floatin' Along,3:05
078635558012,"The Complete Artie Shaw, Volume VII / 1939-1945 Retrospective",Artie Shaw,1,B,8,,Don't Blame Me,2:52
078635558012,"The Complete Artie Shaw, Volume VII / 1939-1945 Retrospective",Artie Shaw,1,C,1,,Yolanda,3:09
078635558012,"The Complete Artie Shaw, Volume VII / 1939-1945 Retrospective",Artie Shaw,1,C,2,,I Can't Escape From You,3:00
078635558012,"The Complete Artie Shaw, Volume VII / 1939-1945 Retrospective",Artie Shaw,1,C,3,,Scuttlebutt,3:10
078635558012,"The Complete Artie Shaw, Volume VII / 1939-1945 Retrospective",Artie Shaw,1,C,4,,The Gentle Grifter,2:48
078635558012,"The Complete Artie Shaw, Volume VII / 1939-1945 Retrospective",Artie Shaw,1,C,5,,Mysterioso,2:58
078635558012,"The Complete Artie Shaw, Volume VII / 1939-1945 Retrospective",Artie Shaw,1,C,6,,Mysterioso,3:00
078635558012,"The Complete Artie Shaw, Volume VII / 1939-1945 Retrospective",Artie Shaw,1,C,7,,"Hop, Skip And Jump",2:57
078635558012,"The Complete Artie Shaw, Volume VII / 1939-1945 Retrospective",Artie Shaw,1,C,8,,Serenade To A Savage,2:27
078635558012,"The Complete Artie Shaw, Volume VII / 1939-1945 Retrospective",Artie Shaw,1,D,1,,Shadows,2:54
078635558012,"The Complete Artie Shaw, Volume VII / 1939-1945 Retrospective",Artie Shaw,1,D,2,,What Is There To Say?,3:09
078635558012,"The Complete Artie Shaw, Volume VII / 1939-1945 Retrospective",Artie Shaw,1,D,3,,"Who's Excited	",3:11
078635558012,"The Complete Artie Shaw, Volume VII / 1939-1945 Retrospective",Artie Shaw,1,D,4,,Prelude In C Major,2:49
078635558012,"The Complete Artie Shaw, Volume VII / 1939-1945 Retrospective",Artie Shaw,1,D,5,,Carnival,2:42
078635558012,"The Complete Artie Shaw, Volume VII / 1939-1945 Retrospective",Artie Shaw,1,D,6,,Summertime,4:59
078635558012,"The Complete Artie Shaw, Volume VII / 1939-1945 Retrospective",Artie Shaw,1,D,7,,"Lucky Number	",2:48
078635558012,"The Complete Artie Shaw, Volume VII / 1939-1945 Retrospective",Artie Shaw,1,D,8,,They Can't Take That Away From Me,2:39
LP7410023,"Music For The Royal Fireworks / Concerto Grosso ""Alexander's Feast"" / Ouverture In D",Neville Marriner - Academy Of St. Martin-in-the-Fields,1,A,1,,Music for the Royal Fireworks - Overture,8:10
LP7410023,"Music For The Royal Fireworks / Concerto Grosso ""Alexander's Feast"" / Ouverture In D",Neville Marriner - Academy Of St. Martin-in-the-Fields,1,A,2,,Music for the Royal Fireworks - Bourrée,1:31
LP7410023,"Music For The Royal Fireworks / Concerto Grosso ""Alexander's Feast"" / Ouverture In D",Neville Marriner - Academy Of St. Martin-in-the-Fields,1,A,3,,Music For The Royal Fireworks - La Paix (Largo Alla Siciliana),3:37
LP7410023,"Music For The Royal Fireworks / Concerto Grosso ""Alexander's Feast"" / Ouverture In D",Neville Marriner - Academy Of St. Martin-in-the-Fields,1,A,4,,"	Music For The Royal Fireworks - La Réjouissance",2:01
LP7410023,"Music For The Royal Fireworks / Concerto Grosso ""Alexander's Feast"" / Ouverture In D",Neville Marriner - Academy Of St. Martin-in-the-Fields,1,A,5,,Music For The Royal Fireworks - Menuet I-II,3:20
LP7410023,"Music For The Royal Fireworks / Concerto Grosso ""Alexander's Feast"" / Ouverture In D",Neville Marriner - Academy Of St. Martin-in-the-Fields,1,B,1,,"Concerto Grosso In C ""Alexander's Feast"" - Allegro",3:40
LP7410023,"Music For The Royal Fireworks / Concerto Grosso ""Alexander's Feast"" / Ouverture In D",Neville Marriner - Academy Of St. Martin-in-the-Fields,1,B,2,,"Concerto Grosso In C ""Alexander's Feast"" - Largo – Allegro",5:28
LP7410023,"Music For The Royal Fireworks / Concerto Grosso ""Alexander's Feast"" / Ouverture In D",Neville Marriner - Academy Of St. Martin-in-the-Fields,1,B,3,,"Concerto Grosso In C ""Alexander's Feast"" - Andante Non Presto",3:34
LP7410023,"Music For The Royal Fireworks / Concerto Grosso ""Alexander's Feast"" / Ouverture In D",Neville Marriner - Academy Of St. Martin-in-the-Fields,1,B,4,,Ouverture In D,7:16
LP7410024,Latin Rendezvous,Mantovani And His Orchestra,1,A,1,,Granada,"3:55
"
LP7410024,Latin Rendezvous,Mantovani And His Orchestra,1,A,2,,Malagueña,"3:57
"
LP7410024,Latin Rendezvous,Mantovani And His Orchestra,1,A,3,,Cielito Lindo,2:00
LP7410024,Latin Rendezvous,Mantovani And His Orchestra,1,A,4,,Be Mine Tonight,3:14
LP7410024,Latin Rendezvous,Mantovani And His Orchestra,1,A,5,,La Paloma,2:49
LP7410024,Latin Rendezvous,Mantovani And His Orchestra,1,A,6,,Siboney,3:26
LP7410024,Latin Rendezvous,Mantovani And His Orchestra,1,B,1,,Andalucia,2:35
LP7410024,Latin Rendezvous,Mantovani And His Orchestra,1,B,2,,Maria Elena,2:48
LP7410024,Latin Rendezvous,Mantovani And His Orchestra,1,B,3,,Perfidia,3:01
LP7410024,Latin Rendezvous,Mantovani And His Orchestra,1,B,4,,Estrellita,3:25
LP7410024,Latin Rendezvous,Mantovani And His Orchestra,1,B,5,,Amapola,2:51
LP7410024,Latin Rendezvous,Mantovani And His Orchestra,1,B,6,,España,4:16
LP7410025,A Bouquet of Czech Songs,The Czech Heritage Singers,1,A,1,,Vyrostla Mi Bila Ruze,
LP7410025,A Bouquet of Czech Songs,The Czech Heritage Singers,1,A,2,,Zvadla Ruze,
LP7410025,A Bouquet of Czech Songs,The Czech Heritage Singers,1,A,3,,Kdyz Jsem Ja Ty Kone Pasal,
LP7410025,A Bouquet of Czech Songs,The Czech Heritage Singers,1,A,4,,Na Nasi Pude St Ra Si,
LP7410025,A Bouquet of Czech Songs,The Czech Heritage Singers,1,A,5,,U Starej Breclavy,
LP7410025,A Bouquet of Czech Songs,The Czech Heritage Singers,1,B,1,,"Nezlobte Se, Rodicove!",
LP7410025,A Bouquet of Czech Songs,The Czech Heritage Singers,1,A,7,,Zahradnicek,
LP7410025,A Bouquet of Czech Songs,The Czech Heritage Singers,1,B,2,,"Kovari, Kovari
",
LP7410025,A Bouquet of Czech Songs,The Czech Heritage Singers,1,B,3,,Havirova Ruze,
LP7410025,A Bouquet of Czech Songs,The Czech Heritage Singers,1,B,4,,Komari Se Zenili,
LP7410025,A Bouquet of Czech Songs,The Czech Heritage Singers,1,B,5,,Cerven A Ruzecka,
LP7410025,A Bouquet of Czech Songs,The Czech Heritage Singers,1,B,6,,V Esela Bida,
LP7410026,Plugged In Joplin,The Eden Electronic Ensemble,1,A,1,,The Entertainer,4:16
LP7410026,Plugged In Joplin,The Eden Electronic Ensemble,1,A,2,,The Chrysanthemum,3:17
LP7410026,Plugged In Joplin,The Eden Electronic Ensemble,1,A,3,,The Cascades,3:27
LP7410026,Plugged In Joplin,The Eden Electronic Ensemble,1,A,4,,Ragtime Dance,3:53
LP7410026,Plugged In Joplin,The Eden Electronic Ensemble,1,B,1,,Elite Syncopations,4:50
LP7410026,Plugged In Joplin,The Eden Electronic Ensemble,1,B,2,,Sunflower Slow Drag,4:32
LP7410026,Plugged In Joplin,The Eden Electronic Ensemble,1,B,3,,The Strenuous Life,3:09
LP7410026,Plugged In Joplin,The Eden Electronic Ensemble,1,B,4,,The Entertainer (Reprise),2:55
LP7410027,I Wish I Was Eighteen Again,George Burns,1,A,1,,The Arizona Whiz,2:30
LP7410027,I Wish I Was Eighteen Again,George Burns,1,A,2,,Old Bones,3:01
LP7410027,I Wish I Was Eighteen Again,George Burns,1,A,3,,The Baby Song,2:11
LP7410027,I Wish I Was Eighteen Again,George Burns,1,A,4,,The Only Way To Go,2:34
LP7410027,I Wish I Was Eighteen Again,George Burns,1,A,5,,Forgive Her A Little (And Love Her A Lot),2:38
LP7410027,I Wish I Was Eighteen Again,George Burns,1,B,1,,I Wish I Was Eighteen Again,3:22
LP7410027,I Wish I Was Eighteen Again,George Burns,1,B,2,,"Old Dogs, Children And Watermelon Wine",3:49
LP7410027,I Wish I Was Eighteen Again,George Burns,1,B,3,,A Real Good Cigar,2:21
LP7410027,I Wish I Was Eighteen Again,George Burns,1,B,4,,One Of The Mysteries Of Life,2:58
LP7410027,I Wish I Was Eighteen Again,George Burns,1,B,5,,Nickels And Dimes,3:14
LP7410028,This Is A Recording,Lily Tomlin,1,A,1,,"Alexander Graham Bell	",2:42
LP7410028,This Is A Recording,Lily Tomlin,1,A,2,,Mr. Veedle,3:30
LP7410028,This Is A Recording,Lily Tomlin,1,A,3,,The Marriage Counselor,2:37
LP7410028,This Is A Recording,Lily Tomlin,1,A,4,,Joan Crawford,3:27
LP7410028,This Is A Recording,Lily Tomlin,1,A,5,,Obscene Phone Call,0:59
LP7410028,This Is A Recording,Lily Tomlin,1,A,6,,The Repairman,3:29
LP7410028,This Is A Recording,Lily Tomlin,1,A,7,,The Bordello,3:04
LP7410028,This Is A Recording,Lily Tomlin,1,A,8,,Strike,4:10
LP7410028,This Is A Recording,Lily Tomlin,1,A,9,,Peeved,0:40
LP7410028,This Is A Recording,Lily Tomlin,1,B,1,,Ernestine,1:44
LP7410028,This Is A Recording,Lily Tomlin,1,B,2,,The Pageant,2:36
LP7410028,This Is A Recording,Lily Tomlin,1,B,3,,The F.B.I.,3:07
LP7410028,This Is A Recording,Lily Tomlin,1,B,4,,The Mafia And The Pope,3:00
LP7410028,This Is A Recording,Lily Tomlin,1,B,5,,Mrs. Mitchell,4:39
LP7410028,This Is A Recording,Lily Tomlin,1,B,6,,"Awards Dinner	",3:56
LP7410028,This Is A Recording,Lily Tomlin,1,B,7,,Boswick 9,2:27
LP7410028,This Is A Recording,Lily Tomlin,1,B,8,,I.B.M.,0:55
LP7410029,Happy Feet,The Chicago Cellar Boys,1,A,1,,Happy Feet,
LP7410029,Happy Feet,The Chicago Cellar Boys,1,A,2,,Dispossessin' Me,
LP7410029,Happy Feet,The Chicago Cellar Boys,1,B,1,,Hello! Beautiful!,
LP7410029,Happy Feet,The Chicago Cellar Boys,1,B,2,,I've Found A New Baby,
LP7410030,An Evening With Wally Londo Featuring Bill Slaszo,George Carlin,1,A,1,,New News,4:15
LP7410030,An Evening With Wally Londo Featuring Bill Slaszo,George Carlin,1,A,2,,Teenage Masturbation,4:53
LP7410030,An Evening With Wally Londo Featuring Bill Slaszo,George Carlin,1,A,3,,Mental Hot Foots,2:50
LP7410030,An Evening With Wally Londo Featuring Bill Slaszo,George Carlin,1,A,4,,High On The Plane,4:29
LP7410030,An Evening With Wally Londo Featuring Bill Slaszo,George Carlin,1,A,5,,Bodily Functions,5:41
LP7410030,An Evening With Wally Londo Featuring Bill Slaszo,George Carlin,1,A,6,,Wurds,0:53
LP7410030,An Evening With Wally Londo Featuring Bill Slaszo,George Carlin,1,B,1,,For Names' Sake,6:54
LP7410030,An Evening With Wally Londo Featuring Bill Slaszo,George Carlin,1,B,2,,Baseball - Football,2:00
LP7410030,An Evening With Wally Londo Featuring Bill Slaszo,George Carlin,1,B,3,,Good Sports,2:29
LP7410030,An Evening With Wally Londo Featuring Bill Slaszo,George Carlin,1,B,4,,Flesh Colored Band-Aids,2:40
LP7410030,An Evening With Wally Londo Featuring Bill Slaszo,George Carlin,1,B,5,,Religious Lift,3:29
LP7410030,An Evening With Wally Londo Featuring Bill Slaszo,George Carlin,1,B,6,,Radio Dial,1:50
LP7410030,An Evening With Wally Londo Featuring Bill Slaszo,George Carlin,1,B,7,,Y'ever,2:25
LP7410030,An Evening With Wally Londo Featuring Bill Slaszo,George Carlin,1,B,8,,Unrelated Things,2:23
LP7410031,And That's The Truth,Lily Tomlin,1,A,1,,Hey Lady,2:50
LP7410031,And That's The Truth,Lily Tomlin,1,A,2,,I Always Kiss Buster,3:33
LP7410031,And That's The Truth,Lily Tomlin,1,A,3,,My Sister Mary Jean,2:23
LP7410031,And That's The Truth,Lily Tomlin,1,A,4,,Look In The Sky,2:36
LP7410031,And That's The Truth,Lily Tomlin,1,A,5,,I Dressed Him Up,3:06
LP7410031,And That's The Truth,Lily Tomlin,1,A,6,,"Here's The Empty Lot	2:37",
LP7410031,And That's The Truth,Lily Tomlin,1,A,7,,Guess This Riddle,2:37
LP7410031,And That's The Truth,Lily Tomlin,1,A,8,,"I Can't Go To The Movies Here	",1:35
LP7410031,And That's The Truth,Lily Tomlin,1,A,9,,I Go To Sunday School,1:07
LP7410031,And That's The Truth,Lily Tomlin,1,A,10,,Here's My House,2:04
LP7410031,And That's The Truth,Lily Tomlin,1,B,1,,Lady Lady Open Up,2:40
LP7410031,And That's The Truth,Lily Tomlin,1,B,2,,I Like Your Kitchen,2:15
LP7410031,And That's The Truth,Lily Tomlin,1,B,3,,Do You Have Any Chewing Gum?,3:14
LP7410031,And That's The Truth,Lily Tomlin,1,B,4,,Don't My Toes Look Pretty?,0:46
LP7410031,And That's The Truth,Lily Tomlin,1,B,5,,I Will Help You Unpack,3:51
LP7410031,And That's The Truth,Lily Tomlin,1,B,6,,Does This Chair Lean Back?,4:18
LP7410031,And That's The Truth,Lily Tomlin,1,B,7,,Tell Me Something Lady,3:05
LP7410031,And That's The Truth,Lily Tomlin,1,B,8,,Finish Putting The Groceries Away,2:07
LP7410031,And That's The Truth,Lily Tomlin,1,B,9,,I Want You To Go,2:31
LP7410032,On Stage,Lily Tomlin,1,A,1,,Mr. Theater Goer And Shopping Bag Lady,3:58
LP7410032,On Stage,Lily Tomlin,1,A,2,,Mrs. Judith Beasley (Unnatural Resources),2:00
LP7410032,On Stage,Lily Tomlin,1,A,3,,Lud And Marie Meet Dracula's Daughter (A Tale Of Teen-age Tyranny),5:17
LP7410032,On Stage,Lily Tomlin,1,A,4,,Ernestine (Phone Company Commercial),2:50
LP7410032,On Stage,Lily Tomlin,1,A,5,,Tell Miss Sweeney Goodbye,8:42
LP7410032,On Stage,Lily Tomlin,1,A,6,,Shopping Bag Lady And UFO Guy,1:27
LP7410032,On Stage,Lily Tomlin,1,B,1,,Glenna - A Child Of The 60's,21:11
LP7410032,On Stage,Lily Tomlin,1,B,2,,Lily And Shopping Bag Lady,1:38
LP7410033,Big Band Bossa Nova,Quincy Jones & His Orchestra,1,A,1,,Soul Bossa Nova,2:40
LP7410033,Big Band Bossa Nova,Quincy Jones & His Orchestra,1,A,2,,Boogie Bossa Nova,2:39
LP7410033,Big Band Bossa Nova,Quincy Jones & His Orchestra,1,A,3,,Desafinado,2:52
LP7410033,Big Band Bossa Nova,Quincy Jones & His Orchestra,1,A,4,,Black Orpheus = Manha De Carnaval,2:56
LP7410033,Big Band Bossa Nova,Quincy Jones & His Orchestra,1,A,5,,Se E Tarde Me Pardoa = Forgive Me If I'm Late,4:18
LP7410033,Big Band Bossa Nova,Quincy Jones & His Orchestra,1,B,1,,On The Street Where You Live,2:31
LP7410033,Big Band Bossa Nova,Quincy Jones & His Orchestra,1,B,2,,Samba De Una Nota So = One Note Samba,1:59
LP7410033,Big Band Bossa Nova,Quincy Jones & His Orchestra,1,B,3,,Lalo Bossa Nova,3:10
LP7410033,Big Band Bossa Nova,Quincy Jones & His Orchestra,1,B,4,,Serenata,3:21
LP7410033,Big Band Bossa Nova,Quincy Jones & His Orchestra,1,B,5,,Chega De Saudade = No More Blues,5:38
LP7410034,The Baroque Era,Various,1,A,1,,"Music From ""The Fairy Queen"" - Act 4 Entry Of Phoebus",
LP7410034,The Baroque Era,Various,1,A,2,,"Music From ""The Fairy Queen"" - Act 4 Symphony Largo",
LP7410034,The Baroque Era,Various,1,A,3,,"Music From ""The Fairy Queen"" - Act 3 Dance Of The Haymakers",
LP7410034,The Baroque Era,Various,1,A,4,,"Music From ""The Fairy Queen"" - First Music-Hornpipe",
LP7410034,The Baroque Era,Various,1,A,5,,"Music From ""The Fairy Queen"" - Act 3 Dance Of The Fairies",
LP7410034,The Baroque Era,Various,1,A,6,,"Music From ""The Fairy Queen"" - Act 5 Symphony	",
LP7410034,The Baroque Era,Various,1,A,7,,"Music From ""The Indian Queen"" - Act 2 Symphony-Adagio	",
LP7410034,The Baroque Era,Various,1,A,8,,"Music From ""The Indian Queen"" - First Music-First Air	",
LP7410034,The Baroque Era,Various,1,A,9,,"Music From ""The Indian Queen"" - Act 3 Symphony	",
LP7410034,The Baroque Era,Various,1,A,10,,"Music From ""The Indian Queen"" - Act 5 Air",
LP7410034,The Baroque Era,Various,1,A,11,,Two Duets - Let Us Wander,
LP7410034,The Baroque Era,Various,1,A,12,,Two Duets - Lost Is My Quiet,
LP7410034,The Baroque Era,Various,1,A,13,,"Music From ""King Arthur"" - Act 5 Trumpet Tune",
LP7410034,The Baroque Era,Various,1,A,14,,"Music From ""King Arthur"" - Second Music-Air",
LP7410034,The Baroque Era,Various,1,A,15,,"Music From ""King Arthur"" - Act 5 Symphony	",
LP7410034,The Baroque Era,Various,1,A,16,,"Music For Dramatic Works - ""Abdelazer""-Rondeau
",
LP7410034,The Baroque Era,Various,1,A,17,,"Music For Dramatic Works - ""Distressed Innocence""-Air",
LP7410034,The Baroque Era,Various,1,A,18,,"Music For Dramatic Works - ""Amphitryon""-Sarabande",
LP7410034,The Baroque Era,Various,1,A,19,,"Music For Dramatic Works - ""The Double Dealer""-Air",
LP7410034,The Baroque Era,Various,1,B,1,,"Concerto In B Flat Major For 3 Oboes, 3 Violins And Continuo - Allegro",
LP7410034,The Baroque Era,Various,1,B,2,,"Concerto In B Flat Major For 3 Oboes, 3 Violins And Continuo - Largo",
LP7410034,The Baroque Era,Various,1,B,3,,"Concerto In B Flat Major For 3 Oboes, 3 Violins And Continuo - Allegro",
LP7410034,The Baroque Era,Various,1,B,4,,Concerto In A Minor For 4 Harpsichords & Strings - Allegro,
LP7410034,The Baroque Era,Various,1,B,5,,Concerto In A Minor For 4 Harpsichords & Strings - Largo - Larghetto - Largo,
LP7410034,The Baroque Era,Various,1,B,6,,Concerto In A Minor For 4 Harpsichords & Strings - Allegro,
LP7410034,The Baroque Era,Various,1,C,1,,"Concerto Grosso In G Minor, Op. 6 No. 8 (""Christmas Concerto"") - Vivace - Grave - Allegro",
LP7410034,The Baroque Era,Various,1,C,2,,"Concerto Grosso In G Minor, Op. 6 No. 8 (""Christmas Concerto"") - Adagio - Allegro - Adagio",
LP7410034,The Baroque Era,Various,1,C,3,,"Concerto Grosso In G Minor, Op. 6 No. 8 (""Christmas Concerto"") - Vivace - Allegro Pastoral (Largo)",
LP7410034,The Baroque Era,Various,1,C,4,,"Concerto In D Major, Op. 10 No. 3 (""Il Gardellino"") - Allegro",
LP7410034,The Baroque Era,Various,1,C,5,,"Concerto In D Major, Op. 10 No. 3 (""Il Gardellino"") - Largo",
LP7410034,The Baroque Era,Various,1,C,6,,"Concerto In D Major, Op. 10 No. 3 (""Il Gardellino"") - Allegro",
LP7410034,The Baroque Era,Various,1,D,1,,"St. Matthew Passion - Chrous: Kommt, ihr Töchter",
LP7410034,The Baroque Era,Various,1,D,2,,St. Matthew Passion - Recitative: Petru Aber Sass Drauseen im Palast,
LP7410034,The Baroque Era,Various,1,D,3,,"St. Matthew Passion - Chorus: Wahrlich, Du Bist Auch Einer Von Denen",
LP7410034,The Baroque Era,Various,1,D,4,,"St. Matthew Passion - Recitative: Da Hub Er An, Sich Zu Verfluchen",
LP7410034,The Baroque Era,Various,1,D,5,,"St. Matthew Passion - Aria: Erbarme Dich, Mein Gott",
LP7410034,The Baroque Era,Various,1,D,6,,St. Matthew Passion - Chroal: O Haup Voll Blut And Wunden,
LP7410034,The Baroque Era,Various,1,E,1,,Messiah - Recitative: Comfort Ye,
LP7410034,The Baroque Era,Various,1,E,2,,Messiah - Air: Ev'ry Valley,
LP7410034,The Baroque Era,Various,1,E,3,,Messiah - Chorus: For Unto Us A Child Is Born,
LP7410034,The Baroque Era,Various,1,E,4,,Messiah - Air: He Shall Feed His Flock,
LP7410034,The Baroque Era,Various,1,E,5,,Messiah - Chorus: Behold The Lamb Of God,
LP7410034,The Baroque Era,Various,1,E,6,,Messiah - Chorus: Hallelujah!,
LP7410034,The Baroque Era,Various,1,F,1,,Les Barricades Mystérieuses,
LP7410034,The Baroque Era,Various,1,F,2,,L'Arlequine,
LP7410034,The Baroque Era,Various,1,F,3,,Gavotte Variée,
LP7410034,The Baroque Era,Various,1,F,4,,Toccata And Fugue In D Minor,
LP7410034,The Baroque Era,Various,1,G,1,,"Sonata In A Minor, L. 429",
LP7410034,The Baroque Era,Various,1,G,2,,"Sonata In D Major, L. 164",
LP7410034,The Baroque Era,Various,1,H,1,,The Water Music: Suite In G Major - Lento,
LP7410034,The Baroque Era,Various,1,H,2,,The Water Music: Suite In G Major - Aria (Allegro)-Minore (Meno Mosso),
LP7410034,The Baroque Era,Various,1,H,3,,The Water Music: Suite In G Major - Menuet,
LP7410034,The Baroque Era,Various,1,H,4,,The Water Music: Suite In G Major - Andante,
LP7410034,The Baroque Era,Various,1,H,5,,The Water Music: Suite In G Major - Country Dance (Allegro),
LP7410034,The Baroque Era,Various,1,H,6,,The Water Music: Suite In D Major - Allegro-Gigue,
LP7410034,The Baroque Era,Various,1,H,7,,The Water Music: Suite In D Major - Hornpipe,
LP7410034,The Baroque Era,Various,1,H,8,,The Water Music: Suite In D Major - Menuet,
LP7410034,The Baroque Era,Various,1,H,9,,The Water Music: Suite In D Major - Lentement,
LP7410034,The Baroque Era,Various,1,H,10,,The Water Music: Suite In D Major - Presto,
LP7410035,Movie Stars On Radio,Various,1,A,1,,"Bette Davis–The Gulf Screen Guild Theatre. January 14, 1940. ""This Lonely Heart""",
LP7410035,Movie Stars On Radio,Various,1,B,1,,"Rosalind Russell, Spencer Tracy (2)–The Gulf Screen Guild Theatre. April 21, 1940. ""Ninotchka""",
LP7410035,Movie Stars On Radio,Various,1,C,1,,"Paulette Goddard, Henry Fonda, Lloyd Nolan, Walter Brennan–The Gulf Screen Guild Theatre. February 2, 1941. ""Destry Rides Again""",
LP7410035,Movie Stars On Radio,Various,1,D,1,,"Rosalind Russell, Cary Grant–	The Gulf Screen Guild Theatre. March 30, 1941. ""His Girl Friday""",
LP7410035,Movie Stars On Radio,Various,1,E,1,,"Judy Garland, Gene Kelly, Dick Powell (2)–Lady Esther Presents The Screen Guild Players. March 22, 1943. ""For Me And My Gal""",
LP7410035,Movie Stars On Radio,Various,1,F,1,,"Marlene Dietrich, John Wayne, Randolph Scott (5)–Lady Esther Presents The Screen Guild Players. April 2, 1943. ""Pittsburgh""",
LP7410035,Movie Stars On Radio,Various,1,G,1,,"Edward G. Robinson, Vincent Price (2), Dame May Whitty–Lady Esther Presents The Screen Guild Players. July 16, 1945. ""Flesh and Fantasy""",
LP7410035,Movie Stars On Radio,Various,1,H,1,,"Charles Boyer, Susan Hayward–Lady Esther Presents The Screen Guild Players. February 3, 1947. ""Gaslight""",
LP7410036,6 Brandenburgische Konzerte,"Johann Sebastian Bach, Rudolf Baumgartner, Festival Strings Lucerne",1,A,1,,"Brandenburgisches Konzert Nr. 6 B-dur, BWV 1051 - Allegro",6:11
LP7410036,6 Brandenburgische Konzerte,"Johann Sebastian Bach, Rudolf Baumgartner, Festival Strings Lucerne",1,A,2,,"Brandenburgisches Konzert Nr. 6 B-dur, BWV 1051 - Adagio Ma Non Tanto",4:53
LP7410036,6 Brandenburgische Konzerte,"Johann Sebastian Bach, Rudolf Baumgartner, Festival Strings Lucerne",1,A,3,,"Brandenburgisches Konzert Nr. 6 B-dur, BWV 1051 - Allegro",5:43
LP7410036,6 Brandenburgische Konzerte,"Johann Sebastian Bach, Rudolf Baumgartner, Festival Strings Lucerne",1,A,4,,"Brandenburgisches Konzert Nr. 3 G-dur, BWV, 1048 - (Allegro)",5:19
LP7410036,6 Brandenburgische Konzerte,"Johann Sebastian Bach, Rudolf Baumgartner, Festival Strings Lucerne",1,A,5,,"Brandenburgisches Konzert Nr. 3 G-dur, BWV, 1048 - Adagio",0:51
LP7410036,6 Brandenburgische Konzerte,"Johann Sebastian Bach, Rudolf Baumgartner, Festival Strings Lucerne",1,A,6,,"Brandenburgisches Konzert Nr. 3 G-dur, BWV, 1048 - Allegro",4:54
LP7410036,6 Brandenburgische Konzerte,"Johann Sebastian Bach, Rudolf Baumgartner, Festival Strings Lucerne",1,B,1,,"Brandenburgisches Konzert Nr. 1 F-dur, BWV 1046 - (Allegro)",3:33
LP7410036,6 Brandenburgische Konzerte,"Johann Sebastian Bach, Rudolf Baumgartner, Festival Strings Lucerne",1,B,2,,"Brandenburgisches Konzert Nr. 1 F-dur, BWV 1046 - Adagio",3:43
LP7410036,6 Brandenburgische Konzerte,"Johann Sebastian Bach, Rudolf Baumgartner, Festival Strings Lucerne",1,B,3,,"Brandenburgisches Konzert Nr. 1 F-dur, BWV 1046 - Allegro",4:17
LP7410036,6 Brandenburgische Konzerte,"Johann Sebastian Bach, Rudolf Baumgartner, Festival Strings Lucerne",1,B,4,,"Brandenburgisches Konzert Nr. 1 F-dur, BWV 1046 - Menuet - Polonaise - Menuet",7:22
LP7410036,6 Brandenburgische Konzerte,"Johann Sebastian Bach, Rudolf Baumgartner, Festival Strings Lucerne",1,C,1,,"Brandenburgisches Konzert Nr. 2 F-dur, BWV 1047 - (Allegro)",4:39
LP7410036,6 Brandenburgische Konzerte,"Johann Sebastian Bach, Rudolf Baumgartner, Festival Strings Lucerne",1,C,2,,"Brandenburgisches Konzert Nr. 2 F-dur, BWV 1047 - Andante",3:39
LP7410036,6 Brandenburgische Konzerte,"Johann Sebastian Bach, Rudolf Baumgartner, Festival Strings Lucerne",1,C,3,,"Brandenburgisches Konzert Nr. 2 F-dur, BWV 1047 - Allegro Assai",2:32
LP7410036,6 Brandenburgische Konzerte,"Johann Sebastian Bach, Rudolf Baumgartner, Festival Strings Lucerne",1,C,4,,"Brandenburgisches Konzert Nr. 4 G-dur, BWV 1049 - Allegro",7:13
LP7410036,6 Brandenburgische Konzerte,"Johann Sebastian Bach, Rudolf Baumgartner, Festival Strings Lucerne",1,C,5,,"Brandenburgisches Konzert Nr. 4 G-dur, BWV 1049 - Andante",3:51
LP7410036,6 Brandenburgische Konzerte,"Johann Sebastian Bach, Rudolf Baumgartner, Festival Strings Lucerne",1,C,6,,"Brandenburgisches Konzert Nr. 4 G-dur, BWV 1049 - Presto",4:48
LP7410036,6 Brandenburgische Konzerte,"Johann Sebastian Bach, Rudolf Baumgartner, Festival Strings Lucerne",1,D,1,,"Brandenburgisches Konzert Nr. 5 D-dur, BWV 1050 - Allegro",9:49
LP7410036,6 Brandenburgische Konzerte,"Johann Sebastian Bach, Rudolf Baumgartner, Festival Strings Lucerne",1,D,2,,"Brandenburgisches Konzert Nr. 5 D-dur, BWV 1050 - Affettuoso",5:00
LP7410036,6 Brandenburgische Konzerte,"Johann Sebastian Bach, Rudolf Baumgartner, Festival Strings Lucerne",1,D,3,,"Brandenburgisches Konzert Nr. 5 D-dur, BWV 1050 - Allegro",5:18
LP7410037,The Original Big Band Hits Vol. 2,Various,1,A,1,,Glenn Miller And His Orchestra–Indian Summer,
LP7410037,The Original Big Band Hits Vol. 2,Various,1,A,2,,Glenn Miller And His Orchestra–Star Dust,
LP7410037,The Original Big Band Hits Vol. 2,Various,1,A,3,,Glenn Miller And His Orchestra–Tuxedo Junction,
LP7410037,The Original Big Band Hits Vol. 2,Various,1,A,4,,Glenn Miller And His Orchestra–Danny Boy,
LP7410037,The Original Big Band Hits Vol. 2,Various,1,A,5,,Glenn Miller And His Orchestra–Pennsylvania Six Five Thousand,
LP7410037,The Original Big Band Hits Vol. 2,Various,1,A,6,,Glenn Miller And His Orchestra–Anvil Chorus (From II Trovatore),
LP7410037,The Original Big Band Hits Vol. 2,Various,1,A,7,,Glenn Miller And His Orchestra–Song Of The Volga Boatmen (Russian Folk Song),
LP7410037,The Original Big Band Hits Vol. 2,Various,1,A,8,,Glenn Miller And His Orchestra–Perfidia,
LP7410037,The Original Big Band Hits Vol. 2,Various,1,B,1,,Glenn Miller And His Orchestra–Chattanooga Choo Choo,
LP7410037,The Original Big Band Hits Vol. 2,Various,1,B,2,,Glenn Miller And His Orchestra–Adios,
LP7410037,The Original Big Band Hits Vol. 2,Various,1,B,3,,Glenn Miller And His Orchestra–Elmer's Tune,
LP7410037,The Original Big Band Hits Vol. 2,Various,1,B,4,,Glenn Miller And His Orchestra–A String Of Pearls,
LP7410037,The Original Big Band Hits Vol. 2,Various,1,B,5,,Glenn Miller And His Orchestra–Moonlight Cocktail,
LP7410037,The Original Big Band Hits Vol. 2,Various,1,B,6,,Glenn Miller And His Orchestra–Skylark,
LP7410037,The Original Big Band Hits Vol. 2,Various,1,B,7,,Glenn Miller And His Orchestra–Don't Sit Under The Apple Tree (With Anyone Else But Me),
LP7410037,The Original Big Band Hits Vol. 2,Various,1,C,1,,Artie Shaw And His Orchestra–Begin The Beguine,
LP7410037,The Original Big Band Hits Vol. 2,Various,1,C,2,,Artie Shaw And His Orchestra–Indian Love Call,
LP7410037,The Original Big Band Hits Vol. 2,Various,1,C,3,,rtie Shaw And His Orchestra–Any Old Time,
LP7410037,The Original Big Band Hits Vol. 2,Various,1,C,4,,Artie Shaw And His Orchestra–Back Bay Shuffle,
LP7410037,The Original Big Band Hits Vol. 2,Various,1,C,5,,Artie Shaw And His Orchestra–Deep In A Dream,
LP7410037,The Original Big Band Hits Vol. 2,Various,1,D,1,,Artie Shaw And His Orchestra–Frenesi,
LP7410037,The Original Big Band Hits Vol. 2,Various,1,D,2,,Artie Shaw And His Grammercy Five*–Cross Heart,
LP7410037,The Original Big Band Hits Vol. 2,Various,1,D,3,,Artie Shaw And His Grammercy Five*–Summit Ridge Drive,
LP7410037,The Original Big Band Hits Vol. 2,Various,1,D,4,,Artie Shaw And His Orchestra–Temptation,
LP7410037,The Original Big Band Hits Vol. 2,Various,1,D,5,,Artie Shaw And His Orchestra–Star Dust,
LP7410037,The Original Big Band Hits Vol. 2,Various,1,E,1,,Tommy Dorsey And His Orchestra–Josephine,
LP7410037,The Original Big Band Hits Vol. 2,Various,1,E,2,,Tommy Dorsey And His Clambake Seven–The Lady Is A Tramp,
LP7410037,The Original Big Band Hits Vol. 2,Various,1,E,3,,Tommy Dorsey And His Orchestra–Who?,
LP7410037,The Original Big Band Hits Vol. 2,Various,1,E,4,,"Tommy Dorsey And His Orchestra–Music, Maestro, Please",
LP7410037,The Original Big Band Hits Vol. 2,Various,1,F,1,,Tommy Dorsey And His Orchestra–Boogie Woogie,
LP7410037,The Original Big Band Hits Vol. 2,Various,1,E,6,,Tommy Dorsey And His Orchestra–Hawaiian War Chant,
LP7410037,The Original Big Band Hits Vol. 2,Various,1,F,2,,"Tommy Dorsey And His Orchestra–	I'll Be Seeing You",
LP7410037,The Original Big Band Hits Vol. 2,Various,1,F,3,,Tommy Dorsey And His Orchestra–East Of The Sun (And West Of The Moon),
LP7410037,The Original Big Band Hits Vol. 2,Various,1,F,4,,"Tommy Dorsey And His Orchestra–	I'll Never Smile Again",
LP7410037,The Original Big Band Hits Vol. 2,Various,1,F,5,,Tommy Dorsey And His Orchestra-Whispering,
LP7410037,The Original Big Band Hits Vol. 2,Various,1,G,1,,Benny Goodman And His Orchestra–King Porter Stomp,
LP7410037,The Original Big Band Hits Vol. 2,Various,1,G,2,,Benny Goodman And His Orchestra–Sometimes I'm Happy,
LP7410037,The Original Big Band Hits Vol. 2,Various,1,G,3,,Benny Goodman And His Orchestra–When Buddha Smiles,
LP7410037,The Original Big Band Hits Vol. 2,Various,1,G,4,,Benny Goodman And His Orchestra–Stompin' At The Savoy,
LP7410037,The Original Big Band Hits Vol. 2,Various,1,H,1,,Benny Goodman And His Orchestra–I Know That You Know,
LP7410037,The Original Big Band Hits Vol. 2,Various,1,G,6,,Benny Goodman And His Orchestra–Sugarfoot Stomp,
LP7410037,The Original Big Band Hits Vol. 2,Various,1,H,2,,Benny Goodman And His Orchestra–Don't Be That Way,
LP7410037,The Original Big Band Hits Vol. 2,Various,1,H,3,,Benny Goodman And His Orchestra–One O'Clock Jump,
LP7410037,The Original Big Band Hits Vol. 2,Various,1,H,4,,Benny Goodman And His Orchestra–I Let A Song Go Out Of My Heart,
LP7410037,The Original Big Band Hits Vol. 2,Various,1,H,5,,Benny Goodman And His Orchestra–And The Angels Sing,
LP7410038,Puttin' On The Ritz,Taco,1,A,1,,Puttin' On The Ritz,3:25
LP7410038,Puttin' On The Ritz,Taco,1,B,1,,Cheek To Cheek,3:39
074640411373,Break My Stride,Matthew Wilder,1,A,1,,Break My Stride,3:05
074640411373,Break My Stride,Matthew Wilder,1,B,1,,Break My Stride (Instramental),3:05
LP7410039,And His Girl Friends,Frankie Carle,1,A,1,,Ida (Sweet As Apple Cider),2:39
LP7410039,And His Girl Friends,Frankie Carle,1,B,1,,Liza,2:41
LP7410039,And His Girl Friends,Frankie Carle,1,C,1,,Charmaine,2:50
LP7410039,And His Girl Friends,Frankie Carle,1,D,1,,Diane,2:45
LP7410039,And His Girl Friends,Frankie Carle,1,E,1,,Margie,2:48
LP7410039,And His Girl Friends,Frankie Carle,1,F,1,,Rose Marie,2:45
LP7410039,And His Girl Friends,Frankie Carle,1,G,1,,Louise,2:29
LP7410039,And His Girl Friends,Frankie Carle,1,H,1,,Josephine,3:22
602527947655,Shake It Out,Florence + The Machine,1,A,1,,Shake It Out,4:40
602527947655,Shake It Out,Florence + The Machine,1,B,1,,Shake It Out (The Weeknd Remix),5:17
LP7410040,Glenn Miller Concert,Glenn Miller,1,A,1,,One O'Clock Jump,
LP7410040,Glenn Miller Concert,Glenn Miller,1,A,2,,Going Home,
LP7410040,Glenn Miller Concert,Glenn Miller,1,A,3,,St. Louis Blues,
LP7410040,Glenn Miller Concert,Glenn Miller,1,A,4,,Tiger Rag,
LP7410040,Glenn Miller Concert,Glenn Miller,1,B,1,,Everybody Loves My Baby,
LP7410040,Glenn Miller Concert,Glenn Miller,1,B,2,,Georgia On My Mind,
LP7410040,Glenn Miller Concert,Glenn Miller,1,B,3,,Jersey Bounce,
LP7410040,Glenn Miller Concert,Glenn Miller,1,B,4,,My Blue Heaven,
5037703314719,Angel,Sarah McLachlan,1,A,1,,Angel (Dusted Remix),5:28
5037703314719,Angel,Sarah McLachlan,1,A,2,,Silence (Michael Woods Mix - Edit),7:11
5037703314719,Angel,Sarah McLachlan,1,B,1,,Sweet Surrender (DJ Tiësto Remix),7:04
088561173319,ABBA A Tribute - The 25th Anniversary Celebration,Various,1,A,1,,CoCo Lee–Dancing Queen,3:28
088561173319,ABBA A Tribute - The 25th Anniversary Celebration,Various,1,A,2,,Go West-One Of Us,4:19
088561173319,ABBA A Tribute - The 25th Anniversary Celebration,Various,1,A,3,,Irma-The Name Of The Game,4:29
088561173319,ABBA A Tribute - The 25th Anniversary Celebration,Various,1,A,4,,Army Of Lovers-HastaMañana,3:15
088561173319,ABBA A Tribute - The 25th Anniversary Celebration,Various,1,A,5,,Bananarama-Waterloo,3:02
088561173319,ABBA A Tribute - The 25th Anniversary Celebration,Various,1,A,6,,Ash-Does Your Mother Know,3:00
088561173319,ABBA A Tribute - The 25th Anniversary Celebration,Various,1,B,1,,Hazell Dean–The Winner Takes It All [Lovers Mix],8:28
088561173319,ABBA A Tribute - The 25th Anniversary Celebration,Various,1,B,2,,"Abbacadabra–	The Visitors (Crackin' Up) [Original Abbasalute Album Version]",8:44
088561173319,ABBA A Tribute - The 25th Anniversary Celebration,Various,1,C,1,,"Evan Dando–Knowing Me, Knowing You",2:17
088561173319,ABBA A Tribute - The 25th Anniversary Celebration,Various,1,C,2,,Erasure–Take A Chance On Me,3:44
088561173319,ABBA A Tribute - The 25th Anniversary Celebration,Various,1,C,3,,"E-Rotic–Money, Money, Money",3:01
088561173319,ABBA A Tribute - The 25th Anniversary Celebration,Various,1,C,4,,Mike Love–On And On And On,3:03
088561173319,ABBA A Tribute - The 25th Anniversary Celebration,Various,1,C,5,,Peter Cetera & Ronna Reeves–SOS,4:03
088561173319,ABBA A Tribute - The 25th Anniversary Celebration,Various,1,C,6,,"The Real Group, Frida–Dancing Queen (Acapella)",3:49
088561173319,ABBA A Tribute - The 25th Anniversary Celebration,Various,1,C,7,,The Wedding Band–Bridal Dancing Queen,1:10
088561173319,ABBA A Tribute - The 25th Anniversary Celebration,Various,1,D,1,,Information Society–Lay All Your Love On Me [Justin Strauss Remix],6:27
088561173319,ABBA A Tribute - The 25th Anniversary Celebration,Various,1,D,2,,"Sofia*, Michael B. Tretow–Honey, Honey [The Millennium Mix]",5:21
088561173319,ABBA A Tribute - The 25th Anniversary Celebration,Various,1,D,3,,"The Real Group, Frida–Dancing Queen [Vee's Anniversary Mix]",8:04
724596912904,feat. saint etienne Tell Me Why (The Riddle),Paul Van Dyk,1,B,1,,Tell Me Why (The Riddle) (Vandit Mix),8:03
724596912904,feat. saint etienne Tell Me Why (The Riddle),Paul Van Dyk,1,A,2,,Tell Me Why (The Riddle) (PVD Mix),9:25
724596912904,feat. saint etienne Tell Me Why (The Riddle),Paul Van Dyk,1,C,1,,Tell Me Why (The Riddle) (Take A Break),7:31
724596912904,feat. saint etienne Tell Me Why (The Riddle),Paul Van Dyk,1,C,2,,Tell Me Why (The Riddle) (Club Mix),5:53
724596912904,feat. saint etienne Tell Me Why (The Riddle),Paul Van Dyk,1,D,1,,Tell Me Why (The Riddle) (Original Mix),8:43
724596912904,feat. saint etienne Tell Me Why (The Riddle),Paul Van Dyk,1,D,2,,Tell Me Why (The Riddle) (Take A Break Dub),7:15
044116111717,I Learned From The Best (Junior Vasquez Club Mix),Whitney Houston,1,A,1,,I Learned From The Best (Junior Vasquez Club Mix),11:37
044116111717,I Learned From The Best (Junior Vasquez Club Mix),Whitney Houston,1,B,1,,I Learned From The Best (HQ2 Club Mix),10:35
090204995257,Italiodancer/The Hypno!,Floorfilla,1,A,1,,Italodancer,6:52
090204995257,Italiodancer/The Hypno!,Floorfilla,1,A,2,,The Hypno,6:50
794043193569,Game Of Thrones (Music From the HBO Series) Season 7,Ramin Djawadi,1,A,1,,Main Titles,1:53
794043193569,Game Of Thrones (Music From the HBO Series) Season 7,Ramin Djawadi,1,A,2,,Dragonstone,5:06
794043193569,Game Of Thrones (Music From the HBO Series) Season 7,Ramin Djawadi,1,A,3,,Shall We Begin?,1:24
794043193569,Game Of Thrones (Music From the HBO Series) Season 7,Ramin Djawadi,1,A,4,,The Queen's Justice,1:21
794043193569,Game Of Thrones (Music From the HBO Series) Season 7,Ramin Djawadi,1,A,5,,A Game I Like To Play,1:45
794043193569,Game Of Thrones (Music From the HBO Series) Season 7,Ramin Djawadi,1,A,6,,I Am The Storm,6:25
794043193569,Game Of Thrones (Music From the HBO Series) Season 7,Ramin Djawadi,1,B,1,,The Gift,2:02
794043193569,Game Of Thrones (Music From the HBO Series) Season 7,Ramin Djawadi,1,B,2,,Dragonglass,4:19
794043193569,Game Of Thrones (Music From the HBO Series) Season 7,Ramin Djawadi,1,B,3,,Spoils Of War (Pt. 1),3:53
794043193569,Game Of Thrones (Music From the HBO Series) Season 7,Ramin Djawadi,1,B,4,,Spoils Of War (Pt. 2),4:03
794043193569,Game Of Thrones (Music From the HBO Series) Season 7,Ramin Djawadi,1,B,5,,The Dagger,2:33
794043193569,Game Of Thrones (Music From the HBO Series) Season 7,Ramin Djawadi,1,B,6,,Home,2:30
794043193569,Game Of Thrones (Music From the HBO Series) Season 7,Ramin Djawadi,1,C,1,,Gorgeous Beasts,2:11
794043193569,Game Of Thrones (Music From the HBO Series) Season 7,Ramin Djawadi,1,C,2,,The Long Farewell,2:46
794043193569,Game Of Thrones (Music From the HBO Series) Season 7,Ramin Djawadi,1,C,3,,Against All Odds,7:48
794043193569,Game Of Thrones (Music From the HBO Series) Season 7,Ramin Djawadi,1,C,4,,See You For What You Are,2:09
794043193569,Game Of Thrones (Music From the HBO Series) Season 7,Ramin Djawadi,1,C,5,,Casterly Rock,2:23
794043193569,Game Of Thrones (Music From the HBO Series) Season 7,Ramin Djawadi,1,C,6,,A Lion's Legacy,1:34
794043193569,Game Of Thrones (Music From the HBO Series) Season 7,Ramin Djawadi,1,D,1,,Message For Cersei,1:43
794043193569,Game Of Thrones (Music From the HBO Series) Season 7,Ramin Djawadi,1,D,2,,Ironborn,2:19
794043193569,Game Of Thrones (Music From the HBO Series) Season 7,Ramin Djawadi,1,D,3,,No One Walks Away From Me,2:11
794043193569,Game Of Thrones (Music From the HBO Series) Season 7,Ramin Djawadi,1,D,4,,Truth,3:31
794043193569,Game Of Thrones (Music From the HBO Series) Season 7,Ramin Djawadi,1,D,5,,The Army Of The Dead,5:26
794043193569,Game Of Thrones (Music From the HBO Series) Season 7,Ramin Djawadi,1,D,6,,"Winter Is Here	",2:54
LP7410041,Evita,Andrew Lloyd Webber & Tim Rice,1,A,1,,"A Cinema In Buenos Aires, 26 July 1952",1:18
LP7410041,Evita,Andrew Lloyd Webber & Tim Rice,1,A,2,,Requiem For Evita / Oh What A Circus,9:12
LP7410041,Evita,Andrew Lloyd Webber & Tim Rice,1,A,3,,On This Night Of A Thousand Stars / Eva And Magaldi / Eva Beware Of The City,7:10
LP7410041,Evita,Andrew Lloyd Webber & Tim Rice,1,A,4,,Buenos Aires,3:43
LP7410041,Evita,Andrew Lloyd Webber & Tim Rice,1,A,5,,Goodnight And Thank You,3:39
LP7410041,Evita,Andrew Lloyd Webber & Tim Rice,1,B,1,,The Lady's Got Potential,4:38
LP7410041,Evita,Andrew Lloyd Webber & Tim Rice,1,B,2,,Charity Concert / I'd Be Surprisingly Good For You,6:10
LP7410041,Evita,Andrew Lloyd Webber & Tim Rice,1,B,3,,"Another Suitcase In Another Hall	",3:58
LP7410041,Evita,Andrew Lloyd Webber & Tim Rice,1,B,4,,Dangerous Jade,3:39
LP7410041,Evita,Andrew Lloyd Webber & Tim Rice,1,B,5,,A New Argentina,7:08
LP7410041,Evita,Andrew Lloyd Webber & Tim Rice,1,C,1,,On The Balcony Of The Casa Rosada / Don't Cry For Me Argentina,9:10
LP7410041,Evita,Andrew Lloyd Webber & Tim Rice,1,C,2,,"High Flying, Adored",4:26
LP7410041,Evita,Andrew Lloyd Webber & Tim Rice,1,C,3,,Rainbow High,2:31
LP7410041,Evita,Andrew Lloyd Webber & Tim Rice,1,C,4,,Rainbow Tour,5:17
LP7410041,Evita,Andrew Lloyd Webber & Tim Rice,1,C,5,,The Actress Hasn't Learned The Lines (You'd Like To Hear),2:33
LP7410041,Evita,Andrew Lloyd Webber & Tim Rice,1,C,6,,And The Money Kept Rolling In (And Out),2:34
LP7410041,Evita,Andrew Lloyd Webber & Tim Rice,1,D,1,,Santa Evita,1:55
LP7410041,Evita,Andrew Lloyd Webber & Tim Rice,1,D,2,,Waltz For Eva And Che,3:42
LP7410041,Evita,Andrew Lloyd Webber & Tim Rice,1,D,3,,She Is A Diamond,2:57
LP7410041,Evita,Andrew Lloyd Webber & Tim Rice,1,D,4,,Dice Are Rolling / Eva's Sonnet,6:10
LP7410041,Evita,Andrew Lloyd Webber & Tim Rice,1,D,5,,Eva's Final Broadcast,3:33
LP7410041,Evita,Andrew Lloyd Webber & Tim Rice,1,D,6,,Montage,3:35
LP7410041,Evita,Andrew Lloyd Webber & Tim Rice,1,D,7,,Lament,3:58
LP7410042,The Wurst of P.D.Q. Bach,Professor Peter Schickele,1,A,1,,"Concerto For Horn And Hardart, S. 27 - Allegro",
LP7410042,The Wurst of P.D.Q. Bach,Professor Peter Schickele,1,A,2,,"Concerto For Horn And Hardart, S. 27 - 2. Tema Con Variazione",
LP7410042,The Wurst of P.D.Q. Bach,Professor Peter Schickele,1,A,3,,"Concerto For Horn And Hardart, S. 27 - 3. Menuetto Con Panna E Zucchero",
LP7410042,The Wurst of P.D.Q. Bach,Professor Peter Schickele,1,B,1,,"Cantata, Iphigenia In Brooklyn, S. 53162 - Aria - Recitative - Ground - Recitative - Aria",
LP7410042,The Wurst of P.D.Q. Bach,Professor Peter Schickele,1,A,5,,New Horizons In Music Appreciation - Beethoven's Fifth Symphony,8:48
LP7410042,The Wurst of P.D.Q. Bach,Professor Peter Schickele,1,B,2,,"Schleptet In E Flat Major, S. 0 - Larghissimo - Allegro Boffo",
LP7410042,The Wurst of P.D.Q. Bach,Professor Peter Schickele,1,B,3,,"Schleptet In E Flat Major, S. 0 - Menuetto Con Brio Ma Senza Trio",
LP7410042,The Wurst of P.D.Q. Bach,Professor Peter Schickele,1,B,4,,"Schleptet In E Flat Major, S. 0 - Adagio Saccharino",
LP7410042,The Wurst of P.D.Q. Bach,Professor Peter Schickele,1,B,5,,"Schleptet In E Flat Major, S. 0 - Yehudi Menuetto	",
LP7410042,The Wurst of P.D.Q. Bach,Professor Peter Schickele,1,B,6,,"Schleptet In E Flat Major, S. 0 - Presto Hey Nonny Nonnio	",
LP7410042,The Wurst of P.D.Q. Bach,Professor Peter Schickele,1,B,7,,What's My Melodic Line?,5:15
LP7410042,The Wurst of P.D.Q. Bach,Professor Peter Schickele,1,B,8,,"Madrigal, ""My Bonnie LassShe Smelleth"" From ""The Triumphs Of Thusnelda"" S. 1601",2:35
LP7410042,The Wurst of P.D.Q. Bach,Professor Peter Schickele,1,C,1,,"""Unbegun"" Symphony - 4. Andante - Allegro",7:00
LP7410042,The Wurst of P.D.Q. Bach,Professor Peter Schickele,1,C,2,,"Half-Act Opera, ""The Stoned Guest"" - 1. Introduction",
LP7410042,The Wurst of P.D.Q. Bach,Professor Peter Schickele,1,C,3,,"Half-Act Opera, ""The Stoned Guest"" - 2. Overture",
LP7410042,The Wurst of P.D.Q. Bach,Professor Peter Schickele,1,C,4,,"Half-Act Opera, ""The Stoned Guest"" - 3. Recitative And Aria, ""Now Is The Season""",
LP7410042,The Wurst of P.D.Q. Bach,Professor Peter Schickele,1,C,5,,"Half-Act Opera, ""The Stoned Guest"" - 4. Trio, ""I'm Sure I'd Be""",
LP7410042,The Wurst of P.D.Q. Bach,Professor Peter Schickele,1,C,6,,"Half-Act Opera, ""The Stoned Guest"" - 5. Opera Whiz",
LP7410042,The Wurst of P.D.Q. Bach,Professor Peter Schickele,1,C,7,,"Half-Act Opera, ""The Stoned Guest"" - 6. Synopsis Of Plot	",
LP7410042,The Wurst of P.D.Q. Bach,Professor Peter Schickele,1,C,8,,"Half-Act Opera, ""The Stoned Guest"" - 7. Finale Of Opera",
LP7410042,The Wurst of P.D.Q. Bach,Professor Peter Schickele,1,D,1,,"Fugue In C Minor, (Fuga Vulgaris) For Calliope Four Hands,From The Toot Suite S.3.14",2:46
LP7410042,The Wurst of P.D.Q. Bach,Professor Peter Schickele,1,D,2,,"Oratorio, ""The Seasonings"", S.1/2 Tsp.",22:15
LP7410043,Accordion De Paris,"Jo Basile, His Accordion And Orchestra",1,A,1,,"Comme Ci, Comme Ca - Tout Ca",
LP7410043,Accordion De Paris,"Jo Basile, His Accordion And Orchestra",1,A,2,,Fleur De Paris,
LP7410043,Accordion De Paris,"Jo Basile, His Accordion And Orchestra",1,A,3,,Medely - April In Paris,
LP7410043,Accordion De Paris,"Jo Basile, His Accordion And Orchestra",1,A,4,,"Medely - I Love Paris
",
LP7410043,Accordion De Paris,"Jo Basile, His Accordion And Orchestra",1,A,5,,Boum Musette,
LP7410043,Accordion De Paris,"Jo Basile, His Accordion And Orchestra",1,A,6,,Ballade De Rabouine,
LP7410043,Accordion De Paris,"Jo Basile, His Accordion And Orchestra",1,A,7,,Piano De Pauvre,
LP7410043,Accordion De Paris,"Jo Basile, His Accordion And Orchestra",1,B,1,,Mademoiselle De Paris,
LP7410043,Accordion De Paris,"Jo Basile, His Accordion And Orchestra",1,B,2,,L'ame Des Poetes,
LP7410043,Accordion De Paris,"Jo Basile, His Accordion And Orchestra",1,B,3,,Mon Homme,
LP7410043,Accordion De Paris,"Jo Basile, His Accordion And Orchestra",1,B,4,,Raiion de Musette,
LP7410043,Accordion De Paris,"Jo Basile, His Accordion And Orchestra",1,B,5,,Le Denicheur,
LP7410043,Accordion De Paris,"Jo Basile, His Accordion And Orchestra",1,B,6,,Pigalle-Le Seine,
LP7410044,1812 Overture & William Tell Overture,Arthur Fiedler & The Boston Pops Orchestra,1,A,1,,William Tell - Overture,
LP7410044,1812 Overture & William Tell Overture,Arthur Fiedler & The Boston Pops Orchestra,1,B,1,,"1812 Overture, Op. 49 (Ouverture Solennelle)",
LP7410045,The Early Years,Al Jolson,1,A,1,,Snap Your Fingers,2:15
LP7410045,The Early Years,Al Jolson,1,A,2,,The Spaniard That Blighted My Lif,3:00
LP7410045,The Early Years,Al Jolson,1,A,3,,My Yellow Jacket Girl,3:10
LP7410045,The Early Years,Al Jolson,1,A,4,,Asleep In The Deep,3:20
LP7410045,The Early Years,Al Jolson,1,A,5,,That Lovin' Traumerei,3:20
LP7410045,The Early Years,Al Jolson,1,A,6,,Brass Band Ephram Jones,3:34
LP7410045,The Early Years,Al Jolson,1,B,1,,"That Haunting Melody	",2:45
LP7410045,The Early Years,Al Jolson,1,B,2,,Rum-Tum-Tiddle,2:40
LP7410045,The Early Years,Al Jolson,1,B,3,,Pullman Porter's Parade,3:03
LP7410045,The Early Years,Al Jolson,1,B,4,,You Made Me Love You,3:20
LP7410045,The Early Years,Al Jolson,1,B,5,,Sister Susie's Sewing Shirts For Soldiers,3:15
LP7410045,The Early Years,Al Jolson,1,B,6,,When The Grown Up Ladies Act Like Babies,3:05
LP7410046,Dave & Sugar,Dave & Sugar,1,A,1,,I'm Gonna Love You,2:53
LP7410046,Dave & Sugar,Dave & Sugar,1,A,2,,The Door Is Always Open,2:42
LP7410046,Dave & Sugar,Dave & Sugar,1,A,3,,Can't Help But Wonder,3:01
LP7410046,Dave & Sugar,Dave & Sugar,1,A,4,,A Whole Lotta Things To Sing About,2:40
LP7410046,Dave & Sugar,Dave & Sugar,1,A,5,,Queen Of The Silver Dollar,2:44
LP7410046,Dave & Sugar,Dave & Sugar,1,B,1,,I've Been So Wrong For So Long,3:02
LP7410046,Dave & Sugar,Dave & Sugar,1,B,2,,Fools,1:58
LP7410046,Dave & Sugar,Dave & Sugar,1,B,3,,Late Nite Country Lovin' Music,2:13
LP7410046,Dave & Sugar,Dave & Sugar,1,B,4,,I'm Leavin' The Leavin’ To You,3:12
LP7410046,Dave & Sugar,Dave & Sugar,1,B,5,,Queen Of My Heart,2:00
077773821811,Requiem,Andrew Lloyd Webber,1,A,1,,Requiem & Kyrie,6:39
077773821811,Requiem,Andrew Lloyd Webber,1,A,2,,Dies Irae,17:14
077773821811,Requiem,Andrew Lloyd Webber,1,B,1,,Offertorium,5:19
077773821811,Requiem,Andrew Lloyd Webber,1,B,2,,Hosanna,4:51
077773821811,Requiem,Andrew Lloyd Webber,1,B,3,,Pie Jesu,3:53
077773821811,Requiem,Andrew Lloyd Webber,1,B,4,,Lux Aeterna & Libera Me,7:29
LP7410047,Love Scenes: Orchestral Suites Of La Boheme And Madame Butterfly,"Alfred Newman, The Hollywood Bowl Symphony Orchestra",1,A,1,,"Madame Butterfly - Love Scene(Act I)	",8:18
LP7410047,Love Scenes: Orchestral Suites Of La Boheme And Madame Butterfly,"Alfred Newman, The Hollywood Bowl Symphony Orchestra",1,A,2,,Madame Butterfly - One Fine Day(Act II),6:34
LP7410047,Love Scenes: Orchestral Suites Of La Boheme And Madame Butterfly,"Alfred Newman, The Hollywood Bowl Symphony Orchestra",1,A,3,,Madame Butterfly - Butterfly's Farewell(Act III),5:35
LP7410047,Love Scenes: Orchestral Suites Of La Boheme And Madame Butterfly,"Alfred Newman, The Hollywood Bowl Symphony Orchestra",1,B,1,,La Boheme - Love Scene(Act I),10:26
LP7410047,Love Scenes: Orchestral Suites Of La Boheme And Madame Butterfly,"Alfred Newman, The Hollywood Bowl Symphony Orchestra",1,B,2,,"La Boheme - Musetta's Waltz(Act II)	",3:31
LP7410047,Love Scenes: Orchestral Suites Of La Boheme And Madame Butterfly,"Alfred Newman, The Hollywood Bowl Symphony Orchestra",1,B,3,,La Boheme - Mimi's Farewell(Act III),4:25
LP7410047,Love Scenes: Orchestral Suites Of La Boheme And Madame Butterfly,"Alfred Newman, The Hollywood Bowl Symphony Orchestra",1,B,4,,La Boheme - Finale(Act IV),4:43
LP7410047,Love Scenes: Orchestral Suites Of La Boheme And Madame Butterfly,"Alfred Newman, The Hollywood Bowl Symphony Orchestra",1,C,1,,Espana Waltz,
LP7410047,Love Scenes: Orchestral Suites Of La Boheme And Madame Butterfly,"Alfred Newman, The Hollywood Bowl Symphony Orchestra",1,C,2,,Melodie,
LP7410047,Love Scenes: Orchestral Suites Of La Boheme And Madame Butterfly,"Alfred Newman, The Hollywood Bowl Symphony Orchestra",1,C,3,,Galop,
LP7410047,Love Scenes: Orchestral Suites Of La Boheme And Madame Butterfly,"Alfred Newman, The Hollywood Bowl Symphony Orchestra",1,C,4,,Humming Chorus,
LP7410047,Love Scenes: Orchestral Suites Of La Boheme And Madame Butterfly,"Alfred Newman, The Hollywood Bowl Symphony Orchestra",1,C,5,,Scherzo,
LP7410047,Love Scenes: Orchestral Suites Of La Boheme And Madame Butterfly,"Alfred Newman, The Hollywood Bowl Symphony Orchestra",1,D,1,,Hora Staccato,
LP7410047,Love Scenes: Orchestral Suites Of La Boheme And Madame Butterfly,"Alfred Newman, The Hollywood Bowl Symphony Orchestra",1,D,2,,Nocturne,
LP7410047,Love Scenes: Orchestral Suites Of La Boheme And Madame Butterfly,"Alfred Newman, The Hollywood Bowl Symphony Orchestra",1,D,3,,Tarantella,
LP7410047,Love Scenes: Orchestral Suites Of La Boheme And Madame Butterfly,"Alfred Newman, The Hollywood Bowl Symphony Orchestra",1,D,4,,"Variation No. 18 ""Paganini Variations""",
LP7410047,Love Scenes: Orchestral Suites Of La Boheme And Madame Butterfly,"Alfred Newman, The Hollywood Bowl Symphony Orchestra",1,D,5,,Conquest,
078635534016,Chess,"Benny Andersson, Tim Rice, Björn Ulvaeus",1,A,1,,Act One - Merano,7.00
078635534016,Chess,"Benny Andersson, Tim Rice, Björn Ulvaeus",1,A,2,,Act One - The Russian And Molokov / Where I Want To Be,6:22
078635534016,Chess,"Benny Andersson, Tim Rice, Björn Ulvaeus",1,A,3,,Act One - Opening Ceremony,9:20
078635534016,Chess,"Benny Andersson, Tim Rice, Björn Ulvaeus",1,A,4,,Act One - Quartet (A Model Of Decorum And Tranquillity),2:18
078635534016,Chess,"Benny Andersson, Tim Rice, Björn Ulvaeus",1,B,1,,Act One - The American And Florence / Nobody's Side,5:27
078635534016,Chess,"Benny Andersson, Tim Rice, Björn Ulvaeus",1,B,2,,Act One - Chess (Instrumental),5:45
078635534016,Chess,"Benny Andersson, Tim Rice, Björn Ulvaeus",1,B,3,,Act One - Mountain Duet,4:43
078635534016,Chess,"Benny Andersson, Tim Rice, Björn Ulvaeus",1,B,4,,Act One - Florence Quits,2:54
078635534016,Chess,"Benny Andersson, Tim Rice, Björn Ulvaeus",1,B,5,,Act One - Embassy Lament,1:30
078635534016,Chess,"Benny Andersson, Tim Rice, Björn Ulvaeus",1,B,6,,Act One - Anthem,3:04
078635534016,Chess,"Benny Andersson, Tim Rice, Björn Ulvaeus",1,C,1,,Act Two - Bangkok / One Night In Bangkok,5:02
078635534016,Chess,"Benny Andersson, Tim Rice, Björn Ulvaeus",1,C,2,,Act Two - Heaven Help My Heart,3:30
078635534016,Chess,"Benny Andersson, Tim Rice, Björn Ulvaeus",1,C,3,,Act Two - Argument,1:51
078635534016,Chess,"Benny Andersson, Tim Rice, Björn Ulvaeus",1,C,4,,"Act Two - I Know Him So Well	",4:15
078635534016,Chess,"Benny Andersson, Tim Rice, Björn Ulvaeus",1,C,5,,"Act Two - The Deal (No Deal)	",3:54
078635534016,Chess,"Benny Andersson, Tim Rice, Björn Ulvaeus",1,C,6,,Act Two - Pity The Child,5:29
078635534016,Chess,"Benny Andersson, Tim Rice, Björn Ulvaeus",1,D,1,,Act Two - Endgame,10:50
078635534016,Chess,"Benny Andersson, Tim Rice, Björn Ulvaeus",1,D,2,,"Act Two - Epilogue: You And I / The Story Of Chess	",10:30
LP7410048,The Hits Of Woody Herman,Woody Herman,1,A,1,,Woodchopper's Ball,2:57
LP7410048,The Hits Of Woody Herman,Woody Herman,1,A,2,,Early Autumn,3:11
LP7410048,The Hits Of Woody Herman,Woody Herman,1,A,3,,Lemon Drop,2:54
LP7410048,The Hits Of Woody Herman,Woody Herman,1,A,4,,The Girl Upstairs,2:52
LP7410048,The Hits Of Woody Herman,Woody Herman,1,A,5,,Skinned,2:57
LP7410048,The Hits Of Woody Herman,Woody Herman,1,A,6,,Skinned Again,2:59
LP7410048,The Hits Of Woody Herman,Woody Herman,1,B,1,,Wild Apple Honey,5:58
LP7410048,The Hits Of Woody Herman,Woody Herman,1,B,2,,Love Is A Many Splendored Thing,2:45
LP7410048,The Hits Of Woody Herman,Woody Herman,1,B,3,,Hat Trick,2:25
LP7410048,The Hits Of Woody Herman,Woody Herman,1,B,4,,Drums In Hi-Fly,4:58
LP7410049,Chariots Of Fire,Vangelis,1,A,1,,Titles,3:25
LP7410049,Chariots Of Fire,Vangelis,1,A,2,,Five Circles,5:15
LP7410049,Chariots Of Fire,Vangelis,1,A,3,,Abraham's Theme,3:14
LP7410049,Chariots Of Fire,Vangelis,1,A,4,,Eric's Theme,4:04
LP7410049,Chariots Of Fire,Vangelis,1,A,5,,100 Metres,
LP7410049,Chariots Of Fire,Vangelis,1,A,6,,Jerusalem,
LP7410049,Chariots Of Fire,Vangelis,1,B,1,,Chariots Of Fire,20:34
LP7410050,The Seraphim Guide To Renaissance Music,Syntagma Musicum Of Amsterdam,1,A,1,,Alleluja,
LP7410050,The Seraphim Guide To Renaissance Music,Syntagma Musicum Of Amsterdam,1,A,2,,"Chose Tassin I
",
LP7410050,The Seraphim Guide To Renaissance Music,Syntagma Musicum Of Amsterdam,1,A,3,,Ballade,
LP7410050,The Seraphim Guide To Renaissance Music,Syntagma Musicum Of Amsterdam,1,A,4,,Ballade,
LP7410050,The Seraphim Guide To Renaissance Music,Syntagma Musicum Of Amsterdam,1,A,5,,Chanson,
LP7410050,The Seraphim Guide To Renaissance Music,Syntagma Musicum Of Amsterdam,1,A,6,,Rosa Das Rosas,
LP7410050,The Seraphim Guide To Renaissance Music,Syntagma Musicum Of Amsterdam,1,A,7,,Lasse! Que Deviendrai Je,
LP7410050,The Seraphim Guide To Renaissance Music,Syntagma Musicum Of Amsterdam,1,A,8,,"Deus, In Adjutorium",
LP7410050,The Seraphim Guide To Renaissance Music,Syntagma Musicum Of Amsterdam,1,A,9,,Ave Maria,
LP7410050,The Seraphim Guide To Renaissance Music,Syntagma Musicum Of Amsterdam,1,B,1,,Dansse Real,
LP7410050,The Seraphim Guide To Renaissance Music,Syntagma Musicum Of Amsterdam,1,B,2,,Dieus Soit En Cheste Maison,
LP7410050,The Seraphim Guide To Renaissance Music,Syntagma Musicum Of Amsterdam,1,B,3,,Robin's M'Aime,
LP7410050,The Seraphim Guide To Renaissance Music,Syntagma Musicum Of Amsterdam,1,B,4,,Robin's M'Aime (Motet),
LP7410050,The Seraphim Guide To Renaissance Music,Syntagma Musicum Of Amsterdam,1,B,5,,Alle Psallite Cum Lyua,
LP7410050,The Seraphim Guide To Renaissance Music,Syntagma Musicum Of Amsterdam,1,B,6,,Ciz Chans Veult Boire!,
LP7410050,The Seraphim Guide To Renaissance Music,Syntagma Musicum Of Amsterdam,1,B,7,,Ductia,
LP7410050,The Seraphim Guide To Renaissance Music,Syntagma Musicum Of Amsterdam,1,B,8,,Agnus Dei,
LP7410050,The Seraphim Guide To Renaissance Music,Syntagma Musicum Of Amsterdam,1,B,9,,"Di Molen Van Paris
",
LP7410050,The Seraphim Guide To Renaissance Music,Syntagma Musicum Of Amsterdam,1,B,10,,Het Dunct Mi Wesen Verre,
LP7410050,The Seraphim Guide To Renaissance Music,Syntagma Musicum Of Amsterdam,1,B,11,,Mass Of Tournai : Kyrie,
LP7410050,The Seraphim Guide To Renaissance Music,Syntagma Musicum Of Amsterdam,1,B,12,,Mass Of Tournai : Sanctus,
LP7410050,The Seraphim Guide To Renaissance Music,Syntagma Musicum Of Amsterdam,1,B,13,,Trop Plus - Biauté - Je Ne Suis,
LP7410050,The Seraphim Guide To Renaissance Music,Syntagma Musicum Of Amsterdam,1,B,14,,Contre Le Temps,
LP7410050,The Seraphim Guide To Renaissance Music,Syntagma Musicum Of Amsterdam,1,C,1,,Lamento Di Tristano,
LP7410050,The Seraphim Guide To Renaissance Music,Syntagma Musicum Of Amsterdam,1,C,2,,Trotto,
LP7410050,The Seraphim Guide To Renaissance Music,Syntagma Musicum Of Amsterdam,1,C,3,,Non Al Suo Amante,
LP7410050,The Seraphim Guide To Renaissance Music,Syntagma Musicum Of Amsterdam,1,C,4,,Echo La Primavera,
LP7410050,The Seraphim Guide To Renaissance Music,Syntagma Musicum Of Amsterdam,1,C,5,,Kyrie,
LP7410050,The Seraphim Guide To Renaissance Music,Syntagma Musicum Of Amsterdam,1,C,6,,Sanctus,
LP7410050,The Seraphim Guide To Renaissance Music,Syntagma Musicum Of Amsterdam,1,C,7,,Agnus Dei,
LP7410050,The Seraphim Guide To Renaissance Music,Syntagma Musicum Of Amsterdam,1,C,8,,Benedicamus Domino,
LP7410050,The Seraphim Guide To Renaissance Music,Syntagma Musicum Of Amsterdam,1,C,9,,Sancta Maria,
LP7410050,The Seraphim Guide To Renaissance Music,Syntagma Musicum Of Amsterdam,1,D,1,,Flos Florum,
LP7410050,The Seraphim Guide To Renaissance Music,Syntagma Musicum Of Amsterdam,1,D,2,,Resvelons Nous Resvelons Nous Amoureux,
LP7410050,The Seraphim Guide To Renaissance Music,Syntagma Musicum Of Amsterdam,1,D,3,,Wilhelmus Legrant,
LP7410050,The Seraphim Guide To Renaissance Music,Syntagma Musicum Of Amsterdam,1,D,4,,"Or Avant, Gentiltz Fillettes",
LP7410050,The Seraphim Guide To Renaissance Music,Syntagma Musicum Of Amsterdam,1,D,5,,Bruder Konrad,
LP7410050,The Seraphim Guide To Renaissance Music,Syntagma Musicum Of Amsterdam,1,D,6,,Es Suld Eyn Man,
LP7410050,The Seraphim Guide To Renaissance Music,Syntagma Musicum Of Amsterdam,1,D,7,,Das Jägerhorn,
LP7410050,The Seraphim Guide To Renaissance Music,Syntagma Musicum Of Amsterdam,1,D,8,,Ich Sachz Eyns Mols,
LP7410050,The Seraphim Guide To Renaissance Music,Syntagma Musicum Of Amsterdam,1,D,9,,Czenner Greyner,
LP7410050,The Seraphim Guide To Renaissance Music,Syntagma Musicum Of Amsterdam,1,D,10,,Unnamed Piece,
LP7410050,The Seraphim Guide To Renaissance Music,Syntagma Musicum Of Amsterdam,1,D,11,,"Innsbruck, Ich Muß Dich Lassen",
LP7410050,The Seraphim Guide To Renaissance Music,Syntagma Musicum Of Amsterdam,1,D,12,,Ecce Virgo,
LP7410050,The Seraphim Guide To Renaissance Music,Syntagma Musicum Of Amsterdam,1,D,13,,Ein Feste Burg,
LP7410050,The Seraphim Guide To Renaissance Music,Syntagma Musicum Of Amsterdam,1,D,14,,Salve Ich Grüß Dich Schöne,
LP7410050,The Seraphim Guide To Renaissance Music,Syntagma Musicum Of Amsterdam,1,D,15,,Von Himmel Hoch,
LP7410050,The Seraphim Guide To Renaissance Music,Syntagma Musicum Of Amsterdam,1,D,16,,Nun Komm Der Heiden Heiland,
LP7410050,The Seraphim Guide To Renaissance Music,Syntagma Musicum Of Amsterdam,1,E,1,,"Trolly, Lolly",
LP7410050,The Seraphim Guide To Renaissance Music,Syntagma Musicum Of Amsterdam,1,E,2,,O My Hart,
LP7410050,The Seraphim Guide To Renaissance Music,Syntagma Musicum Of Amsterdam,1,E,3,,Doulce Memoire,
LP7410050,The Seraphim Guide To Renaissance Music,Syntagma Musicum Of Amsterdam,1,E,4,,Doulce Memoire,
LP7410050,The Seraphim Guide To Renaissance Music,Syntagma Musicum Of Amsterdam,1,E,5,,Recercade Segonda Sobre La Misma Cancion,
LP7410050,The Seraphim Guide To Renaissance Music,Syntagma Musicum Of Amsterdam,1,E,6,,La Bassa Castiglia,
LP7410050,The Seraphim Guide To Renaissance Music,Syntagma Musicum Of Amsterdam,1,E,7,,O Reyes Magos Benditos,
LP7410050,The Seraphim Guide To Renaissance Music,Syntagma Musicum Of Amsterdam,1,E,8,,Pavana,
LP7410050,The Seraphim Guide To Renaissance Music,Syntagma Musicum Of Amsterdam,1,E,9,,Ricercar,
LP7410050,The Seraphim Guide To Renaissance Music,Syntagma Musicum Of Amsterdam,1,E,10,,Aria Della Signora Moretta,
LP7410050,The Seraphim Guide To Renaissance Music,Syntagma Musicum Of Amsterdam,1,E,11,,Aria Della Marcheta Saporita,
LP7410050,The Seraphim Guide To Renaissance Music,Syntagma Musicum Of Amsterdam,1,E,12,,Musica A Due Voci,
LP7410050,The Seraphim Guide To Renaissance Music,Syntagma Musicum Of Amsterdam,1,E,13,,Gagliarda,
LP7410050,The Seraphim Guide To Renaissance Music,Syntagma Musicum Of Amsterdam,1,F,1,,Kyrie,
LP7410050,The Seraphim Guide To Renaissance Music,Syntagma Musicum Of Amsterdam,1,F,2,,Agnus Dei,
LP7410050,The Seraphim Guide To Renaissance Music,Syntagma Musicum Of Amsterdam,1,F,3,,La Bernardina,
LP7410050,The Seraphim Guide To Renaissance Music,Syntagma Musicum Of Amsterdam,1,F,4,,Basiez Moy,
LP7410050,The Seraphim Guide To Renaissance Music,Syntagma Musicum Of Amsterdam,1,F,5,,Fuga,
LP7410050,The Seraphim Guide To Renaissance Music,Syntagma Musicum Of Amsterdam,1,F,6,,Mijn Hert Altijt Heeft Verlanghen,
LP7410050,The Seraphim Guide To Renaissance Music,Syntagma Musicum Of Amsterdam,1,F,7,,De Post,
LP7410050,The Seraphim Guide To Renaissance Music,Syntagma Musicum Of Amsterdam,1,F,8,,Compt Al Uyt Zuyden,
LP7410050,The Seraphim Guide To Renaissance Music,Syntagma Musicum Of Amsterdam,1,F,9,,Toccata,
LP7410050,The Seraphim Guide To Renaissance Music,Syntagma Musicum Of Amsterdam,1,F,10,,Marchans Qui Traversez,
LP7410051,Walt Disney's Fantasia,Leopold Stokowski With The Philadelphia Orchestra,1,A,1,,Toccata And Fugue In D Minor,
LP7410051,Walt Disney's Fantasia,Leopold Stokowski With The Philadelphia Orchestra,1,A,2,,The Nutcracker Suite (Part 1) - Dance Of The Sugar Plum Fairy,
LP7410051,Walt Disney's Fantasia,Leopold Stokowski With The Philadelphia Orchestra,1,A,3,,The Nutcracker Suite (Part 1) - Chinese Dance,
LP7410051,Walt Disney's Fantasia,Leopold Stokowski With The Philadelphia Orchestra,1,A,4,,The Nutcracker Suite (Part 1) - Dance Of The Reed Flutes,
LP7410051,Walt Disney's Fantasia,Leopold Stokowski With The Philadelphia Orchestra,1,A,5,,"The Nutcracker Suite (Part 1) - Arabian Dance
",
LP7410051,Walt Disney's Fantasia,Leopold Stokowski With The Philadelphia Orchestra,1,B,1,,The Nutcracker Suite (Part 2) - Russian Dance,
LP7410051,Walt Disney's Fantasia,Leopold Stokowski With The Philadelphia Orchestra,1,B,2,,The Nutcracker Suite (Part 2) - Waltz Of The Flowers,
LP7410051,Walt Disney's Fantasia,Leopold Stokowski With The Philadelphia Orchestra,1,B,3,,The Sorcerer's Apprentice,
LP7410051,Walt Disney's Fantasia,Leopold Stokowski With The Philadelphia Orchestra,1,C,1,,Rite Of Spring,
LP7410051,Walt Disney's Fantasia,Leopold Stokowski With The Philadelphia Orchestra,1,D,1,,The Pastoral Symphony (The Sixth),
LP7410051,Walt Disney's Fantasia,Leopold Stokowski With The Philadelphia Orchestra,1,E,1,,Dance Of The Hours,
LP7410051,Walt Disney's Fantasia,Leopold Stokowski With The Philadelphia Orchestra,1,F,1,,Night On Bald Mountain,
LP7410051,Walt Disney's Fantasia,Leopold Stokowski With The Philadelphia Orchestra,1,F,2,,Ave Maria,
LP7410052,The Little Drummer Boy,The Abbey Choir,1,A,1,,The Little Drummer Boy,
LP7410052,The Little Drummer Boy,The Abbey Choir,1,A,2,,Silent Night,
LP7410052,The Little Drummer Boy,The Abbey Choir,1,A,3,,O Come All Ye Faithful,
LP7410052,The Little Drummer Boy,The Abbey Choir,1,A,4,,The Twelve Days Of Christmas,
LP7410052,The Little Drummer Boy,The Abbey Choir,1,A,5,,As With Gladness Men Of Old,
LP7410052,The Little Drummer Boy,The Abbey Choir,1,A,6,,God Rest Ye Merry Gentlemen,
LP7410052,The Little Drummer Boy,The Abbey Choir,1,B,1,,Christians Awake,
LP7410052,The Little Drummer Boy,The Abbey Choir,1,B,2,,The Wassail Song,
LP7410052,The Little Drummer Boy,The Abbey Choir,1,B,3,,While Shepherds Watched Their Flocks,
LP7410052,The Little Drummer Boy,The Abbey Choir,1,B,4,,Once In Royal David's City,
LP7410052,The Little Drummer Boy,The Abbey Choir,1,B,5,,The Holly And The Ivy,
LP7410052,The Little Drummer Boy,The Abbey Choir,1,B,6,,Angels From The Realms Of Glory,
LP7410052,The Little Drummer Boy,The Abbey Choir,1,B,7,,Ave Maria,
028941736215,Anniversary,Pavarotti,1,A,1,,Che Gelida Manina,4:39
028941736215,Anniversary,Pavarotti,1,A,2,,Colpito Qui Mavete... Un Di All'Azzurro Spazio,5:04
028941736215,Anniversary,Pavarotti,1,A,3,,"Sì, Fui Soldado",2:09
028941736215,Anniversary,Pavarotti,1,A,4,,Come Un Bel Di Di Maggio,2:51
028941736215,Anniversary,Pavarotti,1,A,5,,Ah! Perche Non Posso Odiarti,3:43
028941736215,Anniversary,Pavarotti,1,A,6,,Cielo E Mar!,5:22
028941736215,Anniversary,Pavarotti,1,A,7,,Lunge Da Lei... De Miei Bollenti Spiriti,3:51
028941736215,Anniversary,Pavarotti,1,A,8,,Recitar!... Vesti La Giubba,4:05
028941736215,Anniversary,Pavarotti,1,A,9,,Di Tu Se Fedele,3:04
028941736215,Anniversary,Pavarotti,1,B,1,,Forse La Soglia Attinse... Ma Se Me Forza Perderti,5:33
028941736215,Anniversary,Pavarotti,1,B,2,,"Dai Campi, Dai Prati",2:30
028941736215,Anniversary,Pavarotti,1,B,3,,Giunto Sul Passo Estremo,3:27
028941736215,Anniversary,Pavarotti,1,B,4,,Non Mi Lasciare... Oh Muto Asil,11:31
028941736215,Anniversary,Pavarotti,1,B,5,,Recondita Armonia,3:04
028941736215,Anniversary,Pavarotti,1,B,6,,E Lucevan Le Stelle,3:10
028941736215,Anniversary,Pavarotti,1,B,7,,Addio Alla Madre,5:08
LP7410053,The King And I (Original Cast Album),"Rodgers And Hammerstein*, Yul Brynner, Gertrude Lawrence ",1,A,1,,The King And I Orchestra*–Overture,
LP7410053,The King And I (Original Cast Album),"Rodgers And Hammerstein*, Yul Brynner, Gertrude Lawrence ",1,A,2,,Gertrude Lawrence–I Whistle A Happy Tune,
LP7410053,The King And I (Original Cast Album),"Rodgers And Hammerstein*, Yul Brynner, Gertrude Lawrence ",1,A,3,,Doretta Morrow–My Lord And Master,
LP7410053,The King And I (Original Cast Album),"Rodgers And Hammerstein*, Yul Brynner, Gertrude Lawrence ",1,A,4,,Gertrude Lawrence–Hello Young Lovers,
LP7410053,The King And I (Original Cast Album),"Rodgers And Hammerstein*, Yul Brynner, Gertrude Lawrence ",1,A,5,,The King And I Orchestra*–March Of The Siamese Children,
LP7410053,The King And I (Original Cast Album),"Rodgers And Hammerstein*, Yul Brynner, Gertrude Lawrence ",1,A,6,,Yul Brynner–A Puzzlement,
LP7410053,The King And I (Original Cast Album),"Rodgers And Hammerstein*, Yul Brynner, Gertrude Lawrence ",1,B,1,,Gertrude Lawrence–Getting To Know You,
LP7410053,The King And I (Original Cast Album),"Rodgers And Hammerstein*, Yul Brynner, Gertrude Lawrence ",1,B,2,,Doretta Morrow And Larry Douglas (5)–We Kiss In A Shadow,
LP7410053,The King And I (Original Cast Album),"Rodgers And Hammerstein*, Yul Brynner, Gertrude Lawrence ",1,B,3,,Gertrude Lawrence–Shall I Tell You What I Think Of You?,
LP7410053,The King And I (Original Cast Album),"Rodgers And Hammerstein*, Yul Brynner, Gertrude Lawrence ",1,B,4,,Dorothy Sarnoff–Something Wonderful,
LP7410053,The King And I (Original Cast Album),"Rodgers And Hammerstein*, Yul Brynner, Gertrude Lawrence ",1,B,5,,Doretta Morrow And Larry Douglas (5)–I Have Dreamed,
LP7410053,The King And I (Original Cast Album),"Rodgers And Hammerstein*, Yul Brynner, Gertrude Lawrence ",1,B,6,,Gertrude Lawrence And Yul Brynner–Shall We Dance?,
LP7410054,Frohe Weihnacht,Kinderchor Angelika Geiseler,1,A,1,,"Ihr Kinderlein, Kommet",
LP7410054,Frohe Weihnacht,Kinderchor Angelika Geiseler,1,A,2,,Süsser Die Glocken Nie Klingen,
LP7410054,Frohe Weihnacht,Kinderchor Angelika Geiseler,1,A,3,,,
LP7410054,Frohe Weihnacht,Kinderchor Angelika Geiseler,1,A,3,,O Tannenbaum,
LP7410054,Frohe Weihnacht,Kinderchor Angelika Geiseler,1,A,4,,In Dulci Jubilo,
LP7410054,Frohe Weihnacht,Kinderchor Angelika Geiseler,1,A,5,,Vom Himmel Hoch,
LP7410054,Frohe Weihnacht,Kinderchor Angelika Geiseler,1,A,6,,Es Ist Ein Ros' Entsprungen,
LP7410054,Frohe Weihnacht,Kinderchor Angelika Geiseler,1,B,1,,"Stille Nacht, Heilige Nacht",
LP7410054,Frohe Weihnacht,Kinderchor Angelika Geiseler,1,B,2,,"Still, Weil's Kindlein Schlafen Will",
LP7410054,Frohe Weihnacht,Kinderchor Angelika Geiseler,1,B,3,,Leise Rieselt Der Schnee,
LP7410054,Frohe Weihnacht,Kinderchor Angelika Geiseler,1,B,4,,"Kommet, Ihr Hirten",
LP7410054,Frohe Weihnacht,Kinderchor Angelika Geiseler,1,B,5,,"O, Du Fröhliche",
LP7410054,Frohe Weihnacht,Kinderchor Angelika Geiseler,1,B,6,,Alle Jahre Wieder,
LP7410055,Édesanyám lelkem...,Szeleczky Zita,1,A,1,,Ha Visszatekintek,
LP7410055,Édesanyám lelkem...,Szeleczky Zita,1,A,2,,Ezüsthaját Simogatom,
LP7410055,Édesanyám lelkem...,Szeleczky Zita,1,A,3,,Anyák Napján,
LP7410055,Édesanyám lelkem...,Szeleczky Zita,1,A,4,,Távolból,
LP7410055,Édesanyám lelkem...,Szeleczky Zita,1,A,5,,Füstbe Ment Terv,
LP7410055,Édesanyám lelkem...,Szeleczky Zita,1,A,6,,Emlékeztető,
LP7410055,Édesanyám lelkem...,Szeleczky Zita,1,A,7,,Édes Anyámnak,
LP7410055,Édesanyám lelkem...,Szeleczky Zita,1,A,8,,Édesanyám Is Volt Nékem,
LP7410055,Édesanyám lelkem...,Szeleczky Zita,1,A,9,,Szerenád Odatúlra,
LP7410055,Édesanyám lelkem...,Szeleczky Zita,1,A,10,,Anyám Dalol,
LP7410055,Édesanyám lelkem...,Szeleczky Zita,1,A,11,,"Néha, Néha Visszajönnek",
LP7410055,Édesanyám lelkem...,Szeleczky Zita,1,B,1,,Imakönyvem,
LP7410055,Édesanyám lelkem...,Szeleczky Zita,1,B,2,,"Messze Falu, Kicsi Templom",
LP7410055,Édesanyám lelkem...,Szeleczky Zita,1,B,3,,Édesanyám,
LP7410055,Édesanyám lelkem...,Szeleczky Zita,1,B,4,,Amikor Én Fehérhajú,
LP7410055,Édesanyám lelkem...,Szeleczky Zita,1,B,5,,Virágok Anyám Sírján,
LP7410055,Édesanyám lelkem...,Szeleczky Zita,1,B,6,,Anyám Szíve,
LP7410055,Édesanyám lelkem...,Szeleczky Zita,1,B,7,,"Kalács, Keddi Kalács",
LP7410055,Édesanyám lelkem...,Szeleczky Zita,1,B,8,,"Elmész Fiam, Járj Békével",
LP7410055,Édesanyám lelkem...,Szeleczky Zita,1,B,9,,Édes Anyánk,
LP7410055,Édesanyám lelkem...,Szeleczky Zita,1,B,10,,Írom Ezt A Levelet,
LP7410055,Édesanyám lelkem...,Szeleczky Zita,1,B,11,,Édesanyám: Magyarország,
LP7410056,Bolero / Tombeau / Alborada,"Ormandy Conducts Ravel, The Philadelphia Orchestra",1,B,1,,Bolero,15:06
LP7410056,Bolero / Tombeau / Alborada,"Ormandy Conducts Ravel, The Philadelphia Orchestra",1,A,2,,Le Tombeau De Couperin,17:20
LP7410056,Bolero / Tombeau / Alborada,"Ormandy Conducts Ravel, The Philadelphia Orchestra",1,B,2,,Alborada Del Gracioso,6:51
078635419412,Hooked On Classics,Louis Clark Conducting The Royal Philharmonic Orchestra,1,A,1,,Hooked On Classics Parts 1 & 2,5:02
078635419412,Hooked On Classics,Louis Clark Conducting The Royal Philharmonic Orchestra,1,A,2,,Piano Concerto No. 1,
078635419412,Hooked On Classics,Louis Clark Conducting The Royal Philharmonic Orchestra,1,A,3,,Flight Of The Bumble Bee,
078635419412,Hooked On Classics,Louis Clark Conducting The Royal Philharmonic Orchestra,1,A,4,,Symphony No. 40,
078635419412,Hooked On Classics,Louis Clark Conducting The Royal Philharmonic Orchestra,1,A,5,,Rhapsody In Blue,
078635419412,Hooked On Classics,Louis Clark Conducting The Royal Philharmonic Orchestra,1,A,6,,Karelia Suite,
078635419412,Hooked On Classics,Louis Clark Conducting The Royal Philharmonic Orchestra,1,A,7,,Symphony No. 5,
078635419412,Hooked On Classics,Louis Clark Conducting The Royal Philharmonic Orchestra,1,A,8,,Toccata,
078635419412,Hooked On Classics,Louis Clark Conducting The Royal Philharmonic Orchestra,1,A,9,,Eine Kleine Nachtmusik (1st Movt.),
078635419412,Hooked On Classics,Louis Clark Conducting The Royal Philharmonic Orchestra,1,A,10,,Symphony No. 9,
078635419412,Hooked On Classics,Louis Clark Conducting The Royal Philharmonic Orchestra,1,A,11,,William Tell Overture,
078635419412,Hooked On Classics,Louis Clark Conducting The Royal Philharmonic Orchestra,1,A,12,,"Aria From ""The Marriage Of Figaro""",
078635419412,Hooked On Classics,Louis Clark Conducting The Royal Philharmonic Orchestra,1,A,13,,Romeo & Juliet,
078635419412,Hooked On Classics,Louis Clark Conducting The Royal Philharmonic Orchestra,1,A,14,,Trumpet Voluntary,
078635419412,Hooked On Classics,Louis Clark Conducting The Royal Philharmonic Orchestra,1,A,15,,Hallelujah Chorus,
078635419412,Hooked On Classics,Louis Clark Conducting The Royal Philharmonic Orchestra,1,A,16,,Piano Concerto In 'A' Minor,
078635419412,Hooked On Classics,Louis Clark Conducting The Royal Philharmonic Orchestra,1,A,17,,March Of The Toreadors,
078635419412,Hooked On Classics,Louis Clark Conducting The Royal Philharmonic Orchestra,1,A,18,,1812 Overture,
078635419412,Hooked On Classics,Louis Clark Conducting The Royal Philharmonic Orchestra,1,A,19,,Hooked On Romance,6:41
078635419412,Hooked On Classics,Louis Clark Conducting The Royal Philharmonic Orchestra,1,A,20,,Air From Suite No. 3 (Air For The 'G' Sting),
078635419412,Hooked On Classics,Louis Clark Conducting The Royal Philharmonic Orchestra,1,A,21,,Ave Maria,
078635419412,Hooked On Classics,Louis Clark Conducting The Royal Philharmonic Orchestra,1,A,22,,Liebestraum,
078635419412,Hooked On Classics,Louis Clark Conducting The Royal Philharmonic Orchestra,1,A,23,,"3rd Movt. Of Symphony No, 9",
078635419412,Hooked On Classics,Louis Clark Conducting The Royal Philharmonic Orchestra,1,A,24,,"18th Variation From ""Rhapsody On A Theme By Pagannini""",
078635419412,Hooked On Classics,Louis Clark Conducting The Royal Philharmonic Orchestra,1,A,25,,Moonlight Sonata (1st Movt.),
078635419412,Hooked On Classics,Louis Clark Conducting The Royal Philharmonic Orchestra,1,A,26,,Pathetique Sonata (2nd Movt.),
078635419412,Hooked On Classics,Louis Clark Conducting The Royal Philharmonic Orchestra,1,A,27,,Clarinet Concerto (2nd Movt.),
078635419412,Hooked On Classics,Louis Clark Conducting The Royal Philharmonic Orchestra,1,A,28,,Largo,
078635419412,Hooked On Classics,Louis Clark Conducting The Royal Philharmonic Orchestra,1,A,29,,Hooked On Classics Part 3,6:07
078635419412,Hooked On Classics,Louis Clark Conducting The Royal Philharmonic Orchestra,1,A,30,,"Wedding March (From A ""Midsummer Night's Dream"")",
078635419412,Hooked On Classics,Louis Clark Conducting The Royal Philharmonic Orchestra,1,A,31,,Radetsky March,
078635419412,Hooked On Classics,Louis Clark Conducting The Royal Philharmonic Orchestra,1,A,32,,Toccata (Op. 42 No. 5),
078635419412,Hooked On Classics,Louis Clark Conducting The Royal Philharmonic Orchestra,1,A,33,,"Alla Hornpipe (From ""The Water Music"")",
078635419412,Hooked On Classics,Louis Clark Conducting The Royal Philharmonic Orchestra,1,A,34,,Humoresque,
078635419412,Hooked On Classics,Louis Clark Conducting The Royal Philharmonic Orchestra,1,A,35,,Lullaby,
078635419412,Hooked On Classics,Louis Clark Conducting The Royal Philharmonic Orchestra,1,A,36,,Arrival Of The Queen Of Sheba (Sinfonia From Act 3 Of Solomon),
078635419412,Hooked On Classics,Louis Clark Conducting The Royal Philharmonic Orchestra,1,A,37,,"Promenade From ""Pictures From A Exhibition""",
078635419412,Hooked On Classics,Louis Clark Conducting The Royal Philharmonic Orchestra,1,A,38,,In The Hall Of The Mountain King (From Peer Gynt Suite No. 1),
078635419412,Hooked On Classics,Louis Clark Conducting The Royal Philharmonic Orchestra,1,A,39,,Caprice No. 21,
078635419412,Hooked On Classics,Louis Clark Conducting The Royal Philharmonic Orchestra,1,A,40,,The Ride Of The Valkyries,
078635419412,Hooked On Classics,Louis Clark Conducting The Royal Philharmonic Orchestra,1,A,41,,Fingle's Cave (The Hebrides Overture),
078635419412,Hooked On Classics,Louis Clark Conducting The Royal Philharmonic Orchestra,1,A,42,,Military March,
078635419412,Hooked On Classics,Louis Clark Conducting The Royal Philharmonic Orchestra,1,A,42,,Military March,
078635419412,Hooked On Classics,Louis Clark Conducting The Royal Philharmonic Orchestra,1,A,43,,Polonaise In 'A',
078635419412,Hooked On Classics,Louis Clark Conducting The Royal Philharmonic Orchestra,1,A,44,,Italian Symphony (1st Movt.),
078635419412,Hooked On Classics,Louis Clark Conducting The Royal Philharmonic Orchestra,1,A,45,,Light Cavalry Overture,
078635419412,Hooked On Classics,Louis Clark Conducting The Royal Philharmonic Orchestra,1,A,46,,Farandole (From L'Artésienne Suite No. 2),
078635419412,Hooked On Classics,Louis Clark Conducting The Royal Philharmonic Orchestra,1,A,47,,"Largo From ""The New World Symphony""",
078635419412,Hooked On Classics,Louis Clark Conducting The Royal Philharmonic Orchestra,1,A,48,,"Prelude To Act 3 Of ""Lohengrin""",
078635419412,Hooked On Classics,Louis Clark Conducting The Royal Philharmonic Orchestra,1,A,49,,Hooked On Bach,5:52
078635419412,Hooked On Classics,Louis Clark Conducting The Royal Philharmonic Orchestra,1,A,50,,Ave Maria,
078635419412,Hooked On Classics,Louis Clark Conducting The Royal Philharmonic Orchestra,1,A,51,,Minuet (From The Notebook Of Anna Magdelena Bach),
078635419412,Hooked On Classics,Louis Clark Conducting The Royal Philharmonic Orchestra,1,A,52,,Badinerie (From Orchestral Suite No. 2),
078635419412,Hooked On Classics,Louis Clark Conducting The Royal Philharmonic Orchestra,1,A,53,,Brandenburg Concerto No. 3 (1st Movt.),
078635419412,Hooked On Classics,Louis Clark Conducting The Royal Philharmonic Orchestra,1,A,54,,Brandenburg Concerto No. 2 (1st Movt.),
078635419412,Hooked On Classics,Louis Clark Conducting The Royal Philharmonic Orchestra,1,A,55,,Choral From St. Matthew Passion (Erken Ne Mich Mein Hüter),
078635419412,Hooked On Classics,Louis Clark Conducting The Royal Philharmonic Orchestra,1,A,56,,Bourée No. 2 (From Orchestral Suite No. 2),
078635419412,Hooked On Classics,Louis Clark Conducting The Royal Philharmonic Orchestra,1,A,57,,Bourée No. 1 (From Orchestral Suite No. 2),
078635419412,Hooked On Classics,Louis Clark Conducting The Royal Philharmonic Orchestra,1,A,58,,Gavotte (From Orchestral Suite No. 3),
078635419412,Hooked On Classics,Louis Clark Conducting The Royal Philharmonic Orchestra,1,A,59,,Musette,
078635419412,Hooked On Classics,Louis Clark Conducting The Royal Philharmonic Orchestra,1,A,60,,March,
078635419412,Hooked On Classics,Louis Clark Conducting The Royal Philharmonic Orchestra,1,A,61,,"Gavotte (From ""French Suite No. 5"")",
078635419412,Hooked On Classics,Louis Clark Conducting The Royal Philharmonic Orchestra,1,A,62,,"Chorale Prelude ""Wachet Auf"" (Sleepers Wake)",
078635419412,Hooked On Classics,Louis Clark Conducting The Royal Philharmonic Orchestra,1,A,63,,Ave Maria,
078635419412,Hooked On Classics,Louis Clark Conducting The Royal Philharmonic Orchestra,1,B,1,,Hooked On Tchaikovsky,5.25
078635419412,Hooked On Classics,Louis Clark Conducting The Royal Philharmonic Orchestra,1,B,2,,Capriccio Italien (Introduction),
078635419412,Hooked On Classics,Louis Clark Conducting The Royal Philharmonic Orchestra,1,B,3,,Swan Lake,
078635419412,Hooked On Classics,Louis Clark Conducting The Royal Philharmonic Orchestra,1,B,4,,"Dance Of The Reed Flutes (From ""The Nutcracker Suite"")",
078635419412,Hooked On Classics,Louis Clark Conducting The Royal Philharmonic Orchestra,1,B,5,,Romeo & Juliet Fantasy Overture,
078635419412,Hooked On Classics,Louis Clark Conducting The Royal Philharmonic Orchestra,1,B,6,,"Theme From 1st Movt. Of ""Pathetique"" Symphony",
078635419412,Hooked On Classics,Louis Clark Conducting The Royal Philharmonic Orchestra,1,B,7,,"Russian Dance ""Trepak"" (From ""The Nutcracker Suite"")",
078635419412,Hooked On Classics,Louis Clark Conducting The Royal Philharmonic Orchestra,1,B,8,,"Dance Of The Sugar-Plum Fairy (From ""The Nutcracker Suite"")",
078635419412,Hooked On Classics,Louis Clark Conducting The Royal Philharmonic Orchestra,1,B,9,,"March (From ""The Nutcracker Suite"")",
078635419412,Hooked On Classics,Louis Clark Conducting The Royal Philharmonic Orchestra,1,B,10,,"Chinese Dance (From ""The Nutcracker Suite"")",
078635419412,Hooked On Classics,Louis Clark Conducting The Royal Philharmonic Orchestra,1,B,11,,"Miniature Overture (From ""The Nutcracker Suite"")",
078635419412,Hooked On Classics,Louis Clark Conducting The Royal Philharmonic Orchestra,1,B,12,,Theme From Piano Concerto No. 1 In 'B' Flat Minor,
078635419412,Hooked On Classics,Louis Clark Conducting The Royal Philharmonic Orchestra,1,B,13,,Capriccio Italien (Finale),
078635419412,Hooked On Classics,Louis Clark Conducting The Royal Philharmonic Orchestra,1,B,14,,Hooked On A Song,5:13
078635419412,Hooked On Classics,Louis Clark Conducting The Royal Philharmonic Orchestra,1,B,15,,"Toreador Song (From ""Carmen"")",
078635419412,Hooked On Classics,Louis Clark Conducting The Royal Philharmonic Orchestra,1,B,16,,Funiculi Funiculá,
078635419412,Hooked On Classics,Louis Clark Conducting The Royal Philharmonic Orchestra,1,B,17,,Tarantella Napoletana,
078635419412,Hooked On Classics,Louis Clark Conducting The Royal Philharmonic Orchestra,1,B,18,,Polovtsian Dances,
078635419412,Hooked On Classics,Louis Clark Conducting The Royal Philharmonic Orchestra,1,B,19,,Dance Of The Hours,
078635419412,Hooked On Classics,Louis Clark Conducting The Royal Philharmonic Orchestra,1,B,20,,"Habanera (From ""Carmen"")",
078635419412,Hooked On Classics,Louis Clark Conducting The Royal Philharmonic Orchestra,1,B,21,,Neapolitan Serenade,
078635419412,Hooked On Classics,Louis Clark Conducting The Royal Philharmonic Orchestra,1,B,22,,"Aria From ""Madame Butterfly""",
078635419412,Hooked On Classics,Louis Clark Conducting The Royal Philharmonic Orchestra,1,B,23,,"Anvil Chorus (From ""Il Trovatore"")",
078635419412,Hooked On Classics,Louis Clark Conducting The Royal Philharmonic Orchestra,1,B,24,,Toreador Song (Reprise),
078635419412,Hooked On Classics,Louis Clark Conducting The Royal Philharmonic Orchestra,1,B,25,,Hooked On Mozart,4:12
078635419412,Hooked On Classics,Louis Clark Conducting The Royal Philharmonic Orchestra,1,B,26,,"Rondo All Turca (Turkish March, From Sonata In A)",
078635419412,Hooked On Classics,Louis Clark Conducting The Royal Philharmonic Orchestra,1,B,27,,Piano Sonata In C Major (1st Subject),
078635419412,Hooked On Classics,Louis Clark Conducting The Royal Philharmonic Orchestra,1,B,28,,Eine Kleine Nachtmusik (2nd Movt.),
078635419412,Hooked On Classics,Louis Clark Conducting The Royal Philharmonic Orchestra,1,B,29,,Piano Concerto No. 21,
078635419412,Hooked On Classics,Louis Clark Conducting The Royal Philharmonic Orchestra,1,B,30,,Piano Sonata In C Major (2nd Subject),
078635419412,Hooked On Classics,Louis Clark Conducting The Royal Philharmonic Orchestra,1,B,31,,A Musical Joke,
078635419412,Hooked On Classics,Louis Clark Conducting The Royal Philharmonic Orchestra,1,B,32,,"Aria From ""The Marriage Of Figaro""",
078635419412,Hooked On Classics,Louis Clark Conducting The Royal Philharmonic Orchestra,1,B,33,,"Overture From ""The Marriage Of Figaro""",
078635419412,Hooked On Classics,Louis Clark Conducting The Royal Philharmonic Orchestra,1,B,34,,Eine Kliene Nachtmusik (4th Movt.),
078635419412,Hooked On Classics,Louis Clark Conducting The Royal Philharmonic Orchestra,1,B,35,,"Overture From ""The Magic Flute""",
078635419412,Hooked On Classics,Louis Clark Conducting The Royal Philharmonic Orchestra,1,B,36,,Horn Concerto In E Flat,
078635419412,Hooked On Classics,Louis Clark Conducting The Royal Philharmonic Orchestra,1,B,37,,Jupiter Symphony (1st Movt.),
078635419412,Hooked On Classics,Louis Clark Conducting The Royal Philharmonic Orchestra,1,B,38,,Hooked On Mendelssohn,4:22
078635419412,Hooked On Classics,Louis Clark Conducting The Royal Philharmonic Orchestra,1,B,39,,Violin Concerto In E Minor (3rd Movt.),
078635419412,Hooked On Classics,Louis Clark Conducting The Royal Philharmonic Orchestra,1,B,40,,Scherzo From Octet Op. 20,
078635419412,Hooked On Classics,Louis Clark Conducting The Royal Philharmonic Orchestra,1,B,41,,Violin Concerto In E Minor (Continuation),
078635419412,Hooked On Classics,Louis Clark Conducting The Royal Philharmonic Orchestra,1,B,42,,"Hooked On A Can Can	",4:56
078635419412,Hooked On Classics,Louis Clark Conducting The Royal Philharmonic Orchestra,1,B,43,,Orpheus In The Underworld (Can Can),
078635419412,Hooked On Classics,Louis Clark Conducting The Royal Philharmonic Orchestra,1,B,44,,Thunder & Lightning Polka,
078635419412,Hooked On Classics,Louis Clark Conducting The Royal Philharmonic Orchestra,1,B,45,,Hungarian Dance,
078635419412,Hooked On Classics,Louis Clark Conducting The Royal Philharmonic Orchestra,1,B,46,,Tritsch Tratsch Polka,
078635419412,Hooked On Classics,Louis Clark Conducting The Royal Philharmonic Orchestra,1,B,47,,La Vie Parisienne,
078635419412,Hooked On Classics,Louis Clark Conducting The Royal Philharmonic Orchestra,1,B,48,,"Gallop From ""The Dance Of The Hours""",
078635419412,Hooked On Classics,Louis Clark Conducting The Royal Philharmonic Orchestra,1,B,49,,Czardas,
078635419412,Hooked On Classics,Louis Clark Conducting The Royal Philharmonic Orchestra,1,B,50,,La Vie Parisienne,
078635419412,Hooked On Classics,Louis Clark Conducting The Royal Philharmonic Orchestra,1,B,51,,The Poet & The Peasant Overture,
078635419412,Hooked On Classics,Louis Clark Conducting The Royal Philharmonic Orchestra,1,B,52,,Can Can Reprise,
LP7410057,The New German Beer Drinking Songs,Various,1,A,1,,"Singe, Wem Gesang Gegeben	",3:21
LP7410057,The New German Beer Drinking Songs,Various,1,A,2,,Ein Bisschen Blau,2:40
LP7410057,The New German Beer Drinking Songs,Various,1,A,3,,Einmal Wirst Auch Du,2:00
LP7410057,The New German Beer Drinking Songs,Various,1,A,4,,Puste Mal,2:47
LP7410057,The New German Beer Drinking Songs,Various,1,A,5,,Früher War Das Anders,2:35
LP7410057,The New German Beer Drinking Songs,Various,1,A,6,,Gib Dem Kind Sein Nüddelchen,2:15
LP7410057,The New German Beer Drinking Songs,Various,1,B,1,,"Juja-Juja, Hütchen Auf",2:41
LP7410057,The New German Beer Drinking Songs,Various,1,B,2,,Das Wäre Alles Nicht Gescheh'n,2:02
LP7410057,The New German Beer Drinking Songs,Various,1,B,3,,Wenn Eine Alte Scheune Brennt,2:27
LP7410057,The New German Beer Drinking Songs,Various,1,B,4,,Uns Marie,2:37
LP7410057,The New German Beer Drinking Songs,Various,1,B,5,,Überall Gibt's Schöne Mädchen,2:12
LP7410057,The New German Beer Drinking Songs,Various,1,B,6,,Ich Hab' Mir Vorgenommen,2:41
LP7410058,Bizet Carmen - Highlights,Orchestre National de la Radiodiffusion Française,1,A,1,,Prelude & Act 1 (Beginning),
LP7410058,Bizet Carmen - Highlights,Orchestre National de la Radiodiffusion Française,1,B,1,,Act III (Concluson) / Act IV,
LP7410058,Bizet Carmen - Highlights,Orchestre National de la Radiodiffusion Française,2,A,1,,Act I: Conclusion,
LP7410058,Bizet Carmen - Highlights,Orchestre National de la Radiodiffusion Française,2,B,1,,Act II (Continued),
LP7410058,Bizet Carmen - Highlights,Orchestre National de la Radiodiffusion Française,3,A,1,,Act II (Beginning),
LP7410058,Bizet Carmen - Highlights,Orchestre National de la Radiodiffusion Française,3,B,1,,Act II (Conclusion) / Act III (Beginning),
23684,Paranoia,Rennie Pilgrem Presents,1,A,1,,Paranoia,
23684,Paranoia,Rennie Pilgrem Presents,1,A,2,,Soundbwoy (Latin Underground Productions Rmx),
23684,Paranoia,Rennie Pilgrem Presents,1,B,1,,Crispy,
792826901301,NY Jungle EP,Various,1,A,1,,Jason Jinx–Gonna Be,
792826901301,NY Jungle EP,Various,1,A,2,,"Dog Boy (2) & The ""D""–Warrior's Theme",
792826901301,NY Jungle EP,Various,1,B,1,,"Soul Slinger*–	Jungle Bossa Nova",
792826901301,NY Jungle EP,Various,1,B,2,,Look Jerk Sound System–Mother,
792826904906,The Beat Is Over (Everything's Gone To The Beat),Basco vs. The Electroliners,1,A,1,,The Beat Is Over (Everything's Gone To The Beat) (Original Mix),
792826904906,The Beat Is Over (Everything's Gone To The Beat),Basco vs. The Electroliners,1,A,2,,The Beat Is Over (Everything's Gone To The Beat) (Electroliners Mix),
15719,Ride The Pony,Peplab,1,A,1,,Ride The Pony (Original Mix),
15719,Ride The Pony,Peplab,1,A,2,,Ride The Pony (Skip The Guitar Mix),
15719,Ride The Pony,Peplab,1,B,1,,"Ride The Pony (Norman Cook Dub The Pony)
45 rpm",
075992132800,Personal Jesus,Depech Mode,1,A,1,,Personal Jesus (Holier Than Thou Approach Mix),5:43
075992132800,Personal Jesus,Depech Mode,1,A,2,,"Personal Jesus (7"" Version)",3:43
075992132800,Personal Jesus,Depech Mode,1,B,1,,Personal Jesus (Pump Mix),7:19
075992132800,Personal Jesus,Depech Mode,1,B,2,,Dangerous (Hazchemix),5:35
075992132800,Personal Jesus,Depech Mode,1,B,3,,"Dangerous (7"" Version)",4:19
075679653703,Back To Life (Club Mix),Soul II Soul,1,A,1,,"Back To Life (12"" Mix)	",7:37
075679653703,Back To Life (Club Mix),Soul II Soul,1,A,2,,"Back To Life (A Cappella Intro Version)	",3:29
075679653703,Back To Life (Club Mix),Soul II Soul,1,A,3,,Back To Life (LP Version),3:50
075679653703,Back To Life (Club Mix),Soul II Soul,1,B,1,,Back To Life (Jam & The Groove),5:08
075679653703,Back To Life (Club Mix),Soul II Soul,1,B,2,,Back To Life (Bonus Beats),4:38
LP7410059,Paranoid,Black Sabbath,1,A,1,,War Pigs / Luke's Wall,7:55
LP7410059,Paranoid,Black Sabbath,1,A,2,,Paranoid,2:50
LP7410059,Paranoid,Black Sabbath,1,A,3,,"Planet Caravan	",4:30
LP7410059,Paranoid,Black Sabbath,1,A,4,,Iron Man,6:00
LP7410059,Paranoid,Black Sabbath,1,B,1,,Electric Funeral,4:50
LP7410059,Paranoid,Black Sabbath,1,B,2,,"Hand Of Doom	",7:10
LP7410059,Paranoid,Black Sabbath,1,B,3,,Rat Salad,2:30
LP7410059,Paranoid,Black Sabbath,1,B,4,,"Jack The Stripper / Fairies Wear Boots	",6:15
042288393719,Boys Don't Cry (New Voice - Club Mix),The Cure,1,A,1,,"Boys Don't Cry (Resung And Club Mixed Feb '86 Extended 12"" Dance Version)",5:28
042288393719,Boys Don't Cry (New Voice - Club Mix),The Cure,1,B,1,,Pillbox Tales,2:53
042288393719,Boys Don't Cry (New Voice - Club Mix),The Cure,1,B,2,,Do The Hansa,2:40
075596670401,Fascination Street,The Cure,1,A,1,,Fascination Street (Extended Remix),8:48
075596670401,Fascination Street,The Cure,1,B,1,,Babble,4:16
075596670401,Fascination Street,The Cure,1,B,2,,Out Of Mind,3:51
LP7410060,Tectonics,Adam Freeland,1,A,1,,Beber–Juvenile Delinquent (Tectonic Mix),
LP7410060,Tectonics,Adam Freeland,1,B,1,,Ils–Tectonics,
LP7410060,Tectonics,Adam Freeland,1,B,2,,Belushi–Going Nowhere Fast (Waveform Mix),
LP7410060,Tectonics,Adam Freeland,2,A,1,,Vigi & Flip–Freak Frequency,
LP7410060,Tectonics,Adam Freeland,2,B,1,,Makesome Breaksome–Pig Chase,
LP7410060,Tectonics,Adam Freeland,3,A,1,,Motion Unit–My Mind,
LP7410060,Tectonics,Adam Freeland,3,B,1,,3 Mile Island–Liposuction,
LP7410060,Tectonics,Adam Freeland,3,B,2,,Leuroj–Isokora (Bushwacka! Mix),
5029684033567,Gotta Get It,Freaky Jalapeno,1,A,1,,Gotta Get It,
5029684033567,Gotta Get It,Freaky Jalapeno,1,B,1,,Gotta Get It (Soul Of Man Rmx),
601215835014,You Know My Name,South Park Mexican,1,A,1,,"You Know My Name (Album Version)	",4:41
601215835014,You Know My Name,South Park Mexican,1,A,2,,You Know My Name (Radio Edit),3:59
601215835014,You Know My Name,South Park Mexican,1,B,1,,You Know My Name (Instrumental),4:44
601215835014,You Know My Name,South Park Mexican,1,B,2,,You Know My Name (Acappella),4:09
14287,The E.P.,DJ's Friction & Spice,1,A,1,,Go With The Flow,
14287,The E.P.,DJ's Friction & Spice,1,A,2,,Explorations,
14287,The E.P.,DJ's Friction & Spice,1,B,1,,Dark Knight,
5019148215561,New Kick E.P.,Shizuo/Give UP,1,A,1,,New Kick,2:39
5019148215561,New Kick E.P.,Shizuo/Give UP,1,A,2,,The Man,4:47
5019148215561,New Kick E.P.,Shizuo/Give UP,1,B,1,,The Hooker,5:14
5019148215561,New Kick E.P.,Shizuo/Give UP,1,B,2,,The Nutter,6:20
17192,Can You Feel It,Chris Gallagher,1,A,1,,Can U Feel It (DJ X Remix),
17192,Can You Feel It,Chris Gallagher,1,B,1,,Can U Feel It (The P.S.R.P Productions Remix),
016861196912,Go Get On It,Southside Reverb,1,A,1,,Go Get On It (Kingsize Vs. Rob Razor),6:33
016861196912,Go Get On It,Southside Reverb,1,A,2,,Here We Go (CZR's Green Light Mix),5:45
016861196912,Go Get On It,Southside Reverb,1,B,1,,Go Get On It,6:00
016861196912,Go Get On It,Southside Reverb,1,B,2,,Go Get On It (The DR 4 A.M. Mix),3:23
758148004717,All Of Us Can Be Rich...,Ec8or,1,A,1,,Cocaine Ducks,
758148004717,All Of Us Can Be Rich...,Ec8or,1,A,2,,I Don't Wanna Be A Part Of This,
758148004717,All Of Us Can Be Rich...,Ec8or,1,A,3,,Notorious 30's,
758148004717,All Of Us Can Be Rich...,Ec8or,1,A,4,,Think About,
758148004717,All Of Us Can Be Rich...,Ec8or,1,B,1,,We Are Pissed,
758148004717,All Of Us Can Be Rich...,Ec8or,1,B,2,,One Track-Minded Fuckheads,
758148004717,All Of Us Can Be Rich...,Ec8or,1,B,3,,Spex Is A Fat Bitch,
758148004717,All Of Us Can Be Rich...,Ec8or,1,B,4,,Victim,
758148004717,All Of Us Can Be Rich...,Ec8or,1,C,1,,Discriminate (Against) The Next Fashion Sucker You Meet -It's A Raver!,
758148004717,All Of Us Can Be Rich...,Ec8or,1,C,2,,Plastic Creatures,
758148004717,All Of Us Can Be Rich...,Ec8or,1,C,3,,Lichterloh,
758148004717,All Of Us Can Be Rich...,Ec8or,1,D,1,,You Will Never Find,
758148004717,All Of Us Can Be Rich...,Ec8or,1,D,2,,All Of Us Can Be Rich,
758148004717,All Of Us Can Be Rich...,Ec8or,1,D,3,,Short Circuit,
19052,It Ain't Gonna Be Me,CJ Bolland,1,A,1,,It Ain't Gonna Be Me,
19052,It Ain't Gonna Be Me,CJ Bolland,1,B,1,,It Ain't Gonna Be Me (Instrumental),
042287384916,Strike To The body,Die Warzau,1,A,1,,Strike To The Body (Lil Louis' Body Blow Mix),7:08
042287384916,Strike To The body,Die Warzau,1,A,2,,Strike To The Body (Ampalang Mix),5:40
042287384916,Strike To The body,Die Warzau,1,A,3,,Strike To The Body (LP Mix),3:47
042287384916,Strike To The body,Die Warzau,1,B,1,,Strike To The Body (Modification Mix),6:20
042287384916,Strike To The body,Die Warzau,1,B,2,,Strike To The Body (Lil Louis' Body Blow Vocal Mix),3:50
042287384916,Strike To The body,Die Warzau,1,B,3,,Jackhammer (Remix),6:13
5021620911625,Dope On Plastic! 5,Various,1,A,1,,Romin feat. Joe Schmoe–Trainspotter,
5021620911625,Dope On Plastic! 5,Various,1,A,2,,Indian Ropeman–Your Own Enemy,
5021620911625,Dope On Plastic! 5,Various,1,B,1,,Mr Dan*–Strange Skies,
5021620911625,Dope On Plastic! 5,Various,1,B,2,,Cyclops 4000–Macro Scope (Voyager Mix),
5021620911625,Dope On Plastic! 5,Various,2,C,1,,Freestylers feat. Tenor Fly–B-Boy Stance,
5021620911625,Dope On Plastic! 5,Various,2,C,2,,Steady G–DJ For Prez,
5021620911625,Dope On Plastic! 5,Various,2,D,1,,Smoke & Mirrors–New York Joint,
5021620911625,Dope On Plastic! 5,Various,2,D,2,,The 45 King–And You Don't Stop,
5021620911625,Dope On Plastic! 5,Various,3,E,1,,"II Tone Committee–The Taking Of The Underground 1,2,3 (Instrumental Version)",
5021620911625,Dope On Plastic! 5,Various,3,E,2,,Lhooq–Losing Hand (Flicker) (McMurdo Sound Uptempo Mix),
5021620911625,Dope On Plastic! 5,Various,3,F,1,,The Capoeira Twins–Pig Lick,
5021620911625,Dope On Plastic! 5,Various,3,F,2,,"Prince Abooboo–1,2,3,4,5,6,7,8",
5021620911625,Dope On Plastic! 5,Various,4,G,1,,Laidback–Breakout,
5021620911625,Dope On Plastic! 5,Various,4,G,2,,Freddy Fresh–1972,
5021620911625,Dope On Plastic! 5,Various,4,H,1,,Bassbin Twins–Between The Fro,
5021620911625,Dope On Plastic! 5,Various,4,H,2,,Mushroomers–Racerbil,
4026002130442,The Beat Of Bagdad,DJ Hunger @ Ground Zero,1,A,1,,The Beat Of Bagdad (Original Maxi Mix),5:05
4026002130442,The Beat Of Bagdad,DJ Hunger @ Ground Zero,1,A,2,,The Beat Of Bagdad (Helicopter Intro In Full Effect),1:05
4026002130442,The Beat Of Bagdad,DJ Hunger @ Ground Zero,1,B,1,,The Beat Of Bagdad (Three O Three Mix),7:33
4026002130442,The Beat Of Bagdad,DJ Hunger @ Ground Zero,1,B,2,,The Beat Of Bagdad (Club Mix),6:21
10107,Everybody Thinks I'm Paranoid,Dr Bone,1,A,1,,I Came Here To Get Ripped,
10107,Everybody Thinks I'm Paranoid,Dr Bone,1,A,2,,Bang,
10107,Everybody Thinks I'm Paranoid,Dr Bone,1,B,1,,Disco Disney,
10107,Everybody Thinks I'm Paranoid,Dr Bone,1,B,2,,Get Poor Quick Scheme,
LP7410062,Hypnotize,DJ Dic,1,A,1,,Hypnotize (Original Mix),
LP7410062,Hypnotize,DJ Dic,1,B,1,,Hypnotize (Procrastination Mix),
LP7410062,Hypnotize,DJ Dic,1,B,2,,Hypnotize (TranceAmental Mix),
641017700516,Sun God,DJ Apache,1,A,1,,Sun God (Melee Deep House Remix),
641017700516,Sun God,DJ Apache,1,B,1,,Sun God (Apache's Hiani River Break Mix),
LP7410063,Acid Flux / Beatbox Anthem,Spiral Mass,1,A,1,,Acid Flux,
LP7410063,Acid Flux / Beatbox Anthem,Spiral Mass,1,A,2,,Flux Beats,
LP7410063,Acid Flux / Beatbox Anthem,Spiral Mass,1,B,1,,Beatbox Anthem,
LP7410063,Acid Flux / Beatbox Anthem,Spiral Mass,1,B,2,,Beatbox,
12607,Can U Feel?,Weapon X,1,A,1,,Can U Feel? (Meta Mix),
12607,Can U Feel?,Weapon X,1,A,2,,Can U Feel? (Armageddon Mix),
12607,Can U Feel?,Weapon X,1,B,1,,Can U Feel? (Maniak Mix),
12607,Can U Feel?,Weapon X,1,B,2,,Hard As Hell,
12607,Can U Feel?,Weapon X,1,B,3,,Rip Da Cut,
LP7410064,Mothership Reconnection (Daft Punk Remix),Scott Grooves,1,A,1,,Mothership Reconnection (Daft Punk Remix),
LP7410064,Mothership Reconnection (Daft Punk Remix),Scott Grooves,1,B,1,,UNKNOWN,
LP7410064,Mothership Reconnection (Daft Punk Remix),Scott Grooves,1,B,2,,UNKNOWN,
098707879111,Simple Man,Wink Featuring The Interpreters,1,A,1,,Simple Man (Original Long Version),5:07
098707879111,Simple Man,Wink Featuring The Interpreters,1,A,2,,Simple Man (Boom Boom Satellites Remix),6:21
098707879111,Simple Man,Wink Featuring The Interpreters,1,A,3,,Simple Man (Gonstermacher Longer Remix),4:05
098707879111,Simple Man,Wink Featuring The Interpreters,1,B,1,,Simple Man (Optical Remix),7:58
098707879111,Simple Man,Wink Featuring The Interpreters,1,B,2,,Simple Man (Allen Placer Mix),8:43
5018615417163,Expand The Room (Disc One),The Light,1,A,1,,Expand The Room (Vocal Mix),8:09
5018615417163,Expand The Room (Disc One),The Light,1,B,1,,Expand The Room (Original Dub),8:26
LP7410065,Green Line Acid,Metro,1,A,1,,Green Line Acid,
LP7410065,Green Line Acid,Metro,1,B,1,,To A Nation Rockin' (Peter Tall Megatrix Mix),
5033197089461,Happiness Happening,Lost Witness,1,A,1,,Happiness Happening (Lange Remix),9:13
5033197089461,Happiness Happening,Lost Witness,1,A,2,,Happiness Happening (Radio Edit),3:30
5033197089461,Happiness Happening,Lost Witness,1,B,1,,Happiness Happening (Dubweizer Dub),6:18
5033197089461,Happiness Happening,Lost Witness,1,B,2,,Happiness Happening (Way Out West Mix),7:28
724383859016,Spin Spin Sugar,Sneaker Pimps,1,A,1,,Spin Spin Sugar (Armand's Dark Garage Mix),9:02
724383859016,Spin Spin Sugar,Sneaker Pimps,1,A,2,,Spin Spin Sugar (LP Version),4:20
724383859016,Spin Spin Sugar,Sneaker Pimps,1,B,1,,Spin Spin Sugar (Farley & Heller's Fire Island Vocal Mix),8:53
724383859016,Spin Spin Sugar,Sneaker Pimps,1,B,2,,Spin Spin Sugar (Phluide's Creeping Vine Mix),5:58
098707841613,Are You There?,Josh Wink,1,A,1,,Are You There... (Original),9:35
098707841613,Are You There?,Josh Wink,1,A,2,,"Are You There..., My Friend (Remix)",4:19
098707841613,Are You There?,Josh Wink,1,A,3,,Are You There... (A Cappella),0:57
098707841613,Are You There?,Josh Wink,1,B,1,,Are You There... (New Mix),6:48
098707841613,Are You There?,Josh Wink,1,B,2,,Are You There... (Original Remix),8:48
5025425504662,"Right Here, Right now",Fat Boy Slim,1,A,1,,"Right Here, Right Now",5:55
5025425504662,"Right Here, Right now",Fat Boy Slim,1,B,1,,Dont Forget Your Teeth,5:38
5025425504662,"Right Here, Right now",Fat Boy Slim,1,B,2,,Praise You (Original Version),6:20
5025425503962,Gangster Trippin,Fat Boy Slim,1,A,1,,Gangster Trippin,
5025425503962,Gangster Trippin,Fat Boy Slim,1,B,1,,The World Went Down,
5025425503962,Gangster Trippin,Fat Boy Slim,1,B,2,,Jack It Up (DJ Delite),
5025425503566,The Rockafeller Skank,Fat Boy Slim,1,A,1,,The Rockafeller Skank,6:53
5025425503566,The Rockafeller Skank,Fat Boy Slim,1,B,1,,Always Read The Label,5:43
5025425503566,The Rockafeller Skank,Fat Boy Slim,1,B,2,,Tweakers Delight,3:08
634904111663,Jump N' Shout,Basement Jaxx,1,A,1,,Jump N' Shout,5:21
634904111663,Jump N' Shout,Basement Jaxx,1,A,2,,I Beg U,8:33
634904111663,Jump N' Shout,Basement Jaxx,1,B,1,,Jump N' Shout (Boo Slinga Dub),8:54
634904110062,Red Alert,Basement Jaxx,1,A,1,,Red Alert (Jaxx Club Mix),6:19
634904110062,Red Alert,Basement Jaxx,1,B,1,,Red Alert (Eric Morillo + Harry Romero Dub),6:33
634904110062,Red Alert,Basement Jaxx,1,B,2,,Red Alert (Steve Gurley Vocal Mix),5:29
075596666404,Lullaby,The Cure,1,A,1,,Lullaby (Extended Remix),7:45
075596666404,Lullaby,The Cure,1,B,1,,Homesick (Live),6:56
075596666404,Lullaby,The Cure,1,B,2,,Untitled (Live),6:31
075596668705,Love Song,The Cure,1,A,1,,Lovesong (Remix),3:24
075596668705,Love Song,The Cure,1,A,2,,Lovesong (Extended Remix),6:15
075596668705,Love Song,The Cure,1,B,1,,2 Late,2:36
075596668705,Love Song,The Cure,1,B,2,,"Fear Of Ghosts	",6:46
075596670906,The Different Story (World Of Lust And Crime) ,Peter Schilling,1,A,1,,The Different Story (World Of Lust And Crime) [Long Version],6:40
075596670906,The Different Story (World Of Lust And Crime) ,Peter Schilling,1,A,2,,The Different Story (World Of Lust And Crime) [LP Version],3:54
075596670906,The Different Story (World Of Lust And Crime) ,Peter Schilling,1,A,3,,The Different Story (World Of Lust And Crime) [Instrumental],3:48
075596662208,Groove Is In The Heart!!!,Deee-Lite,1,A,1,,Groove Is In The Heart (Meeting Of The Minds Mix),5:10
075596662208,Groove Is In The Heart!!!,Deee-Lite,1,A,2,,Groove Is In The Heart (Peanut Butter Radio Mix),3:29
075596662208,Groove Is In The Heart!!!,Deee-Lite,1,A,3,,Groove Is In The Heart (Jelly Jam Beats),2:12
075596662208,Groove Is In The Heart!!!,Deee-Lite,1,B,1,,What Is Love? (Holographic Goatee Mix),4:10
075596662208,Groove Is In The Heart!!!,Deee-Lite,1,B,2,,What Is Love? (Frenchappella),0:58
075596662208,Groove Is In The Heart!!!,Deee-Lite,1,B,3,,What Is Love? (Rainbow Beard Mix),4:02
782124372200,Get Ready To Bounce,Brooklyn Bounce,1,A,1,,Get Ready To Bounce (Club Attack),7:19
782124372200,Get Ready To Bounce,Brooklyn Bounce,1,A,2,,Intro For Audience,1:06
782124372200,Get Ready To Bounce,Brooklyn Bounce,1,B,1,,Feel My Energy,5:49
782124372200,Get Ready To Bounce,Brooklyn Bounce,1,B,2,,Get Ready To Bounce (Funk Attack),6:49
5029345004813,Wide Angle,Hybrid,1,A,1,,Opening Credits,1:18
5029345004813,Wide Angle,Hybrid,1,A,2,,If I Survive,9:41
5029345004813,Wide Angle,Hybrid,1,B,1,,I Know,8:24
5029345004813,Wide Angle,Hybrid,1,B,2,,Beachcoma,6:35
5029345004813,Wide Angle,Hybrid,1,C,1,,Dreaming Your Dreams,7:16
5029345004813,Wide Angle,Hybrid,1,C,2,,Snyper,7:34
5029345004813,Wide Angle,Hybrid,1,D,1,,Theme From Wide Angle,7:04
5029345004813,Wide Angle,Hybrid,1,D,2,,Sinequanon,8:03
5029345004813,Wide Angle,Hybrid,1,E,1,,High Life,7:35
5029345004813,Wide Angle,Hybrid,1,E,2,,Fatal Beating,4:33
5029345004813,Wide Angle,Hybrid,1,F,1,,Finished Symphony,9:33
5029345004813,Wide Angle,Hybrid,1,F,2,,Altitude (Red Square Reprise),2:28
078636289014,Can It Be All So Simple / Wu-Tang Clan Ain't Nuthing Ta F' Wit,Wu-Tang Clan,1,A,1,,Can It Be All So Simple (Radio Edit),4:19
078636289014,Can It Be All So Simple / Wu-Tang Clan Ain't Nuthing Ta F' Wit,Wu-Tang Clan,1,A,2,,Can It Be All So Simple (Album Version),4:43
078636289014,Can It Be All So Simple / Wu-Tang Clan Ain't Nuthing Ta F' Wit,Wu-Tang Clan,1,A,3,,Can It Be All So Simple (Instrumental),5:03
078636289014,Can It Be All So Simple / Wu-Tang Clan Ain't Nuthing Ta F' Wit,Wu-Tang Clan,1,B,1,,Wu-Tang Clan Ain't Nuthing Ta F' Wit (Radio Edit),3:36
078636289014,Can It Be All So Simple / Wu-Tang Clan Ain't Nuthing Ta F' Wit,Wu-Tang Clan,1,B,2,,Wu-Tang Clan Ain't Nuthing Ta F' Wit (Album Version),3:36
078636289014,Can It Be All So Simple / Wu-Tang Clan Ain't Nuthing Ta F' Wit,Wu-Tang Clan,1,B,3,,Wu-Tang Clan Ain't Nuthing Ta F' Wit (Instrumental),3:31
792826906108,Roller Coaster,Tilly Lilly,1,A,1,,Roller Coaster (Original Version),
792826906108,Roller Coaster,Tilly Lilly,1,B,1,,Roller Coaster (The Edge Factor Mix),
792826909000,The Breakbeast / Bambusa,Semi_Detached,1,A,1,,"The Breakbeast	",8:35
792826909000,The Breakbeast / Bambusa,Semi_Detached,1,A,2,,Bambusa,8:42
792817901402,Magic Carpet Ride,The Mighty Dub Kats,1,A,1,,Magic Carpet Ride (Original Version),
792817901402,Magic Carpet Ride,The Mighty Dub Kats,1,A,2,,Magic Carpet Ride (Son Of Wilmot Mix),
792826905200,Wishing On A Star,88.3 Featuring Lisa May,1,A,1,,Wishing On A Star (Urban Shakedown Mix),
792826905200,Wishing On A Star,88.3 Featuring Lisa May,1,A,2,,Wishing On A Star (Urban Shakedown Hard Dub),
792826901103,Acid 4x4,Various,1,A,1,,Planet Love Ink–Living In Pain,6:29
792826901103,Acid 4x4,Various,1,A,2,,Vinyl Countdown–Animal Republic,8:35
792826901103,Acid 4x4,Various,1,B,1,,Burger Industries–Funk The Industry,7:33
792826901103,Acid 4x4,Various,1,B,2,,Brotherhood Of Structure–We Are Structure,5:45
656360901213,Weekend World,E-Z Rollers,1,A,1,,Weekend World,
656360901213,Weekend World,E-Z Rollers,1,B,1,,Movin' On,
656360901213,Weekend World,E-Z Rollers,1,C,1,,Tough At The Top,
656360901213,Weekend World,E-Z Rollers,1,D,1,,Soundclash,
656360901213,Weekend World,E-Z Rollers,1,E,1,,Focus,
656360901213,Weekend World,E-Z Rollers,1,F,1,,Hip To The Game (Remix),
656360901213,Weekend World,E-Z Rollers,1,F,2,,Cop Theme,
656360901213,Weekend World,E-Z Rollers,1,G,1,,Hang On,
656360901213,Weekend World,E-Z Rollers,1,H,1,,Diff Step,
656360901213,Weekend World,E-Z Rollers,1,H,2,,Tribe,
683519100517,Botchit Breaks 2,Various,1,A,1,,"Jason Sparks–	Left To Live For",6:00
683519100517,Botchit Breaks 2,Various,1,A,2,,Si Begg–Invincible,5:06
683519100517,Botchit Breaks 2,Various,1,B,1,,Beber–On The 1,6:01
683519100517,Botchit Breaks 2,Various,1,C,1,,Freq.Nasty–Hydrogenesis,6:21
683519100517,Botchit Breaks 2,Various,1,D,1,,Raw Deal–Headless Horseman Rides Again (BLIM Mix),6:06
683519100517,Botchit Breaks 2,Various,1,E,1,,T-Power–Nomenclature,7:07
683519100517,Botchit Breaks 2,Various,1,F,1,,Cosmic Jerk–Tri-phonic Wheel,5:20
683519100517,Botchit Breaks 2,Various,1,F,2,,Thursday Club–Twisted (Sick Mix),5:40
683519100517,Botchit Breaks 2,Various,1,G,1,,"Tonic & N.G.–	Pheonix",7:38
683519100517,Botchit Breaks 2,Various,1,H,1,,McMillan & B.L.I.M.–Formulae,7:10
683519100517,Botchit Breaks 2,Various,1,H,2,,Stone Drive–Visions & Prophecies,4:21
769712009618,Inner City Life (The Remixes),Goldie vs. Rabbit In The Moon,1,A,1,,Inner City Life (Rabbit In The Moon's Vocalic City),11:20
769712009618,Inner City Life (The Remixes),Goldie vs. Rabbit In The Moon,1,A,2,,Inner City Life (Rabbit In The Moon's Escape From Vocalic City),7:58
769712009618,Inner City Life (The Remixes),Goldie vs. Rabbit In The Moon,1,A,3,,Inner City Life (Rabbit In The Moon's Return To Vocalic City),7:06
5024545070361,Like No Other (Remixes),Arthur Baker Vs Rennie Pilgrem,1,A,1,,Like No Other (Rennie Pilgrem Mix Pt 1),
5024545070361,Like No Other (Remixes),Arthur Baker Vs Rennie Pilgrem,1,A,2,,Like No Other (Rennie Pilgrem Mix Pt 2),
792826905903,The Dark House Project,DJ Inx,1,A,1,,Wax Trip (Roofie Side),
792826905903,The Dark House Project,DJ Inx,1,B,1,,Wax Trip (Dark Side),
5029345004967,If I Survive,Hybrid Feature Julee Cruise,1,A,1,,"If I Survive (Original)	",6:11
5029345004967,If I Survive,Hybrid Feature Julee Cruise,1,A,2,,If I Survive (Beber's Boleyn 'West Stand' Mix),5:29
5029345004967,If I Survive,Hybrid Feature Julee Cruise,1,B,1,,If I Survive (Hybrid's Echoplex Mix),7:43
5018615417132,Epand The Room,The Light,1,A,1,,Expand The Room (4 Storeys High Mix),
5018615417132,Epand The Room,The Light,1,A,2,,Expand The Room (Rennie Pilgrem Mix),
5029345004950,If I Survive,Hybrid Featuring Julee Cruise,1,A,1,,If I Survive (Way Out West Mix),7:24
5029345004950,If I Survive,Hybrid Featuring Julee Cruise,1,B,1,,If I Survive (Way Out West Dub),6:50
5029345004950,If I Survive,Hybrid Featuring Julee Cruise,1,B,2,,If I Survive (Interfearance Dub),6:37
077771550812,Love On Top Of Love (Killer Kiss),Grace Jones,1,A,1,,Love On Top Of Love (Killer Kiss) (The Funky Dred Club Mix),6:21
077771550812,Love On Top Of Love (Killer Kiss),Grace Jones,1,A,2,,Love On Top Of Love (Killer Kiss) (The Funky Dred Dub Mix),6:26
077771550812,Love On Top Of Love (Killer Kiss),Grace Jones,1,B,1,,Love On Top Of Love (Killer Kiss) (Grace's Swing Mix),7:32
077771550812,Love On Top Of Love (Killer Kiss),Grace Jones,1,B,2,,Love On Top Of Love (Killer Kiss) (The Cole & Clivilles Garage House Mix),7:45
075679648204,Get A Life,Soul II Soul,1,A,1,,"Get A Life (12"" Mix)",4:48
075679648204,Get A Life,Soul II Soul,1,A,2,,Get A Life (Bonus Beats),3:46
075679648204,Get A Life,Soul II Soul,1,B,1,,"Get A Life (Club Mix)	",4:28
075679648204,Get A Life,Soul II Soul,1,B,2,,"Fairplay (12"" Mix)",5:55
078221992916,All Around The World,Lisa Stansfield,1,A,1,,All Around The World (Long Version),7:02
078221992916,All Around The World,Lisa Stansfield,1,B,1,,All Around The World (American Club Remix),11:48
078221992916,All Around The World,Lisa Stansfield,1,B,2,,Affection,5:50
049925017410,Snoop Dogg / Lay Low / Wrong Idea,Snoop Dog,1,A,1,,Snoop Dogg (What's My Name Pt. 2),4:03
049925017410,Snoop Dogg / Lay Low / Wrong Idea,Snoop Dog,1,A,2,,Lay Low,3:42
049925017410,Snoop Dogg / Lay Low / Wrong Idea,Snoop Dog,1,A,3,,Wrong Idea,4:14
049925017410,Snoop Dogg / Lay Low / Wrong Idea,Snoop Dog,1,B,1,,Snoop Dogg (What's My Name Pt. 2) (Instrumental),4:12
049925017410,Snoop Dogg / Lay Low / Wrong Idea,Snoop Dog,1,B,2,,Lay Low (Instrumental),3:45
049925017410,Snoop Dogg / Lay Low / Wrong Idea,Snoop Dog,1,B,3,,Wrong Idea (Instrumental),4:17
785688846514,Phuture 2000 (The U.S. Remixes),Carl Cox,1,A,1,,Phuture 2000 (Hybrid Remix),
785688846514,Phuture 2000 (The U.S. Remixes),Carl Cox,1,A,2,,"Phuture 2000 (Richard ""Humpty"" Vission Visits The Dome)",
785688846514,Phuture 2000 (The U.S. Remixes),Carl Cox,1,B,1,,Phuture 2000 (DJ Dan Remix),
785688846514,Phuture 2000 (The U.S. Remixes),Carl Cox,1,B,2,,Phuture 2000 (Deepsky Remix),
075678643606,That Smiling Face,Camouflage,1,A,1,,That Smiling Face (Justin Strauss Remix),7:21
075678643606,That Smiling Face,Camouflage,1,A,2,,That Smiling Face (LP Version),4:47
075678643606,That Smiling Face,Camouflage,1,B,1,,That Smiling Face (German Band Version),6:013
075678643606,That Smiling Face,Camouflage,1,B,2,,Every Now And Then,4:30
LP7410066,Tea For The Tillerman,Cat Stevens,1,A,1,,Where Do The Children Play?,3:48
LP7410066,Tea For The Tillerman,Cat Stevens,1,A,2,,Hard Headed Woman,3:42
LP7410066,Tea For The Tillerman,Cat Stevens,1,A,3,,Wild World,3:15
LP7410066,Tea For The Tillerman,Cat Stevens,1,A,4,,Sad Lisa,3:39
LP7410066,Tea For The Tillerman,Cat Stevens,1,A,5,,Miles From Nowhere,3:30
LP7410066,Tea For The Tillerman,Cat Stevens,1,B,1,,But I Might Die Tonight,1:51
LP7410066,Tea For The Tillerman,Cat Stevens,1,B,2,,Longer Boats,3:07
LP7410066,Tea For The Tillerman,Cat Stevens,1,B,3,,Into White,3:23
LP7410066,Tea For The Tillerman,Cat Stevens,1,B,4,,On The Road To Find Out,5:07
LP7410066,Tea For The Tillerman,Cat Stevens,1,B,5,,Father & Son,3:36
LP7410066,Tea For The Tillerman,Cat Stevens,1,B,6,,Tea For The Tillerman,1:00
042287784310,I'm Free,The Soup Dragons,1,A,1,,I'm Free (Long Version),8:05
042287784310,I'm Free,The Soup Dragons,1,A,2,,"I'm Free (7"" Version)",3:50
042287784310,I'm Free,The Soup Dragons,1,B,1,,I'm Free (Terry Farley Boys Own Remix),5:38
042287784310,I'm Free,The Soup Dragons,1,B,2,,Lovegod (Dub),6:25
075678647406,The Great Commandment,Camouflage,1,A,1,,The Great Commandment (Justin Strauss Remix),7:18
075678647406,The Great Commandment,Camouflage,1,A,2,,The Great Commandment (Just Right Dub),5:35
075678647406,The Great Commandment,Camouflage,1,A,3,,"The Great Commandment (Original 7"" Single)",3:12
075678647406,The Great Commandment,Camouflage,1,B,1,,The Great Commandment (Acid Commandment Vocal),6:44
075678647406,The Great Commandment,Camouflage,1,B,2,,"The Great Commandment (Great Commandment Luongo Mix 12"")",6:10
075678646706,I Beg Your Pardon,Kon Kan,1,A,1,,I Beg Your Pardon (Club Mix),6:39
075678646706,I Beg Your Pardon,Kon Kan,1,A,2,,I Beg Your Pardon (Radio Mix),3:59
075678646706,I Beg Your Pardon,Kon Kan,1,B,1,,I Beg Your Pardon (I Beg Your House),5:16
075678646706,I Beg Your Pardon,Kon Kan,1,B,2,,I Beg Your Pardon (Instrumental),5:42
078636690513,Wu-Tang Forever,Wu-Tang Clan,1,A,1,,Wu-Revolution,6:17
078636690513,Wu-Tang Forever,Wu-Tang Clan,1,A,2,,Reunited,5:23
078636690513,Wu-Tang Forever,Wu-Tang Clan,1,B,1,,For Heavens Sake,4:13
078636690513,Wu-Tang Forever,Wu-Tang Clan,1,B,2,,Cash Still Rules / Scary Hours (Still Don't Nothing Move But The Money),3:06
078636690513,Wu-Tang Forever,Wu-Tang Clan,1,B,3,,Visionz,3:09
078636690513,Wu-Tang Forever,Wu-Tang Clan,1,C,1,,As High As Wu-Tang Get,2:39
078636690513,Wu-Tang Forever,Wu-Tang Clan,1,C,2,,Severe Punishment,4:49
078636690513,Wu-Tang Forever,Wu-Tang Clan,1,C,3,,Older Gods,3:07
078636690513,Wu-Tang Forever,Wu-Tang Clan,1,D,1,,Maria,2:34
078636690513,Wu-Tang Forever,Wu-Tang Clan,1,D,2,,A Better Tomorrow,4:58
078636690513,Wu-Tang Forever,Wu-Tang Clan,1,D,3,,It's Yourz,4:15
078636690513,Wu-Tang Forever,Wu-Tang Clan,1,E,1,,Intro,2:05
078636690513,Wu-Tang Forever,Wu-Tang Clan,1,E,2,,Triump,5:38
078636690513,Wu-Tang Forever,Wu-Tang Clan,1,E,3,,Impossible,4:28
078636690513,Wu-Tang Forever,Wu-Tang Clan,1,E,4,,Little Ghetto Boys,4:31
078636690513,Wu-Tang Forever,Wu-Tang Clan,1,F,1,,Deadly Melody,4:03
078636690513,Wu-Tang Forever,Wu-Tang Clan,1,F,2,,The City,4:07
078636690513,Wu-Tang Forever,Wu-Tang Clan,1,F,3,,The Projects,3:15
078636690513,Wu-Tang Forever,Wu-Tang Clan,1,F,4,,Bells Of War,5:12
078636690513,Wu-Tang Forever,Wu-Tang Clan,1,G,1,,The M.G.M.,2:39
078636690513,Wu-Tang Forever,Wu-Tang Clan,1,G,2,,Dog Sh*t,2:39
078636690513,Wu-Tang Forever,Wu-Tang Clan,1,G,3,,Duck Seazon,5:20
078636690513,Wu-Tang Forever,Wu-Tang Clan,1,G,4,,Hellz Wind Staff,4:52
078636690513,Wu-Tang Forever,Wu-Tang Clan,1,H,1,,Heaterz,4:19
078636690513,Wu-Tang Forever,Wu-Tang Clan,1,H,2,,Black Shampoo,3:50
078636690513,Wu-Tang Forever,Wu-Tang Clan,1,H,3,,Second Coming,4:35
078636690513,Wu-Tang Forever,Wu-Tang Clan,1,H,4,,The Closing,2:43
5033197098067,King of Snake,Undreworld,1,A,1,,King Of Snake (Rick's Bungalow Remix),
5033197098067,King of Snake,Undreworld,1,B,1,,King Of Snake (Dave Clarke Remix),
5038378000051,Run,Ecano,1,A,1,,Run (Original Mix),
5038378000051,Run,Ecano,1,A,2,,Run (Z2 Mix),
5037082000333, Carla's Theme / Outlander,Transa,1,A,1,,Carla's Theme,8:21
5037082000333, Carla's Theme / Outlander,Transa,1,B,1,,Outlander,
724388695565,I Believe,Lang,1,A,1,,I Believe (Lange Mix),7:59
724388695565,I Believe,Lang,1,B,1,,I Believe (DJ Tandu Remix),8:37
053572504612,A Tast of Armageddon,Industrial Bass Machine,1,A,1,,Invisible Force,5:42
053572504612,A Tast of Armageddon,Industrial Bass Machine,1,A,2,,The Voice Of World Control,8:27
053572504612,A Tast of Armageddon,Industrial Bass Machine,1,B,1,,Robot Stampede,5:10
053572504612,A Tast of Armageddon,Industrial Bass Machine,1,B,2,,Enter The Matrix,7:04
5037082000326,The Way You Like It,Frankie Bones,1,A,1,,The Way U Like It,
5037082000326,The Way You Like It,Frankie Bones,1,A,2,,Trashy Tweak,
5037082000326,The Way You Like It,Frankie Bones,1,B,1,,I Do Forgive You,
5037082000326,The Way You Like It,Frankie Bones,1,B,2,,The Way U Like It (Morpheus Productions Remix),
748337112019,Chemical Reaction,Various,1,A,1,,Primal Scream–Jailbird (Chemical Brothers Remix),5:38
748337112019,Chemical Reaction,Various,1,A,2,,Aphrodite–Aphromoods,5:15
748337112019,Chemical Reaction,Various,1,B,1,,St. Etienne–Filthy (Monkey Mafia Mix),5:56
748337112019,Chemical Reaction,Various,1,B,2,,St. Etienne–Like A Motorway (Chemical Brothers Mix),9:13
5014524103869,Why Go?,Faithless,1,B,1,,Why Go? (Ferry Corsten Remix),
5014524103869,Why Go?,Faithless,1,A,2,,If Lovin' You Is Wrong (Mighty Mix),
769712010218,Sugar Is Sweeter,CJ Bolland,1,A,1,,Sugar Is Sweeter (Original Mix),5:01
769712010218,Sugar Is Sweeter,CJ Bolland,1,A,2,,Sugar Is Sweeter (Monkey Mafia Mix),5:56
769712010218,Sugar Is Sweeter,CJ Bolland,1,A,3,,Sugar Is Sweeter,3:12
769712010218,Sugar Is Sweeter,CJ Bolland,1,B,1,,Sugar Is Sweeter (Armand's Drum And Bass Mix),8:33
769712010218,Sugar Is Sweeter,CJ Bolland,1,B,2,,Sugar Is Sweeter (Insuline Injection Mix),6:14
075021217003, Rock Me Amadeus (The American Edit),Falco,1,A,1,,Rock Me Amadeus (The American Edit),6:10
075021217003, Rock Me Amadeus (The American Edit),Falco,1,B,1,,Vienna Calling (The Metternich Arrival-Mix),7:38
075021217003, Rock Me Amadeus (The American Edit),Falco,1,B,2,,"Vienna Calling (The ""Vienna Girls"" Sax Mix Max)",4:59
700177712316,Crack Attack,The Wichdoctor,1,A,1,,Crack Traxx,4:53
700177712316,Crack Attack,The Wichdoctor,1,B,1,,Fuse Crack Edit,5:47
700177712316,Crack Attack,The Wichdoctor,1,B,2,,Crack Attack (504 Mix),5:57
LP7410067,Full Metal Hell,Clash Of The Titans,1,A,1,,Full Metal Hell,
LP7410067,Full Metal Hell,Clash Of The Titans,1,B,1,,Fuk My Ass,
LP7410067,Full Metal Hell,Clash Of The Titans,1,B,2,,Playing With The Trigger (X-Calibur Dub),
5021732401311,Viva Diablo Blanco Free Style Beats Volume One,Various,1,A,1,,Apollo Four Forty*–Ain't Talkin' 'Bout Dub (Nok Hop Remix),6:18
5021732401311,Viva Diablo Blanco Free Style Beats Volume One,Various,1,A,2,,Fatboy Slim–Song For Lindy,4:47
5021732401311,Viva Diablo Blanco Free Style Beats Volume One,Various,1,A,3,,Supercharger–Airport,4:59
5021732401311,Viva Diablo Blanco Free Style Beats Volume One,Various,1,A,4,,Philadelphia Bluntz–Shakey Shakey (Thursday Club Remix),5:42
5021732401311,Viva Diablo Blanco Free Style Beats Volume One,Various,1,B,1,,The Egg–Bend (Fila Brazillia Remix),7:40
5021732401311,Viva Diablo Blanco Free Style Beats Volume One,Various,1,B,2,,Grantby–Timber,7:39
5021732401311,Viva Diablo Blanco Free Style Beats Volume One,Various,1,B,3,,Runaways–Finders Kreepers,4:26
5021732401311,Viva Diablo Blanco Free Style Beats Volume One,Various,1,C,1,,The Aloof–One Night Stand (Album Mix),8:57
5021732401311,Viva Diablo Blanco Free Style Beats Volume One,Various,1,C,2,,Arkarna–Who Do You Trust?,6:09
5021732401311,Viva Diablo Blanco Free Style Beats Volume One,Various,1,C,3,,Omar Santana–Temple Of Boom,5:24
5021732401311,Viva Diablo Blanco Free Style Beats Volume One,Various,1,D,1,,808 State–Lopez (Hard On),6:44
5021732401311,Viva Diablo Blanco Free Style Beats Volume One,Various,1,D,2,,Morcheeba–The Music That We Hear (Moog Island),6:04
5021732401311,Viva Diablo Blanco Free Style Beats Volume One,Various,1,D,3,,The Art Of Noise–Something Always Happens Radio Edit (Doc Scott Mix),3:39
5024545137033,Technology / Big Game Hunger,Evil Nine,1,A,1,,Technology,
5024545137033,Technology / Big Game Hunger,Evil Nine,1,B,1,,Big Game Hunter,
5024545061468,Capricorn,9 Nickle ,1,A,1,,Capricorn,
5024545061468,Capricorn,9 Nickle ,1,B,1,,Rhythm Is Everything,
743213982915,The Beat Is Over,Basco,1,A,1,,The Beat Is Over (Original Mix),
743213982915,The Beat Is Over,Basco,1,B,1,,The Beat Is Over (Sure Is Pure Dub),
743213982915,The Beat Is Over,Basco,1,B,2,,The Beat Is Over (Sure Is Pure Mix),
820997800717,Grunge 3/Mass Hysteria (The Remixes),BC,1,A,1,,Grunge 3 (Dieselboy + Kaos + Karl K Remix),6:14
820997800717,Grunge 3/Mass Hysteria (The Remixes),BC,1,B,1,,Mass Hysteria (Hive Remix),7:04
683519402260,Boomin' Back Atcha,Freq Nasty Featuring Phoebe One,1,A,1,,Boomin' Back Atcha (FreQ Nasty's Nu-Skool Mix),
683519402260,Boomin' Back Atcha,Freq Nasty Featuring Phoebe One,1,B,1,,Boomin' Back Atcha (Hybrid's 'Music To Plough Fields To' Mix),
724389529968,I Got 5 On it (Urban Takeover Remix),Luniz,1,A,1,,I Got 5 On It (Urban Takeover Remix),7:05
724389529968,I Got 5 On it (Urban Takeover Remix),Luniz,1,B,1,,I Got 5 On It (Aphrodite's Original Dub Plate),6:41
5024545112764,Black Widow,Uberzone And Rennie Pilgrem,1,A,1,,Black Widow (Original Mix),
5024545112764,Black Widow,Uberzone And Rennie Pilgrem,1,B,1,,Black Widow (Uberzone Mix),
5024545112764,Black Widow,Uberzone And Rennie Pilgrem,1,B,2,,Black Widow (Rennie Pilgrem Mix),
769712410513,Tricky Presents Grassroots,Tricky,1,A,1,,"The Hillfiguzes-Heaven, Youth Hell",3:42
769712410513,Tricky Presents Grassroots,Tricky,1,A,2,,Tricky–Tricky Kid,4:11
769712410513,Tricky Presents Grassroots,Tricky,1,A,3,,Tricky & Laveda Davis–Devils Helper,4:30
769712410513,Tricky Presents Grassroots,Tricky,1,B,1,,Stephanie Cooke–Live W/ Yo Self,3:37
769712410513,Tricky Presents Grassroots,Tricky,1,B,2,,Tricky & Roberto Malary Jr–Grass Roots,3:49
787947403711,Xeo-Genetic,Aux 88,1,A,1,,Electric Light,
787947403711,Xeo-Genetic,Aux 88,1,A,2,,I Need To Find Myself,
787947403711,Xeo-Genetic,Aux 88,1,B,1,,Don't Stop It,
787947403711,Xeo-Genetic,Aux 88,1,B,2,,Xeo-Genetic,
787947403711,Xeo-Genetic,Aux 88,1,C,1,,I Hear Rhythms,
787947403711,Xeo-Genetic,Aux 88,1,C,2,,Rise Of The Phoenix,
787947403711,Xeo-Genetic,Aux 88,1,D,1,,Synthesizers,
787947403711,Xeo-Genetic,Aux 88,1,D,2,,Radio Waves,
5024545146301,TCR50.2,Various,1,A,1,,Rennie Pilgrem & Arthur Baker–Dancing In My Hed,
5024545146301,TCR50.2,Various,1,B,1,,Dub Marines–What I Got (70mm Mix),
5024545146301,TCR50.2,Various,1,C,1,,2 Sinners–Ubooskiboo,
5024545146301,TCR50.2,Various,1,D,1,,Ellis Dee & Syrus–How You Want It,
5029684013767,Future Sound Of Retro,Lee Combs,1,A,1,,Future Sound Of Retro,
5029684013767,Future Sound Of Retro,Lee Combs,1,B,1,,Air Guitar II,
5024545086768,Hip Hop Phenomenon,Tsunami One + BT,1,A,1,,Hip Hop Phenomenon (Original),
758148003918,Not Your Business,Atari Teenage Riot,1,A,1,,Not Your Business!,
758148003918,Not Your Business,Atari Teenage Riot,1,A,2,,Atari Teenage Riot,
758148003918,Not Your Business,Atari Teenage Riot,1,B,1,,Into The Death,
758148003918,Not Your Business,Atari Teenage Riot,1,B,2,,Raverbashing,
758148003918,Not Your Business,Atari Teenage Riot,1,B,3,,Midijunkies (Gonna Fuck You Up!),
731457822111,Higher State of Consciousness (The Remixes),Josh Wink,1,A,1,,Higher State Of Consciousness (Original Tweekin' Acid Funk Mix),6:15
731457822111,Higher State of Consciousness (The Remixes),Josh Wink,1,A,2,,Higher State Of Consciousness (Jules And Skins Long Epic Mix),6:33
731457822111,Higher State of Consciousness (The Remixes),Josh Wink,1,B,1,,Higher State Of Consciousness (Dex And Jonesey's Higher Stated Mix),6:41
731457822111,Higher State of Consciousness (The Remixes),Josh Wink,1,B,2,,Higher State Of Consciousness (Mr Spring's Maggott Mix),7:20
053993127513,Break Beats - Drums Of Passion Vol. 4,Alterations,1,A,1,,107 BPM,
053993127513,Break Beats - Drums Of Passion Vol. 4,Alterations,1,A,2,,108 BPM,
053993127513,Break Beats - Drums Of Passion Vol. 4,Alterations,1,A,3,,106 BPM,
053993127513,Break Beats - Drums Of Passion Vol. 4,Alterations,1,A,4,,128 BPM,
053993127513,Break Beats - Drums Of Passion Vol. 4,Alterations,1,A,5,,107 BPM,
053993127513,Break Beats - Drums Of Passion Vol. 4,Alterations,1,A,6,,136 BPM,
053993127513,Break Beats - Drums Of Passion Vol. 4,Alterations,1,A,7,,117 BPM,
053993127513,Break Beats - Drums Of Passion Vol. 4,Alterations,1,A,8,,127 BPM,
053993127513,Break Beats - Drums Of Passion Vol. 4,Alterations,1,A,9,,119 BPM,
053993127513,Break Beats - Drums Of Passion Vol. 4,Alterations,1,A,10,,96 BPM,
053993127513,Break Beats - Drums Of Passion Vol. 4,Alterations,1,A,11,,125 BPM,
053993127513,Break Beats - Drums Of Passion Vol. 4,Alterations,1,A,12,,115 BPM,
053993127513,Break Beats - Drums Of Passion Vol. 4,Alterations,1,A,13,,125 BPM,
053993127513,Break Beats - Drums Of Passion Vol. 4,Alterations,1,A,14,,120 BPM,
053993127513,Break Beats - Drums Of Passion Vol. 4,Alterations,1,A,15,,133 BPM,
053993127513,Break Beats - Drums Of Passion Vol. 4,Alterations,1,B,1,,121 BPM,
053993127513,Break Beats - Drums Of Passion Vol. 4,Alterations,1,B,2,,109 BPM,
053993127513,Break Beats - Drums Of Passion Vol. 4,Alterations,1,B,3,,86 BPM,
053993127513,Break Beats - Drums Of Passion Vol. 4,Alterations,1,B,4,,120 BPM,
053993127513,Break Beats - Drums Of Passion Vol. 4,Alterations,1,B,5,,99 BPM,
053993127513,Break Beats - Drums Of Passion Vol. 4,Alterations,1,B,6,,94 BPM,
053993127513,Break Beats - Drums Of Passion Vol. 4,Alterations,1,B,7,,146 BPM,
053993127513,Break Beats - Drums Of Passion Vol. 4,Alterations,1,B,8,,97 BPM,
053993127513,Break Beats - Drums Of Passion Vol. 4,Alterations,1,B,9,,123 BPM,
053993127513,Break Beats - Drums Of Passion Vol. 4,Alterations,1,B,10,,107 BPM,
053993127513,Break Beats - Drums Of Passion Vol. 4,Alterations,1,B,11,,128 BPM,
053993127513,Break Beats - Drums Of Passion Vol. 4,Alterations,1,B,12,,136 BPM,
053993127513,Break Beats - Drums Of Passion Vol. 4,Alterations,1,B,13,,114 BPM,
053993127513,Break Beats - Drums Of Passion Vol. 4,Alterations,1,B,14,,110 BPM,
053993127513,Break Beats - Drums Of Passion Vol. 4,Alterations,1,B,15,,97 BPM,
724383858217,6 Underground,Sneaker Pimps,1,A,1,,6 Underground (Bluebottle Mix),8:36
724383858217,6 Underground,Sneaker Pimps,1,A,2,,6 Underground (LP Version),4:05
724383858217,6 Underground,Sneaker Pimps,1,B,1,,6 Underground (Rewire Mix),8:14
724383858217,6 Underground,Sneaker Pimps,1,B,2,,6 Underground (Hunch Mix,8:08
